文件名,思维链ID,catalog,show_name,测试数据内容,测试维度,子维度,测试数据编号,匹配数量,arm匹配数量,x86匹配数量,ds_arm_1763465633,ds_arm_1763473579,ds_arm_1763481480,ds_arm_1763489334,ds_arm_1763497259,ds_arm_1763505166,ds_arm_1763513051,ds_arm_1763520920,ds_arm_1763528836,ds_x86_1763465597,ds_x86_1763471092,ds_x86_1763476565,ds_x86_1763482028,ds_x86_1763487471,ds_x86_1763492916,ds_x86_1763498413,ds_x86_1763503903,ds_x86_1763509373
control_ds.csv,11,control,APC控制方案优化与设备稳定性提升流程,如何通过APC提高气化炉运行平稳性，降低操作频次,场景与功能全覆盖,直接复用语料,2011/1/1,18,9,9,APC控制方案优化与设备稳定性提升流程,APC控制方案优化与设备稳定性提升流程,APC控制方案优化与设备稳定性提升流程,APC控制方案优化与设备稳定性提升流程,APC控制方案优化与设备稳定性提升流程,APC控制方案优化与设备稳定性提升流程,APC控制方案优化与设备稳定性提升流程,APC控制方案优化与设备稳定性提升流程,APC控制方案优化与设备稳定性提升流程,APC控制方案优化与设备稳定性提升流程,APC控制方案优化与设备稳定性提升流程,APC控制方案优化与设备稳定性提升流程,APC控制方案优化与设备稳定性提升流程,APC控制方案优化与设备稳定性提升流程,APC控制方案优化与设备稳定性提升流程,APC控制方案优化与设备稳定性提升流程,APC控制方案优化与设备稳定性提升流程,APC控制方案优化与设备稳定性提升流程
control_ds.csv,11,control,APC控制方案优化与设备稳定性提升流程,针对电解槽槽温等关键指标波动，如何进一步提高运行平稳性，降低操作频次,场景与功能全覆盖,直接复用语料,2011/1/2,18,9,9,APC控制方案优化与设备稳定性提升流程,APC控制方案优化与设备稳定性提升流程,APC控制方案优化与设备稳定性提升流程,APC控制方案优化与设备稳定性提升流程,APC控制方案优化与设备稳定性提升流程,APC控制方案优化与设备稳定性提升流程,APC控制方案优化与设备稳定性提升流程,APC控制方案优化与设备稳定性提升流程,APC控制方案优化与设备稳定性提升流程,APC控制方案优化与设备稳定性提升流程,APC控制方案优化与设备稳定性提升流程,APC控制方案优化与设备稳定性提升流程,APC控制方案优化与设备稳定性提升流程,APC控制方案优化与设备稳定性提升流程,APC控制方案优化与设备稳定性提升流程,APC控制方案优化与设备稳定性提升流程,APC控制方案优化与设备稳定性提升流程,APC控制方案优化与设备稳定性提升流程
control_ds.csv,11,control,APC控制方案优化与设备稳定性提升流程,常减压装置常压塔温度波动大，操作频次高，如何优化控制以提升运行平稳性,场景与功能全覆盖,直接复用语料,2011/1/3,18,9,9,APC控制方案优化与设备稳定性提升流程,APC控制方案优化与设备稳定性提升流程,APC控制方案优化与设备稳定性提升流程,APC控制方案优化与设备稳定性提升流程,APC控制方案优化与设备稳定性提升流程,APC控制方案优化与设备稳定性提升流程,APC控制方案优化与设备稳定性提升流程,APC控制方案优化与设备稳定性提升流程,APC控制方案优化与设备稳定性提升流程,APC控制方案优化与设备稳定性提升流程,APC控制方案优化与设备稳定性提升流程,APC控制方案优化与设备稳定性提升流程,APC控制方案优化与设备稳定性提升流程,APC控制方案优化与设备稳定性提升流程,APC控制方案优化与设备稳定性提升流程,APC控制方案优化与设备稳定性提升流程,APC控制方案优化与设备稳定性提升流程,APC控制方案优化与设备稳定性提升流程
control_ds.csv,11,control,APC控制方案优化与设备稳定性提升流程,乙烯装置乙烯塔温度波动大，操作频次高，如何优化控制方案，提升运行平稳性,场景与功能全覆盖,直接复用语料,2011/1/4,18,9,9,APC控制方案优化与设备稳定性提升流程,APC控制方案优化与设备稳定性提升流程,APC控制方案优化与设备稳定性提升流程,APC控制方案优化与设备稳定性提升流程,APC控制方案优化与设备稳定性提升流程,APC控制方案优化与设备稳定性提升流程,APC控制方案优化与设备稳定性提升流程,APC控制方案优化与设备稳定性提升流程,APC控制方案优化与设备稳定性提升流程,APC控制方案优化与设备稳定性提升流程,APC控制方案优化与设备稳定性提升流程,APC控制方案优化与设备稳定性提升流程,APC控制方案优化与设备稳定性提升流程,APC控制方案优化与设备稳定性提升流程,APC控制方案优化与设备稳定性提升流程,APC控制方案优化与设备稳定性提升流程,APC控制方案优化与设备稳定性提升流程,APC控制方案优化与设备稳定性提升流程
control_ds.csv,11,control,APC控制方案优化与设备稳定性提升流程,重整装置分馏塔温度波动大，操作频次高，如何优化控制方案，提升运行平稳性,场景与功能全覆盖,直接复用语料,2011/1/5,18,9,9,APC控制方案优化与设备稳定性提升流程,APC控制方案优化与设备稳定性提升流程,APC控制方案优化与设备稳定性提升流程,APC控制方案优化与设备稳定性提升流程,APC控制方案优化与设备稳定性提升流程,APC控制方案优化与设备稳定性提升流程,APC控制方案优化与设备稳定性提升流程,APC控制方案优化与设备稳定性提升流程,APC控制方案优化与设备稳定性提升流程,APC控制方案优化与设备稳定性提升流程,APC控制方案优化与设备稳定性提升流程,APC控制方案优化与设备稳定性提升流程,APC控制方案优化与设备稳定性提升流程,APC控制方案优化与设备稳定性提升流程,APC控制方案优化与设备稳定性提升流程,APC控制方案优化与设备稳定性提升流程,APC控制方案优化与设备稳定性提升流程,APC控制方案优化与设备稳定性提升流程
control_ds.csv,11,control,APC控制方案优化与设备稳定性提升流程,执行APC控制方案优化，提升气化炉运行平稳性并降低操作频次,输入表述形态多样性,专业规范表述,2011/2/1,18,9,9,APC控制方案优化与设备稳定性提升流程,APC控制方案优化与设备稳定性提升流程,APC控制方案优化与设备稳定性提升流程,APC控制方案优化与设备稳定性提升流程,APC控制方案优化与设备稳定性提升流程,APC控制方案优化与设备稳定性提升流程,APC控制方案优化与设备稳定性提升流程,APC控制方案优化与设备稳定性提升流程,APC控制方案优化与设备稳定性提升流程,APC控制方案优化与设备稳定性提升流程,APC控制方案优化与设备稳定性提升流程,APC控制方案优化与设备稳定性提升流程,APC控制方案优化与设备稳定性提升流程,APC控制方案优化与设备稳定性提升流程,APC控制方案优化与设备稳定性提升流程,APC控制方案优化与设备稳定性提升流程,APC控制方案优化与设备稳定性提升流程,APC控制方案优化与设备稳定性提升流程
control_ds.csv,11,control,APC控制方案优化与设备稳定性提升流程,电解槽槽温等关键指标波动控制优化，通过APC提高运行平稳性,输入表述形态多样性,专业规范表述,2011/2/2,18,9,9,APC控制方案优化与设备稳定性提升流程,APC控制方案优化与设备稳定性提升流程,APC控制方案优化与设备稳定性提升流程,APC控制方案优化与设备稳定性提升流程,APC控制方案优化与设备稳定性提升流程,APC控制方案优化与设备稳定性提升流程,APC控制方案优化与设备稳定性提升流程,APC控制方案优化与设备稳定性提升流程,APC控制方案优化与设备稳定性提升流程,APC控制方案优化与设备稳定性提升流程,APC控制方案优化与设备稳定性提升流程,APC控制方案优化与设备稳定性提升流程,APC控制方案优化与设备稳定性提升流程,APC控制方案优化与设备稳定性提升流程,APC控制方案优化与设备稳定性提升流程,APC控制方案优化与设备稳定性提升流程,APC控制方案优化与设备稳定性提升流程,APC控制方案优化与设备稳定性提升流程
control_ds.csv,11,control,APC控制方案优化与设备稳定性提升流程,常减压装置常压塔温度波动APC控制优化方案设计,输入表述形态多样性,专业规范表述,2011/2/3,18,9,9,APC控制方案优化与设备稳定性提升流程,APC控制方案优化与设备稳定性提升流程,APC控制方案优化与设备稳定性提升流程,APC控制方案优化与设备稳定性提升流程,APC控制方案优化与设备稳定性提升流程,APC控制方案优化与设备稳定性提升流程,APC控制方案优化与设备稳定性提升流程,APC控制方案优化与设备稳定性提升流程,APC控制方案优化与设备稳定性提升流程,APC控制方案优化与设备稳定性提升流程,APC控制方案优化与设备稳定性提升流程,APC控制方案优化与设备稳定性提升流程,APC控制方案优化与设备稳定性提升流程,APC控制方案优化与设备稳定性提升流程,APC控制方案优化与设备稳定性提升流程,APC控制方案优化与设备稳定性提升流程,APC控制方案优化与设备稳定性提升流程,APC控制方案优化与设备稳定性提升流程
control_ds.csv,11,control,APC控制方案优化与设备稳定性提升流程,乙烯装置乙烯塔温度APC控制优化，提升运行平稳性,输入表述形态多样性,专业规范表述,2011/2/4,18,9,9,APC控制方案优化与设备稳定性提升流程,APC控制方案优化与设备稳定性提升流程,APC控制方案优化与设备稳定性提升流程,APC控制方案优化与设备稳定性提升流程,APC控制方案优化与设备稳定性提升流程,APC控制方案优化与设备稳定性提升流程,APC控制方案优化与设备稳定性提升流程,APC控制方案优化与设备稳定性提升流程,APC控制方案优化与设备稳定性提升流程,APC控制方案优化与设备稳定性提升流程,APC控制方案优化与设备稳定性提升流程,APC控制方案优化与设备稳定性提升流程,APC控制方案优化与设备稳定性提升流程,APC控制方案优化与设备稳定性提升流程,APC控制方案优化与设备稳定性提升流程,APC控制方案优化与设备稳定性提升流程,APC控制方案优化与设备稳定性提升流程,APC控制方案优化与设备稳定性提升流程
control_ds.csv,11,control,APC控制方案优化与设备稳定性提升流程,重整装置分馏塔APC控制方案优化，降低操作频次,输入表述形态多样性,专业规范表述,2011/2/5,9,9,0,APC控制方案优化与设备稳定性提升流程,APC控制方案优化与设备稳定性提升流程,APC控制方案优化与设备稳定性提升流程,APC控制方案优化与设备稳定性提升流程,APC控制方案优化与设备稳定性提升流程,APC控制方案优化与设备稳定性提升流程,APC控制方案优化与设备稳定性提升流程,APC控制方案优化与设备稳定性提升流程,APC控制方案优化与设备稳定性提升流程,,,,,,,,,
control_ds.csv,11,control,APC控制方案优化与设备稳定性提升流程,APC优化气化炉控制，提升平稳性,输入表述形态多样性,口语化简化表述,2011/3/1,18,9,9,APC控制方案优化与设备稳定性提升流程,APC控制方案优化与设备稳定性提升流程,APC控制方案优化与设备稳定性提升流程,APC控制方案优化与设备稳定性提升流程,APC控制方案优化与设备稳定性提升流程,APC控制方案优化与设备稳定性提升流程,APC控制方案优化与设备稳定性提升流程,APC控制方案优化与设备稳定性提升流程,APC控制方案优化与设备稳定性提升流程,APC控制方案优化与设备稳定性提升流程,APC控制方案优化与设备稳定性提升流程,APC控制方案优化与设备稳定性提升流程,APC控制方案优化与设备稳定性提升流程,APC控制方案优化与设备稳定性提升流程,APC控制方案优化与设备稳定性提升流程,APC控制方案优化与设备稳定性提升流程,APC控制方案优化与设备稳定性提升流程,APC控制方案优化与设备稳定性提升流程
control_ds.csv,11,control,APC控制方案优化与设备稳定性提升流程,电解槽槽温波动，APC控制优化一下,输入表述形态多样性,口语化简化表述,2011/3/2,9,0,9,,,,,,,,,,APC控制方案优化与设备稳定性提升流程,APC控制方案优化与设备稳定性提升流程,APC控制方案优化与设备稳定性提升流程,APC控制方案优化与设备稳定性提升流程,APC控制方案优化与设备稳定性提升流程,APC控制方案优化与设备稳定性提升流程,APC控制方案优化与设备稳定性提升流程,APC控制方案优化与设备稳定性提升流程,APC控制方案优化与设备稳定性提升流程
control_ds.csv,11,control,APC控制方案优化与设备稳定性提升流程,常减压装置APC优化，降低操作频次,输入表述形态多样性,口语化简化表述,2011/3/3,0,0,0,,,,,,,,,,,,,,,,,,
control_ds.csv,11,control,APC控制方案优化与设备稳定性提升流程,乙烯塔温度控制，APC方案优化,输入表述形态多样性,口语化简化表述,2011/3/4,18,9,9,APC控制方案优化与设备稳定性提升流程,APC控制方案优化与设备稳定性提升流程,APC控制方案优化与设备稳定性提升流程,APC控制方案优化与设备稳定性提升流程,APC控制方案优化与设备稳定性提升流程,APC控制方案优化与设备稳定性提升流程,APC控制方案优化与设备稳定性提升流程,APC控制方案优化与设备稳定性提升流程,APC控制方案优化与设备稳定性提升流程,APC控制方案优化与设备稳定性提升流程,APC控制方案优化与设备稳定性提升流程,APC控制方案优化与设备稳定性提升流程,APC控制方案优化与设备稳定性提升流程,APC控制方案优化与设备稳定性提升流程,APC控制方案优化与设备稳定性提升流程,APC控制方案优化与设备稳定性提升流程,APC控制方案优化与设备稳定性提升流程,APC控制方案优化与设备稳定性提升流程
control_ds.csv,11,control,APC控制方案优化与设备稳定性提升流程,重整装置APC控制优化，提升平稳性,输入表述形态多样性,口语化简化表述,2011/3/5,18,9,9,APC控制方案优化与设备稳定性提升流程,APC控制方案优化与设备稳定性提升流程,APC控制方案优化与设备稳定性提升流程,APC控制方案优化与设备稳定性提升流程,APC控制方案优化与设备稳定性提升流程,APC控制方案优化与设备稳定性提升流程,APC控制方案优化与设备稳定性提升流程,APC控制方案优化与设备稳定性提升流程,APC控制方案优化与设备稳定性提升流程,APC控制方案优化与设备稳定性提升流程,APC控制方案优化与设备稳定性提升流程,APC控制方案优化与设备稳定性提升流程,APC控制方案优化与设备稳定性提升流程,APC控制方案优化与设备稳定性提升流程,APC控制方案优化与设备稳定性提升流程,APC控制方案优化与设备稳定性提升流程,APC控制方案优化与设备稳定性提升流程,APC控制方案优化与设备稳定性提升流程
control_ds.csv,11,control,APC控制方案优化与设备稳定性提升流程,查询APC控制方案参数（非优化）,意图边界与歧义性,相似意图区分,2011/4/1,0,0,0,,,,,,,,,,,,,,,,,,
control_ds.csv,11,control,APC控制方案优化与设备稳定性提升流程,如何通过APC提高气化炉运行平稳性，降低操作频次（核心意图）,意图边界与歧义性,相似意图区分,2011/4/2,18,9,9,APC控制方案优化与设备稳定性提升流程,APC控制方案优化与设备稳定性提升流程,APC控制方案优化与设备稳定性提升流程,APC控制方案优化与设备稳定性提升流程,APC控制方案优化与设备稳定性提升流程,APC控制方案优化与设备稳定性提升流程,APC控制方案优化与设备稳定性提升流程,APC控制方案优化与设备稳定性提升流程,APC控制方案优化与设备稳定性提升流程,APC控制方案优化与设备稳定性提升流程,APC控制方案优化与设备稳定性提升流程,APC控制方案优化与设备稳定性提升流程,APC控制方案优化与设备稳定性提升流程,APC控制方案优化与设备稳定性提升流程,APC控制方案优化与设备稳定性提升流程,APC控制方案优化与设备稳定性提升流程,APC控制方案优化与设备稳定性提升流程,APC控制方案优化与设备稳定性提升流程
control_ds.csv,11,control,APC控制方案优化与设备稳定性提升流程,停用APC控制（非优化）,意图边界与歧义性,相似意图区分,2011/4/3,0,0,0,,,,,,,,,,,,,,,,,,
control_ds.csv,11,control,APC控制方案优化与设备稳定性提升流程,校准APC控制仪表（非优化）,意图边界与歧义性,相似意图区分,2011/4/4,0,0,0,,,,,,,,,,APC过程控制模型创建流程（含数据辨识）,,,,,,,,
control_ds.csv,11,control,APC控制方案优化与设备稳定性提升流程,备份APC控制参数（非优化）,意图边界与歧义性,相似意图区分,2011/4/5,0,0,0,,,,,,,,,,,,,,,,,,
control_ds.csv,11,control,APC控制方案优化与设备稳定性提升流程,现在是白班，设备运行基本稳定，如何通过APC提高气化炉运行平稳性，降低操作频次,干扰因素与鲁棒性,冗余信息叠加,2011/5/1,18,9,9,APC控制方案优化与设备稳定性提升流程,APC控制方案优化与设备稳定性提升流程,APC控制方案优化与设备稳定性提升流程,APC控制方案优化与设备稳定性提升流程,APC控制方案优化与设备稳定性提升流程,APC控制方案优化与设备稳定性提升流程,APC控制方案优化与设备稳定性提升流程,APC控制方案优化与设备稳定性提升流程,APC控制方案优化与设备稳定性提升流程,APC控制方案优化与设备稳定性提升流程,APC控制方案优化与设备稳定性提升流程,APC控制方案优化与设备稳定性提升流程,APC控制方案优化与设备稳定性提升流程,APC控制方案优化与设备稳定性提升流程,APC控制方案优化与设备稳定性提升流程,APC控制方案优化与设备稳定性提升流程,APC控制方案优化与设备稳定性提升流程,APC控制方案优化与设备稳定性提升流程
control_ds.csv,11,control,APC控制方案优化与设备稳定性提升流程,操作员反映工作量较大，针对电解槽槽温等关键指标波动，如何进一步提高运行平稳性，降低操作频次,干扰因素与鲁棒性,冗余信息叠加,2011/5/2,18,9,9,APC控制方案优化与设备稳定性提升流程,APC控制方案优化与设备稳定性提升流程,APC控制方案优化与设备稳定性提升流程,APC控制方案优化与设备稳定性提升流程,APC控制方案优化与设备稳定性提升流程,APC控制方案优化与设备稳定性提升流程,APC控制方案优化与设备稳定性提升流程,APC控制方案优化与设备稳定性提升流程,APC控制方案优化与设备稳定性提升流程,APC控制方案优化与设备稳定性提升流程,APC控制方案优化与设备稳定性提升流程,APC控制方案优化与设备稳定性提升流程,APC控制方案优化与设备稳定性提升流程,APC控制方案优化与设备稳定性提升流程,APC控制方案优化与设备稳定性提升流程,APC控制方案优化与设备稳定性提升流程,APC控制方案优化与设备稳定性提升流程,APC控制方案优化与设备稳定性提升流程
control_ds.csv,11,control,APC控制方案优化与设备稳定性提升流程,能耗指标要求提高，常减压装置常压塔温度波动大，操作频次高，如何优化控制以提升运行平稳性,干扰因素与鲁棒性,冗余信息叠加,2011/5/3,18,9,9,APC控制方案优化与设备稳定性提升流程,APC控制方案优化与设备稳定性提升流程,APC控制方案优化与设备稳定性提升流程,APC控制方案优化与设备稳定性提升流程,APC控制方案优化与设备稳定性提升流程,APC控制方案优化与设备稳定性提升流程,APC控制方案优化与设备稳定性提升流程,APC控制方案优化与设备稳定性提升流程,APC控制方案优化与设备稳定性提升流程,APC控制方案优化与设备稳定性提升流程,APC控制方案优化与设备稳定性提升流程,APC控制方案优化与设备稳定性提升流程,APC控制方案优化与设备稳定性提升流程,APC控制方案优化与设备稳定性提升流程,APC控制方案优化与设备稳定性提升流程,APC控制方案优化与设备稳定性提升流程,APC控制方案优化与设备稳定性提升流程,APC控制方案优化与设备稳定性提升流程
control_ds.csv,11,control,APC控制方案优化与设备稳定性提升流程,产品质量波动明显，乙烯装置乙烯塔温度波动大，操作频次高，如何优化控制方案，提升运行平稳性,干扰因素与鲁棒性,冗余信息叠加,2011/5/4,18,9,9,APC控制方案优化与设备稳定性提升流程,APC控制方案优化与设备稳定性提升流程,APC控制方案优化与设备稳定性提升流程,APC控制方案优化与设备稳定性提升流程,APC控制方案优化与设备稳定性提升流程,APC控制方案优化与设备稳定性提升流程,APC控制方案优化与设备稳定性提升流程,APC控制方案优化与设备稳定性提升流程,APC控制方案优化与设备稳定性提升流程,APC控制方案优化与设备稳定性提升流程,APC控制方案优化与设备稳定性提升流程,APC控制方案优化与设备稳定性提升流程,APC控制方案优化与设备稳定性提升流程,APC控制方案优化与设备稳定性提升流程,APC控制方案优化与设备稳定性提升流程,APC控制方案优化与设备稳定性提升流程,APC控制方案优化与设备稳定性提升流程,APC控制方案优化与设备稳定性提升流程
control_ds.csv,11,control,APC控制方案优化与设备稳定性提升流程,设备老化性能下降，重整装置分馏塔温度波动大，操作频次高，如何优化控制方案，提升运行平稳性,干扰因素与鲁棒性,冗余信息叠加,2011/5/5,18,9,9,APC控制方案优化与设备稳定性提升流程,APC控制方案优化与设备稳定性提升流程,APC控制方案优化与设备稳定性提升流程,APC控制方案优化与设备稳定性提升流程,APC控制方案优化与设备稳定性提升流程,APC控制方案优化与设备稳定性提升流程,APC控制方案优化与设备稳定性提升流程,APC控制方案优化与设备稳定性提升流程,APC控制方案优化与设备稳定性提升流程,APC控制方案优化与设备稳定性提升流程,APC控制方案优化与设备稳定性提升流程,APC控制方案优化与设备稳定性提升流程,APC控制方案优化与设备稳定性提升流程,APC控制方案优化与设备稳定性提升流程,APC控制方案优化与设备稳定性提升流程,APC控制方案优化与设备稳定性提升流程,APC控制方案优化与设备稳定性提升流程,APC控制方案优化与设备稳定性提升流程
control_ds.csv,11,control,APC控制方案优化与设备稳定性提升流程,新装置投运调试期，如何通过APC提高气化炉运行平稳性，降低操作频次,实际工况适配性,全工况场景,2011/6/1,18,9,9,APC控制方案优化与设备稳定性提升流程,APC控制方案优化与设备稳定性提升流程,APC控制方案优化与设备稳定性提升流程,APC控制方案优化与设备稳定性提升流程,APC控制方案优化与设备稳定性提升流程,APC控制方案优化与设备稳定性提升流程,APC控制方案优化与设备稳定性提升流程,APC控制方案优化与设备稳定性提升流程,APC控制方案优化与设备稳定性提升流程,APC控制方案优化与设备稳定性提升流程,APC控制方案优化与设备稳定性提升流程,APC控制方案优化与设备稳定性提升流程,APC控制方案优化与设备稳定性提升流程,APC控制方案优化与设备稳定性提升流程,APC控制方案优化与设备稳定性提升流程,APC控制方案优化与设备稳定性提升流程,APC控制方案优化与设备稳定性提升流程,APC控制方案优化与设备稳定性提升流程
control_ds.csv,11,control,APC控制方案优化与设备稳定性提升流程,原料性质变化期，针对电解槽槽温等关键指标波动，如何进一步提高运行平稳性，降低操作频次,实际工况适配性,全工况场景,2011/6/2,18,9,9,APC控制方案优化与设备稳定性提升流程,APC控制方案优化与设备稳定性提升流程,APC控制方案优化与设备稳定性提升流程,APC控制方案优化与设备稳定性提升流程,APC控制方案优化与设备稳定性提升流程,APC控制方案优化与设备稳定性提升流程,APC控制方案优化与设备稳定性提升流程,APC控制方案优化与设备稳定性提升流程,APC控制方案优化与设备稳定性提升流程,APC控制方案优化与设备稳定性提升流程,APC控制方案优化与设备稳定性提升流程,APC控制方案优化与设备稳定性提升流程,APC控制方案优化与设备稳定性提升流程,APC控制方案优化与设备稳定性提升流程,APC控制方案优化与设备稳定性提升流程,APC控制方案优化与设备稳定性提升流程,APC控制方案优化与设备稳定性提升流程,APC控制方案优化与设备稳定性提升流程
control_ds.csv,11,control,APC控制方案优化与设备稳定性提升流程,负荷调整频繁时，常减压装置常压塔温度波动大，操作频次高，如何优化控制以提升运行平稳性,实际工况适配性,全工况场景,2011/6/3,18,9,9,APC控制方案优化与设备稳定性提升流程,APC控制方案优化与设备稳定性提升流程,APC控制方案优化与设备稳定性提升流程,APC控制方案优化与设备稳定性提升流程,APC控制方案优化与设备稳定性提升流程,APC控制方案优化与设备稳定性提升流程,APC控制方案优化与设备稳定性提升流程,APC控制方案优化与设备稳定性提升流程,APC控制方案优化与设备稳定性提升流程,APC控制方案优化与设备稳定性提升流程,APC控制方案优化与设备稳定性提升流程,APC控制方案优化与设备稳定性提升流程,APC控制方案优化与设备稳定性提升流程,APC控制方案优化与设备稳定性提升流程,APC控制方案优化与设备稳定性提升流程,APC控制方案优化与设备稳定性提升流程,APC控制方案优化与设备稳定性提升流程,APC控制方案优化与设备稳定性提升流程
control_ds.csv,11,control,APC控制方案优化与设备稳定性提升流程,设备故障恢复后，乙烯装置乙烯塔温度波动大，操作频次高，如何优化控制方案，提升运行平稳性,实际工况适配性,全工况场景,2011/6/4,18,9,9,APC控制方案优化与设备稳定性提升流程,APC控制方案优化与设备稳定性提升流程,APC控制方案优化与设备稳定性提升流程,APC控制方案优化与设备稳定性提升流程,APC控制方案优化与设备稳定性提升流程,APC控制方案优化与设备稳定性提升流程,APC控制方案优化与设备稳定性提升流程,APC控制方案优化与设备稳定性提升流程,APC控制方案优化与设备稳定性提升流程,APC控制方案优化与设备稳定性提升流程,APC控制方案优化与设备稳定性提升流程,APC控制方案优化与设备稳定性提升流程,APC控制方案优化与设备稳定性提升流程,APC控制方案优化与设备稳定性提升流程,APC控制方案优化与设备稳定性提升流程,APC控制方案优化与设备稳定性提升流程,APC控制方案优化与设备稳定性提升流程,APC控制方案优化与设备稳定性提升流程
control_ds.csv,11,control,APC控制方案优化与设备稳定性提升流程,工艺优化升级期，重整装置分馏塔温度波动大，操作频次高，如何优化控制方案，提升运行平稳性,实际工况适配性,全工况场景,2011/6/5,18,9,9,APC控制方案优化与设备稳定性提升流程,APC控制方案优化与设备稳定性提升流程,APC控制方案优化与设备稳定性提升流程,APC控制方案优化与设备稳定性提升流程,APC控制方案优化与设备稳定性提升流程,APC控制方案优化与设备稳定性提升流程,APC控制方案优化与设备稳定性提升流程,APC控制方案优化与设备稳定性提升流程,APC控制方案优化与设备稳定性提升流程,APC控制方案优化与设备稳定性提升流程,APC控制方案优化与设备稳定性提升流程,APC控制方案优化与设备稳定性提升流程,APC控制方案优化与设备稳定性提升流程,APC控制方案优化与设备稳定性提升流程,APC控制方案优化与设备稳定性提升流程,APC控制方案优化与设备稳定性提升流程,APC控制方案优化与设备稳定性提升流程,APC控制方案优化与设备稳定性提升流程
control_ds.csv,16,control,复杂回路AI智能控制方案构建流程,G_LT_13001.PV过程变量，大波动过程无法通过PID、APC实现自动化控制，如何实现智能控制,场景与功能全覆盖,直接复用语料,2016/1/1,18,9,9,复杂回路AI智能控制方案构建流程,复杂回路AI智能控制方案构建流程,复杂回路AI智能控制方案构建流程,复杂回路AI智能控制方案构建流程,复杂回路AI智能控制方案构建流程,复杂回路AI智能控制方案构建流程,复杂回路AI智能控制方案构建流程,复杂回路AI智能控制方案构建流程,复杂回路AI智能控制方案构建流程,复杂回路AI智能控制方案构建流程,复杂回路AI智能控制方案构建流程,复杂回路AI智能控制方案构建流程,复杂回路AI智能控制方案构建流程,复杂回路AI智能控制方案构建流程,复杂回路AI智能控制方案构建流程,复杂回路AI智能控制方案构建流程,复杂回路AI智能控制方案构建流程,复杂回路AI智能控制方案构建流程
control_ds.csv,16,control,复杂回路AI智能控制方案构建流程,G_LT_13001.PV过程变量受未知因素的影响、大时间滞后，工况多变，如何实现该回路的自动化控制,场景与功能全覆盖,直接复用语料,2016/1/2,18,9,9,复杂回路AI智能控制方案构建流程,复杂回路AI智能控制方案构建流程,复杂回路AI智能控制方案构建流程,复杂回路AI智能控制方案构建流程,复杂回路AI智能控制方案构建流程,复杂回路AI智能控制方案构建流程,复杂回路AI智能控制方案构建流程,复杂回路AI智能控制方案构建流程,复杂回路AI智能控制方案构建流程,复杂回路AI智能控制方案构建流程,复杂回路AI智能控制方案构建流程,复杂回路AI智能控制方案构建流程,复杂回路AI智能控制方案构建流程,复杂回路AI智能控制方案构建流程,复杂回路AI智能控制方案构建流程,复杂回路AI智能控制方案构建流程,复杂回路AI智能控制方案构建流程,复杂回路AI智能控制方案构建流程
control_ds.csv,16,control,复杂回路AI智能控制方案构建流程,一次盐水折流槽pH无法通过PID、APC控制，请用AI实现pH控制,场景与功能全覆盖,直接复用语料,2016/1/3,18,9,9,复杂回路AI智能控制方案构建流程,复杂回路AI智能控制方案构建流程,复杂回路AI智能控制方案构建流程,复杂回路AI智能控制方案构建流程,复杂回路AI智能控制方案构建流程,复杂回路AI智能控制方案构建流程,复杂回路AI智能控制方案构建流程,复杂回路AI智能控制方案构建流程,复杂回路AI智能控制方案构建流程,复杂回路AI智能控制方案构建流程,复杂回路AI智能控制方案构建流程,复杂回路AI智能控制方案构建流程,复杂回路AI智能控制方案构建流程,复杂回路AI智能控制方案构建流程,复杂回路AI智能控制方案构建流程,复杂回路AI智能控制方案构建流程,复杂回路AI智能控制方案构建流程,复杂回路AI智能控制方案构建流程
control_ds.csv,16,control,复杂回路AI智能控制方案构建流程,F_TIC_16008.PV过程变量受未知干扰因素影响，无法实现自动控制，怎样实现该回路的自动控制？,场景与功能全覆盖,直接复用语料,2016/1/4,18,9,9,复杂回路AI智能控制方案构建流程,复杂回路AI智能控制方案构建流程,复杂回路AI智能控制方案构建流程,复杂回路AI智能控制方案构建流程,复杂回路AI智能控制方案构建流程,复杂回路AI智能控制方案构建流程,复杂回路AI智能控制方案构建流程,复杂回路AI智能控制方案构建流程,复杂回路AI智能控制方案构建流程,复杂回路AI智能控制方案构建流程,复杂回路AI智能控制方案构建流程,复杂回路AI智能控制方案构建流程,复杂回路AI智能控制方案构建流程,复杂回路AI智能控制方案构建流程,复杂回路AI智能控制方案构建流程,复杂回路AI智能控制方案构建流程,复杂回路AI智能控制方案构建流程,复杂回路AI智能控制方案构建流程
control_ds.csv,16,control,复杂回路AI智能控制方案构建流程,具有受未知因素的影响干扰、大时滞、时变、非线性、无法解耦、多耦合、多工况等特点的控制回路，用APC、PID传统控制方式不能实现自动化控制，需要怎么实现智能控制？,场景与功能全覆盖,直接复用语料,2016/1/5,18,9,9,复杂回路AI智能控制方案构建流程,复杂回路AI智能控制方案构建流程,复杂回路AI智能控制方案构建流程,复杂回路AI智能控制方案构建流程,复杂回路AI智能控制方案构建流程,复杂回路AI智能控制方案构建流程,复杂回路AI智能控制方案构建流程,复杂回路AI智能控制方案构建流程,复杂回路AI智能控制方案构建流程,复杂回路AI智能控制方案构建流程,复杂回路AI智能控制方案构建流程,复杂回路AI智能控制方案构建流程,复杂回路AI智能控制方案构建流程,复杂回路AI智能控制方案构建流程,复杂回路AI智能控制方案构建流程,复杂回路AI智能控制方案构建流程,复杂回路AI智能控制方案构建流程,复杂回路AI智能控制方案构建流程
control_ds.csv,16,control,复杂回路AI智能控制方案构建流程,G_LT_13001.PV过程变量大波动工况智能控制方案构建,输入表述形态多样性,专业规范表述,2016/2/1,0,0,0,,,,,,,,,,,,,,,,,,
control_ds.csv,16,control,复杂回路AI智能控制方案构建流程,复杂回路G_LT_13001.PV AI智能控制方案设计，解决大时滞多工况问题,输入表述形态多样性,专业规范表述,2016/2/2,18,9,9,复杂回路AI智能控制方案构建流程,复杂回路AI智能控制方案构建流程,复杂回路AI智能控制方案构建流程,复杂回路AI智能控制方案构建流程,复杂回路AI智能控制方案构建流程,复杂回路AI智能控制方案构建流程,复杂回路AI智能控制方案构建流程,复杂回路AI智能控制方案构建流程,复杂回路AI智能控制方案构建流程,复杂回路AI智能控制方案构建流程,复杂回路AI智能控制方案构建流程,复杂回路AI智能控制方案构建流程,复杂回路AI智能控制方案构建流程,复杂回路AI智能控制方案构建流程,复杂回路AI智能控制方案构建流程,复杂回路AI智能控制方案构建流程,复杂回路AI智能控制方案构建流程,复杂回路AI智能控制方案构建流程
control_ds.csv,16,control,复杂回路AI智能控制方案构建流程,一次盐水折流槽pH AI智能控制方案构建,输入表述形态多样性,专业规范表述,2016/2/3,13,9,4,复杂回路AI智能控制方案构建流程,复杂回路AI智能控制方案构建流程,复杂回路AI智能控制方案构建流程,复杂回路AI智能控制方案构建流程,复杂回路AI智能控制方案构建流程,复杂回路AI智能控制方案构建流程,复杂回路AI智能控制方案构建流程,复杂回路AI智能控制方案构建流程,复杂回路AI智能控制方案构建流程,复杂回路AI智能控制方案构建流程,,复杂回路AI智能控制方案构建流程,,,复杂回路AI智能控制方案构建流程,复杂回路AI智能控制方案构建流程,,
control_ds.csv,16,control,复杂回路AI智能控制方案构建流程,F_TIC_16008.PV回路AI智能控制方案设计,输入表述形态多样性,专业规范表述,2016/2/4,18,9,9,复杂回路AI智能控制方案构建流程,复杂回路AI智能控制方案构建流程,复杂回路AI智能控制方案构建流程,复杂回路AI智能控制方案构建流程,复杂回路AI智能控制方案构建流程,复杂回路AI智能控制方案构建流程,复杂回路AI智能控制方案构建流程,复杂回路AI智能控制方案构建流程,复杂回路AI智能控制方案构建流程,复杂回路AI智能控制方案构建流程,复杂回路AI智能控制方案构建流程,复杂回路AI智能控制方案构建流程,复杂回路AI智能控制方案构建流程,复杂回路AI智能控制方案构建流程,复杂回路AI智能控制方案构建流程,复杂回路AI智能控制方案构建流程,复杂回路AI智能控制方案构建流程,复杂回路AI智能控制方案构建流程
control_ds.csv,16,control,复杂回路AI智能控制方案构建流程,复杂特性回路AI智能控制综合方案构建,输入表述形态多样性,专业规范表述,2016/2/5,18,9,9,复杂回路AI智能控制方案构建流程,复杂回路AI智能控制方案构建流程,复杂回路AI智能控制方案构建流程,复杂回路AI智能控制方案构建流程,复杂回路AI智能控制方案构建流程,复杂回路AI智能控制方案构建流程,复杂回路AI智能控制方案构建流程,复杂回路AI智能控制方案构建流程,复杂回路AI智能控制方案构建流程,复杂回路AI智能控制方案构建流程,复杂回路AI智能控制方案构建流程,复杂回路AI智能控制方案构建流程,复杂回路AI智能控制方案构建流程,复杂回路AI智能控制方案构建流程,复杂回路AI智能控制方案构建流程,复杂回路AI智能控制方案构建流程,复杂回路AI智能控制方案构建流程,复杂回路AI智能控制方案构建流程
control_ds.csv,16,control,复杂回路AI智能控制方案构建流程,G_LT_13001大波动，AI智能控制怎么做,输入表述形态多样性,口语化简化表述,2016/3/1,18,9,9,复杂回路AI智能控制方案构建流程,复杂回路AI智能控制方案构建流程,复杂回路AI智能控制方案构建流程,复杂回路AI智能控制方案构建流程,复杂回路AI智能控制方案构建流程,复杂回路AI智能控制方案构建流程,复杂回路AI智能控制方案构建流程,复杂回路AI智能控制方案构建流程,复杂回路AI智能控制方案构建流程,复杂回路AI智能控制方案构建流程,复杂回路AI智能控制方案构建流程,复杂回路AI智能控制方案构建流程,复杂回路AI智能控制方案构建流程,复杂回路AI智能控制方案构建流程,复杂回路AI智能控制方案构建流程,复杂回路AI智能控制方案构建流程,复杂回路AI智能控制方案构建流程,复杂回路AI智能控制方案构建流程
control_ds.csv,16,control,复杂回路AI智能控制方案构建流程,复杂回路AI控制方案，解决大时滞问题,输入表述形态多样性,口语化简化表述,2016/3/2,18,9,9,复杂回路AI智能控制方案构建流程,复杂回路AI智能控制方案构建流程,复杂回路AI智能控制方案构建流程,复杂回路AI智能控制方案构建流程,复杂回路AI智能控制方案构建流程,复杂回路AI智能控制方案构建流程,复杂回路AI智能控制方案构建流程,复杂回路AI智能控制方案构建流程,复杂回路AI智能控制方案构建流程,复杂回路AI智能控制方案构建流程,复杂回路AI智能控制方案构建流程,复杂回路AI智能控制方案构建流程,复杂回路AI智能控制方案构建流程,复杂回路AI智能控制方案构建流程,复杂回路AI智能控制方案构建流程,复杂回路AI智能控制方案构建流程,复杂回路AI智能控制方案构建流程,复杂回路AI智能控制方案构建流程
control_ds.csv,16,control,复杂回路AI智能控制方案构建流程,折流槽pH控制，用AI实现,输入表述形态多样性,口语化简化表述,2016/3/3,1,0,1,,,,,,,,,,,,,复杂回路AI智能控制方案构建流程,,,,,
control_ds.csv,16,control,复杂回路AI智能控制方案构建流程,F_TIC_16008回路AI控制方案,输入表述形态多样性,口语化简化表述,2016/3/4,2,0,2,,,,,,,,,,锅炉与电解槽AI智能控制方案设计流程,复杂回路AI智能控制方案构建流程,锅炉与电解槽AI智能控制方案设计流程,复杂回路AI智能控制方案构建流程,锅炉与电解槽AI智能控制方案设计流程,锅炉与电解槽AI智能控制方案设计流程,锅炉与电解槽AI智能控制方案设计流程,锅炉与电解槽AI智能控制方案设计流程,锅炉与电解槽AI智能控制方案设计流程
control_ds.csv,16,control,复杂回路AI智能控制方案构建流程,复杂回路AI智能控制，快点设计,输入表述形态多样性,口语化简化表述,2016/3/5,18,9,9,复杂回路AI智能控制方案构建流程,复杂回路AI智能控制方案构建流程,复杂回路AI智能控制方案构建流程,复杂回路AI智能控制方案构建流程,复杂回路AI智能控制方案构建流程,复杂回路AI智能控制方案构建流程,复杂回路AI智能控制方案构建流程,复杂回路AI智能控制方案构建流程,复杂回路AI智能控制方案构建流程,复杂回路AI智能控制方案构建流程,复杂回路AI智能控制方案构建流程,复杂回路AI智能控制方案构建流程,复杂回路AI智能控制方案构建流程,复杂回路AI智能控制方案构建流程,复杂回路AI智能控制方案构建流程,复杂回路AI智能控制方案构建流程,复杂回路AI智能控制方案构建流程,复杂回路AI智能控制方案构建流程
control_ds.csv,16,control,复杂回路AI智能控制方案构建流程,查询复杂回路当前控制参数（非AI智能控制构建）,意图边界与歧义性,相似意图区分,2016/4/1,0,0,0,PID回路参数查询与基础信息维护流程,PID回路参数查询与基础信息维护流程,PID回路参数查询与基础信息维护流程,PID回路参数查询与基础信息维护流程,PID回路参数查询与基础信息维护流程,PID回路参数查询与基础信息维护流程,PID回路参数查询与基础信息维护流程,PID回路参数查询与基础信息维护流程,PID回路参数查询与基础信息维护流程,PID回路参数查询与基础信息维护流程,PID回路参数查询与基础信息维护流程,PID回路参数查询与基础信息维护流程,PID回路参数查询与基础信息维护流程,PID回路参数查询与基础信息维护流程,PID回路参数查询与基础信息维护流程,,PID回路参数查询与基础信息维护流程,PID回路参数查询与基础信息维护流程
control_ds.csv,16,control,复杂回路AI智能控制方案构建流程,G_LT_13001.PV过程变量，大波动过程无法通过PID、APC实现自动化控制，如何实现智能控制（核心意图）,意图边界与歧义性,相似意图区分,2016/4/2,18,9,9,复杂回路AI智能控制方案构建流程,复杂回路AI智能控制方案构建流程,复杂回路AI智能控制方案构建流程,复杂回路AI智能控制方案构建流程,复杂回路AI智能控制方案构建流程,复杂回路AI智能控制方案构建流程,复杂回路AI智能控制方案构建流程,复杂回路AI智能控制方案构建流程,复杂回路AI智能控制方案构建流程,复杂回路AI智能控制方案构建流程,复杂回路AI智能控制方案构建流程,复杂回路AI智能控制方案构建流程,复杂回路AI智能控制方案构建流程,复杂回路AI智能控制方案构建流程,复杂回路AI智能控制方案构建流程,复杂回路AI智能控制方案构建流程,复杂回路AI智能控制方案构建流程,复杂回路AI智能控制方案构建流程
control_ds.csv,16,control,复杂回路AI智能控制方案构建流程,优化传统PID控制参数（非AI智能控制）,意图边界与歧义性,相似意图区分,2016/4/3,0,0,0,PID参数AI自整定优化流程,PID参数AI自整定优化流程,PID参数AI自整定优化流程,PID参数AI自整定优化流程,PID参数AI自整定优化流程,PID参数AI自整定优化流程,PID参数AI自整定优化流程,PID参数AI自整定优化流程,PID参数AI自整定优化流程,PID参数AI自整定优化流程,PID参数AI自整定优化流程,PID参数AI自整定优化流程,PID参数AI自整定优化流程,PID参数AI自整定优化流程,PID参数AI自整定优化流程,PID参数AI自整定优化流程,PID参数AI自整定优化流程,PID参数AI自整定优化流程
control_ds.csv,16,control,复杂回路AI智能控制方案构建流程,校准回路测量仪表（非AI智能控制）,意图边界与歧义性,相似意图区分,2016/4/4,0,0,0,,,,,,,,,,,,,,,,,,
control_ds.csv,16,control,复杂回路AI智能控制方案构建流程,维护控制设备（非AI智能控制）,意图边界与歧义性,相似意图区分,2016/4/5,0,0,0,,,,,,,,,,,,,,,,,,
control_ds.csv,16,control,复杂回路AI智能控制方案构建流程,传统控制方法已尝试多次无效，G_LT_13001.PV过程变量，大波动过程无法通过PID、APC实现自动化控制，如何实现智能控制,干扰因素与鲁棒性,冗余信息叠加,2016/5/1,18,9,9,复杂回路AI智能控制方案构建流程,复杂回路AI智能控制方案构建流程,复杂回路AI智能控制方案构建流程,复杂回路AI智能控制方案构建流程,复杂回路AI智能控制方案构建流程,复杂回路AI智能控制方案构建流程,复杂回路AI智能控制方案构建流程,复杂回路AI智能控制方案构建流程,复杂回路AI智能控制方案构建流程,复杂回路AI智能控制方案构建流程,复杂回路AI智能控制方案构建流程,复杂回路AI智能控制方案构建流程,复杂回路AI智能控制方案构建流程,复杂回路AI智能控制方案构建流程,复杂回路AI智能控制方案构建流程,复杂回路AI智能控制方案构建流程,复杂回路AI智能控制方案构建流程,复杂回路AI智能控制方案构建流程
control_ds.csv,16,control,复杂回路AI智能控制方案构建流程,生产稳定性要求提高，G_LT_13001.PV过程变量受未知因素的影响、大时间滞后，工况多变，如何实现该回路的自动化控制,干扰因素与鲁棒性,冗余信息叠加,2016/5/2,18,9,9,复杂回路AI智能控制方案构建流程,复杂回路AI智能控制方案构建流程,复杂回路AI智能控制方案构建流程,复杂回路AI智能控制方案构建流程,复杂回路AI智能控制方案构建流程,复杂回路AI智能控制方案构建流程,复杂回路AI智能控制方案构建流程,复杂回路AI智能控制方案构建流程,复杂回路AI智能控制方案构建流程,复杂回路AI智能控制方案构建流程,复杂回路AI智能控制方案构建流程,复杂回路AI智能控制方案构建流程,复杂回路AI智能控制方案构建流程,复杂回路AI智能控制方案构建流程,复杂回路AI智能控制方案构建流程,复杂回路AI智能控制方案构建流程,复杂回路AI智能控制方案构建流程,复杂回路AI智能控制方案构建流程
control_ds.csv,16,control,复杂回路AI智能控制方案构建流程,产品质量受影响严重，一次盐水折流槽pH无法通过PID、APC控制，请用AI实现pH控制,干扰因素与鲁棒性,冗余信息叠加,2016/5/3,18,9,9,复杂回路AI智能控制方案构建流程,复杂回路AI智能控制方案构建流程,复杂回路AI智能控制方案构建流程,复杂回路AI智能控制方案构建流程,复杂回路AI智能控制方案构建流程,复杂回路AI智能控制方案构建流程,复杂回路AI智能控制方案构建流程,复杂回路AI智能控制方案构建流程,复杂回路AI智能控制方案构建流程,复杂回路AI智能控制方案构建流程,复杂回路AI智能控制方案构建流程,复杂回路AI智能控制方案构建流程,复杂回路AI智能控制方案构建流程,复杂回路AI智能控制方案构建流程,复杂回路AI智能控制方案构建流程,复杂回路AI智能控制方案构建流程,复杂回路AI智能控制方案构建流程,复杂回路AI智能控制方案构建流程
control_ds.csv,16,control,复杂回路AI智能控制方案构建流程,操作员工作负荷过大，F_TIC_16008.PV过程变量受未知干扰因素影响，无法实现自动控制，怎样实现该回路的自动控制？,干扰因素与鲁棒性,冗余信息叠加,2016/5/4,18,9,9,复杂回路AI智能控制方案构建流程,复杂回路AI智能控制方案构建流程,复杂回路AI智能控制方案构建流程,复杂回路AI智能控制方案构建流程,复杂回路AI智能控制方案构建流程,复杂回路AI智能控制方案构建流程,复杂回路AI智能控制方案构建流程,复杂回路AI智能控制方案构建流程,复杂回路AI智能控制方案构建流程,复杂回路AI智能控制方案构建流程,复杂回路AI智能控制方案构建流程,复杂回路AI智能控制方案构建流程,复杂回路AI智能控制方案构建流程,复杂回路AI智能控制方案构建流程,复杂回路AI智能控制方案构建流程,复杂回路AI智能控制方案构建流程,复杂回路AI智能控制方案构建流程,复杂回路AI智能控制方案构建流程
control_ds.csv,16,control,复杂回路AI智能控制方案构建流程,技术进步需求迫切，具有受未知因素的影响干扰、大时滞、时变、非线性、无法解耦、多耦合、多工况等特点的控制回路，用APC、PID传统控制方式不能实现自动化控制，需要怎么实现智能控制？,干扰因素与鲁棒性,冗余信息叠加,2016/5/5,18,9,9,复杂回路AI智能控制方案构建流程,复杂回路AI智能控制方案构建流程,复杂回路AI智能控制方案构建流程,复杂回路AI智能控制方案构建流程,复杂回路AI智能控制方案构建流程,复杂回路AI智能控制方案构建流程,复杂回路AI智能控制方案构建流程,复杂回路AI智能控制方案构建流程,复杂回路AI智能控制方案构建流程,复杂回路AI智能控制方案构建流程,复杂回路AI智能控制方案构建流程,复杂回路AI智能控制方案构建流程,复杂回路AI智能控制方案构建流程,复杂回路AI智能控制方案构建流程,复杂回路AI智能控制方案构建流程,复杂回路AI智能控制方案构建流程,复杂回路AI智能控制方案构建流程,复杂回路AI智能控制方案构建流程
control_ds.csv,16,control,复杂回路AI智能控制方案构建流程,新装置复杂回路投运，G_LT_13001.PV过程变量，大波动过程无法通过PID、APC实现自动化控制，如何实现智能控制,实际工况适配性,全工况场景,2016/6/1,18,9,9,复杂回路AI智能控制方案构建流程,复杂回路AI智能控制方案构建流程,复杂回路AI智能控制方案构建流程,复杂回路AI智能控制方案构建流程,复杂回路AI智能控制方案构建流程,复杂回路AI智能控制方案构建流程,复杂回路AI智能控制方案构建流程,复杂回路AI智能控制方案构建流程,复杂回路AI智能控制方案构建流程,复杂回路AI智能控制方案构建流程,复杂回路AI智能控制方案构建流程,复杂回路AI智能控制方案构建流程,复杂回路AI智能控制方案构建流程,复杂回路AI智能控制方案构建流程,复杂回路AI智能控制方案构建流程,复杂回路AI智能控制方案构建流程,复杂回路AI智能控制方案构建流程,复杂回路AI智能控制方案构建流程
control_ds.csv,16,control,复杂回路AI智能控制方案构建流程,工艺条件变化后，G_LT_13001.PV过程变量受未知因素的影响、大时间滞后，工况多变，如何实现该回路的自动化控制,实际工况适配性,全工况场景,2016/6/2,18,9,9,复杂回路AI智能控制方案构建流程,复杂回路AI智能控制方案构建流程,复杂回路AI智能控制方案构建流程,复杂回路AI智能控制方案构建流程,复杂回路AI智能控制方案构建流程,复杂回路AI智能控制方案构建流程,复杂回路AI智能控制方案构建流程,复杂回路AI智能控制方案构建流程,复杂回路AI智能控制方案构建流程,复杂回路AI智能控制方案构建流程,复杂回路AI智能控制方案构建流程,复杂回路AI智能控制方案构建流程,复杂回路AI智能控制方案构建流程,复杂回路AI智能控制方案构建流程,复杂回路AI智能控制方案构建流程,复杂回路AI智能控制方案构建流程,复杂回路AI智能控制方案构建流程,复杂回路AI智能控制方案构建流程
control_ds.csv,16,control,复杂回路AI智能控制方案构建流程,设备升级改造期，一次盐水折流槽pH无法通过PID、APC控制，请用AI实现pH控制,实际工况适配性,全工况场景,2016/6/3,18,9,9,复杂回路AI智能控制方案构建流程,复杂回路AI智能控制方案构建流程,复杂回路AI智能控制方案构建流程,复杂回路AI智能控制方案构建流程,复杂回路AI智能控制方案构建流程,复杂回路AI智能控制方案构建流程,复杂回路AI智能控制方案构建流程,复杂回路AI智能控制方案构建流程,复杂回路AI智能控制方案构建流程,复杂回路AI智能控制方案构建流程,复杂回路AI智能控制方案构建流程,复杂回路AI智能控制方案构建流程,复杂回路AI智能控制方案构建流程,复杂回路AI智能控制方案构建流程,复杂回路AI智能控制方案构建流程,复杂回路AI智能控制方案构建流程,复杂回路AI智能控制方案构建流程,复杂回路AI智能控制方案构建流程
control_ds.csv,16,control,复杂回路AI智能控制方案构建流程,自动化水平提升需求，F_TIC_16008.PV过程变量受未知干扰因素影响，无法实现自动控制，怎样实现该回路的自动控制？,实际工况适配性,全工况场景,2016/6/4,18,9,9,复杂回路AI智能控制方案构建流程,复杂回路AI智能控制方案构建流程,复杂回路AI智能控制方案构建流程,复杂回路AI智能控制方案构建流程,复杂回路AI智能控制方案构建流程,复杂回路AI智能控制方案构建流程,复杂回路AI智能控制方案构建流程,复杂回路AI智能控制方案构建流程,复杂回路AI智能控制方案构建流程,复杂回路AI智能控制方案构建流程,复杂回路AI智能控制方案构建流程,复杂回路AI智能控制方案构建流程,复杂回路AI智能控制方案构建流程,复杂回路AI智能控制方案构建流程,复杂回路AI智能控制方案构建流程,复杂回路AI智能控制方案构建流程,复杂回路AI智能控制方案构建流程,复杂回路AI智能控制方案构建流程
control_ds.csv,16,control,复杂回路AI智能控制方案构建流程,智能化改造项目，具有受未知因素的影响干扰、大时滞、时变、非线性、无法解耦、多耦合、多工况等特点的控制回路，用APC、PID传统控制方式不能实现自动化控制，需要怎么实现智能控制？,实际工况适配性,全工况场景,2016/6/5,18,9,9,复杂回路AI智能控制方案构建流程,复杂回路AI智能控制方案构建流程,复杂回路AI智能控制方案构建流程,复杂回路AI智能控制方案构建流程,复杂回路AI智能控制方案构建流程,复杂回路AI智能控制方案构建流程,复杂回路AI智能控制方案构建流程,复杂回路AI智能控制方案构建流程,复杂回路AI智能控制方案构建流程,复杂回路AI智能控制方案构建流程,复杂回路AI智能控制方案构建流程,复杂回路AI智能控制方案构建流程,复杂回路AI智能控制方案构建流程,复杂回路AI智能控制方案构建流程,复杂回路AI智能控制方案构建流程,复杂回路AI智能控制方案构建流程,复杂回路AI智能控制方案构建流程,复杂回路AI智能控制方案构建流程
control_ds.csv,17,control,PID参数AI自整定优化流程,FIC1101这个流量控制阀波动太大，PV值一直在±5%范围内晃，手动控制还行，切自动就震荡，该怎么调PID？,场景与功能全覆盖,直接复用语料,2017/1/1,18,9,9,PID参数AI自整定优化流程,PID参数AI自整定优化流程,PID参数AI自整定优化流程,PID参数AI自整定优化流程,PID参数AI自整定优化流程,PID参数AI自整定优化流程,PID参数AI自整定优化流程,PID参数AI自整定优化流程,PID参数AI自整定优化流程,PID参数AI自整定优化流程,PID参数AI自整定优化流程,PID参数AI自整定优化流程,PID参数AI自整定优化流程,PID参数AI自整定优化流程,PID参数AI自整定优化流程,PID参数AI自整定优化流程,PID参数AI自整定优化流程,PID参数AI自整定优化流程
control_ds.csv,17,control,PID参数AI自整定优化流程,我上传了工厂回路的所有数据，请针对FIC1101回路的情况给出调参建议。,场景与功能全覆盖,直接复用语料,2017/1/2,18,9,9,PID参数AI自整定优化流程,PID参数AI自整定优化流程,PID参数AI自整定优化流程,PID参数AI自整定优化流程,PID参数AI自整定优化流程,PID参数AI自整定优化流程,PID参数AI自整定优化流程,PID参数AI自整定优化流程,PID参数AI自整定优化流程,PID参数AI自整定优化流程,PID参数AI自整定优化流程,PID参数AI自整定优化流程,PID参数AI自整定优化流程,PID参数AI自整定优化流程,PID参数AI自整定优化流程,PID参数AI自整定优化流程,PID参数AI自整定优化流程,PID参数AI自整定优化流程
control_ds.csv,17,control,PID参数AI自整定优化流程,氯碱装置电解工序盐水进料量的PID控制回路效果不佳，请给出PID参数优化建议。,场景与功能全覆盖,直接复用语料,2017/1/3,18,9,9,PID参数AI自整定优化流程,PID参数AI自整定优化流程,PID参数AI自整定优化流程,PID参数AI自整定优化流程,PID参数AI自整定优化流程,PID参数AI自整定优化流程,PID参数AI自整定优化流程,PID参数AI自整定优化流程,PID参数AI自整定优化流程,PID参数AI自整定优化流程,PID参数AI自整定优化流程,PID参数AI自整定优化流程,PID参数AI自整定优化流程,PID参数AI自整定优化流程,PID参数AI自整定优化流程,PID参数AI自整定优化流程,PID参数AI自整定优化流程,PID参数AI自整定优化流程
control_ds.csv,17,control,PID参数AI自整定优化流程,FIC1101的设定值是10t_h，但实际流量一直在9.5~10.5t_h之间来回跑，积分时间已经调到5分钟了还是稳不住，P和D该怎么调整？,场景与功能全覆盖,直接复用语料,2017/1/4,18,9,9,PID参数AI自整定优化流程,PID参数AI自整定优化流程,PID参数AI自整定优化流程,PID参数AI自整定优化流程,PID参数AI自整定优化流程,PID参数AI自整定优化流程,PID参数AI自整定优化流程,PID参数AI自整定优化流程,PID参数AI自整定优化流程,PID参数AI自整定优化流程,PID参数AI自整定优化流程,PID参数AI自整定优化流程,PID参数AI自整定优化流程,PID参数AI自整定优化流程,PID参数AI自整定优化流程,PID参数AI自整定优化流程,PID参数AI自整定优化流程,PID参数AI自整定优化流程
control_ds.csv,17,control,PID参数AI自整定优化流程,电解槽的进料流量老是波动，导致槽电压不稳，手动控制还能凑合，但自动模式下总超调，该怎么调PID？,场景与功能全覆盖,直接复用语料,2017/1/5,18,9,9,PID参数AI自整定优化流程,PID参数AI自整定优化流程,PID参数AI自整定优化流程,PID参数AI自整定优化流程,PID参数AI自整定优化流程,PID参数AI自整定优化流程,PID参数AI自整定优化流程,PID参数AI自整定优化流程,PID参数AI自整定优化流程,PID参数AI自整定优化流程,PID参数AI自整定优化流程,PID参数AI自整定优化流程,PID参数AI自整定优化流程,PID参数AI自整定优化流程,PID参数AI自整定优化流程,PID参数AI自整定优化流程,PID参数AI自整定优化流程,PID参数AI自整定优化流程
control_ds.csv,17,control,PID参数AI自整定优化流程,FIC1101流量控制阀PID参数AI自整定优化，解决±5%波动问题,输入表述形态多样性,专业规范表述,2017/2/1,18,9,9,PID参数AI自整定优化流程,PID参数AI自整定优化流程,PID参数AI自整定优化流程,PID参数AI自整定优化流程,PID参数AI自整定优化流程,PID参数AI自整定优化流程,PID参数AI自整定优化流程,PID参数AI自整定优化流程,PID参数AI自整定优化流程,PID参数AI自整定优化流程,PID参数AI自整定优化流程,PID参数AI自整定优化流程,PID参数AI自整定优化流程,PID参数AI自整定优化流程,PID参数AI自整定优化流程,PID参数AI自整定优化流程,PID参数AI自整定优化流程,PID参数AI自整定优化流程
control_ds.csv,17,control,PID参数AI自整定优化流程,基于上传数据的FIC1101回路PID参数AI优化建议,输入表述形态多样性,专业规范表述,2017/2/2,18,9,9,PID参数AI自整定优化流程,PID参数AI自整定优化流程,PID参数AI自整定优化流程,PID参数AI自整定优化流程,PID参数AI自整定优化流程,PID参数AI自整定优化流程,PID参数AI自整定优化流程,PID参数AI自整定优化流程,PID参数AI自整定优化流程,PID参数AI自整定优化流程,PID参数AI自整定优化流程,PID参数AI自整定优化流程,PID参数AI自整定优化流程,PID参数AI自整定优化流程,PID参数AI自整定优化流程,PID参数AI自整定优化流程,PID参数AI自整定优化流程,PID参数AI自整定优化流程
control_ds.csv,17,control,PID参数AI自整定优化流程,氯碱装置电解工序盐水进料量PID控制回路AI自整定优化,输入表述形态多样性,专业规范表述,2017/2/3,18,9,9,PID参数AI自整定优化流程,PID参数AI自整定优化流程,PID参数AI自整定优化流程,PID参数AI自整定优化流程,PID参数AI自整定优化流程,PID参数AI自整定优化流程,PID参数AI自整定优化流程,PID参数AI自整定优化流程,PID参数AI自整定优化流程,PID参数AI自整定优化流程,PID参数AI自整定优化流程,PID参数AI自整定优化流程,PID参数AI自整定优化流程,PID参数AI自整定优化流程,PID参数AI自整定优化流程,PID参数AI自整定优化流程,PID参数AI自整定优化流程,PID参数AI自整定优化流程
control_ds.csv,17,control,PID参数AI自整定优化流程,FIC1101流量控制PID参数AI优化，解决设定值跟踪问题,输入表述形态多样性,专业规范表述,2017/2/4,18,9,9,PID参数AI自整定优化流程,PID参数AI自整定优化流程,PID参数AI自整定优化流程,PID参数AI自整定优化流程,PID参数AI自整定优化流程,PID参数AI自整定优化流程,PID参数AI自整定优化流程,PID参数AI自整定优化流程,PID参数AI自整定优化流程,PID参数AI自整定优化流程,PID参数AI自整定优化流程,PID参数AI自整定优化流程,PID参数AI自整定优化流程,PID参数AI自整定优化流程,PID参数AI自整定优化流程,PID参数AI自整定优化流程,PID参数AI自整定优化流程,PID参数AI自整定优化流程
control_ds.csv,17,control,PID参数AI自整定优化流程,电解槽进料流量PID控制AI自整定优化,输入表述形态多样性,专业规范表述,2017/2/5,18,9,9,PID参数AI自整定优化流程,PID参数AI自整定优化流程,PID参数AI自整定优化流程,PID参数AI自整定优化流程,PID参数AI自整定优化流程,PID参数AI自整定优化流程,PID参数AI自整定优化流程,PID参数AI自整定优化流程,PID参数AI自整定优化流程,PID参数AI自整定优化流程,PID参数AI自整定优化流程,PID参数AI自整定优化流程,PID参数AI自整定优化流程,PID参数AI自整定优化流程,PID参数AI自整定优化流程,PID参数AI自整定优化流程,PID参数AI自整定优化流程,PID参数AI自整定优化流程
control_ds.csv,17,control,PID参数AI自整定优化流程,FIC1101波动大，AI自整定PID参数,输入表述形态多样性,口语化简化表述,2017/3/1,1,1,0,,,,,PID参数AI自整定优化流程,,,复杂回路AI智能控制方案构建流程,复杂回路AI智能控制方案构建流程,PID回路参数智能整定流程（含有效性检测与震荡判断）,PID回路参数智能整定流程（含有效性检测与震荡判断）,PID回路参数智能整定流程（含有效性检测与震荡判断）,PID回路参数智能整定流程（含有效性检测与震荡判断）,PID回路参数智能整定流程（含有效性检测与震荡判断）,PID回路参数智能整定流程（含有效性检测与震荡判断）,PID回路参数智能整定流程（含有效性检测与震荡判断）,PID回路参数智能整定流程（含有效性检测与震荡判断）,PID回路参数智能整定流程（含有效性检测与震荡判断）
control_ds.csv,17,control,PID参数AI自整定优化流程,上传数据，AI优化FIC1101 PID参数,输入表述形态多样性,口语化简化表述,2017/3/2,18,9,9,PID参数AI自整定优化流程,PID参数AI自整定优化流程,PID参数AI自整定优化流程,PID参数AI自整定优化流程,PID参数AI自整定优化流程,PID参数AI自整定优化流程,PID参数AI自整定优化流程,PID参数AI自整定优化流程,PID参数AI自整定优化流程,PID参数AI自整定优化流程,PID参数AI自整定优化流程,PID参数AI自整定优化流程,PID参数AI自整定优化流程,PID参数AI自整定优化流程,PID参数AI自整定优化流程,PID参数AI自整定优化流程,PID参数AI自整定优化流程,PID参数AI自整定优化流程
control_ds.csv,17,control,PID参数AI自整定优化流程,氯碱装置盐水PID，AI自整定优化,输入表述形态多样性,口语化简化表述,2017/3/3,18,9,9,PID参数AI自整定优化流程,PID参数AI自整定优化流程,PID参数AI自整定优化流程,PID参数AI自整定优化流程,PID参数AI自整定优化流程,PID参数AI自整定优化流程,PID参数AI自整定优化流程,PID参数AI自整定优化流程,PID参数AI自整定优化流程,PID参数AI自整定优化流程,PID参数AI自整定优化流程,PID参数AI自整定优化流程,PID参数AI自整定优化流程,PID参数AI自整定优化流程,PID参数AI自整定优化流程,PID参数AI自整定优化流程,PID参数AI自整定优化流程,PID参数AI自整定优化流程
control_ds.csv,17,control,PID参数AI自整定优化流程,FIC1101设定值跟踪，AI调PID,输入表述形态多样性,口语化简化表述,2017/3/4,18,9,9,PID参数AI自整定优化流程,PID参数AI自整定优化流程,PID参数AI自整定优化流程,PID参数AI自整定优化流程,PID参数AI自整定优化流程,PID参数AI自整定优化流程,PID参数AI自整定优化流程,PID参数AI自整定优化流程,PID参数AI自整定优化流程,PID参数AI自整定优化流程,PID参数AI自整定优化流程,PID参数AI自整定优化流程,PID参数AI自整定优化流程,PID参数AI自整定优化流程,PID参数AI自整定优化流程,PID参数AI自整定优化流程,PID参数AI自整定优化流程,PID参数AI自整定优化流程
control_ds.csv,17,control,PID参数AI自整定优化流程,电解槽流量PID，AI自整定,输入表述形态多样性,口语化简化表述,2017/3/5,18,9,9,PID参数AI自整定优化流程,PID参数AI自整定优化流程,PID参数AI自整定优化流程,PID参数AI自整定优化流程,PID参数AI自整定优化流程,PID参数AI自整定优化流程,PID参数AI自整定优化流程,PID参数AI自整定优化流程,PID参数AI自整定优化流程,PID参数AI自整定优化流程,PID参数AI自整定优化流程,PID参数AI自整定优化流程,PID参数AI自整定优化流程,PID参数AI自整定优化流程,PID参数AI自整定优化流程,PID参数AI自整定优化流程,PID参数AI自整定优化流程,PID参数AI自整定优化流程
control_ds.csv,17,control,PID参数AI自整定优化流程,查询FIC1101当前PID参数（非自整定优化）,意图边界与歧义性,相似意图区分,2017/4/1,0,0,0,PID回路参数查询与基础信息维护流程,PID回路参数查询与基础信息维护流程,PID回路参数查询与基础信息维护流程,PID回路参数查询与基础信息维护流程,PID回路参数查询与基础信息维护流程,PID回路参数查询与基础信息维护流程,PID回路参数查询与基础信息维护流程,PID回路参数查询与基础信息维护流程,PID回路参数查询与基础信息维护流程,PID回路参数查询与基础信息维护流程,PID回路参数查询与基础信息维护流程,PID回路参数查询与基础信息维护流程,PID回路参数查询与基础信息维护流程,PID回路参数查询与基础信息维护流程,PID回路参数查询与基础信息维护流程,PID回路参数查询与基础信息维护流程,PID回路参数查询与基础信息维护流程,PID回路参数查询与基础信息维护流程
control_ds.csv,17,control,PID参数AI自整定优化流程,FIC1101这个流量控制阀波动太大，PV值一直在±5%范围内晃，手动控制还行，切自动就震荡，该怎么调PID？（核心意图）,意图边界与歧义性,相似意图区分,2017/4/2,18,9,9,PID参数AI自整定优化流程,PID参数AI自整定优化流程,PID参数AI自整定优化流程,PID参数AI自整定优化流程,PID参数AI自整定优化流程,PID参数AI自整定优化流程,PID参数AI自整定优化流程,PID参数AI自整定优化流程,PID参数AI自整定优化流程,PID参数AI自整定优化流程,PID参数AI自整定优化流程,PID参数AI自整定优化流程,PID参数AI自整定优化流程,PID参数AI自整定优化流程,PID参数AI自整定优化流程,PID参数AI自整定优化流程,PID参数AI自整定优化流程,PID参数AI自整定优化流程
control_ds.csv,17,control,PID参数AI自整定优化流程,手动调整PID参数（非AI自整定）,意图边界与歧义性,相似意图区分,2017/4/3,0,0,0,PID回路参数智能整定流程（含有效性检测与震荡判断）,PID回路参数智能整定流程（含有效性检测与震荡判断）,PID回路参数智能整定流程（含有效性检测与震荡判断）,PID回路参数智能整定流程（含有效性检测与震荡判断）,PID回路参数智能整定流程（含有效性检测与震荡判断）,PID回路参数智能整定流程（含有效性检测与震荡判断）,PID回路参数智能整定流程（含有效性检测与震荡判断）,PID回路参数智能整定流程（含有效性检测与震荡判断）,PID回路参数智能整定流程（含有效性检测与震荡判断）,PID回路参数智能整定流程（含有效性检测与震荡判断）,PID回路参数智能整定流程（含有效性检测与震荡判断）,PID回路参数智能整定流程（含有效性检测与震荡判断）,PID回路参数智能整定流程（含有效性检测与震荡判断）,PID回路参数智能整定流程（含有效性检测与震荡判断）,PID回路参数智能整定流程（含有效性检测与震荡判断）,PID回路参数智能整定流程（含有效性检测与震荡判断）,PID回路参数智能整定流程（含有效性检测与震荡判断）,PID回路参数智能整定流程（含有效性检测与震荡判断）
control_ds.csv,17,control,PID参数AI自整定优化流程,校准流量测量仪表（非PID优化）,意图边界与歧义性,相似意图区分,2017/4/4,0,0,0,,,,,,,,,,,,,,,,,,
control_ds.csv,17,control,PID参数AI自整定优化流程,维护控制阀门（非PID优化）,意图边界与歧义性,相似意图区分,2017/4/5,0,0,0,PID回路参数查询与基础信息维护流程,PID回路参数查询与基础信息维护流程,PID回路参数查询与基础信息维护流程,PID回路参数查询与基础信息维护流程,PID回路参数查询与基础信息维护流程,PID回路参数查询与基础信息维护流程,PID回路参数查询与基础信息维护流程,PID回路参数查询与基础信息维护流程,PID回路参数查询与基础信息维护流程,,PID回路参数查询与基础信息维护流程,,PID回路参数查询与基础信息维护流程,PID回路参数查询与基础信息维护流程,PID回路参数查询与基础信息维护流程,,PID回路参数查询与基础信息维护流程,PID回路参数查询与基础信息维护流程
control_ds.csv,17,control,PID参数AI自整定优化流程,生产稳定性受影响，FIC1101这个流量控制阀波动太大，PV值一直在±5%范围内晃，手动控制还行，切自动就震荡，该怎么调PID？,干扰因素与鲁棒性,冗余信息叠加,2017/5/1,18,9,9,PID参数AI自整定优化流程,PID参数AI自整定优化流程,PID参数AI自整定优化流程,PID参数AI自整定优化流程,PID参数AI自整定优化流程,PID参数AI自整定优化流程,PID参数AI自整定优化流程,PID参数AI自整定优化流程,PID参数AI自整定优化流程,PID参数AI自整定优化流程,PID参数AI自整定优化流程,PID参数AI自整定优化流程,PID参数AI自整定优化流程,PID参数AI自整定优化流程,PID参数AI自整定优化流程,PID参数AI自整定优化流程,PID参数AI自整定优化流程,PID参数AI自整定优化流程
control_ds.csv,17,control,PID参数AI自整定优化流程,数据采集已完成，我上传了工厂回路的所有数据，请针对FIC1101回路的情况给出调参建议。,干扰因素与鲁棒性,冗余信息叠加,2017/5/2,18,9,9,PID参数AI自整定优化流程,PID参数AI自整定优化流程,PID参数AI自整定优化流程,PID参数AI自整定优化流程,PID参数AI自整定优化流程,PID参数AI自整定优化流程,PID参数AI自整定优化流程,PID参数AI自整定优化流程,PID参数AI自整定优化流程,PID参数AI自整定优化流程,PID参数AI自整定优化流程,PID参数AI自整定优化流程,PID参数AI自整定优化流程,PID参数AI自整定优化流程,PID参数AI自整定优化流程,PID参数AI自整定优化流程,PID参数AI自整定优化流程,PID参数AI自整定优化流程
control_ds.csv,17,control,PID参数AI自整定优化流程,能耗指标偏高，氯碱装置电解工序盐水进料量的PID控制回路效果不佳，请给出PID参数优化建议。,干扰因素与鲁棒性,冗余信息叠加,2017/5/3,18,9,9,PID参数AI自整定优化流程,PID参数AI自整定优化流程,PID参数AI自整定优化流程,PID参数AI自整定优化流程,PID参数AI自整定优化流程,PID参数AI自整定优化流程,PID参数AI自整定优化流程,PID参数AI自整定优化流程,PID参数AI自整定优化流程,PID参数AI自整定优化流程,PID参数AI自整定优化流程,PID参数AI自整定优化流程,PID参数AI自整定优化流程,PID参数AI自整定优化流程,PID参数AI自整定优化流程,PID参数AI自整定优化流程,PID参数AI自整定优化流程,PID参数AI自整定优化流程
control_ds.csv,17,control,PID参数AI自整定优化流程,产品质量波动，FIC1101的设定值是10t_h，但实际流量一直在9.5~10.5t_h之间来回跑，积分时间已经调到5分钟了还是稳不住，P和D该怎么调整？,干扰因素与鲁棒性,冗余信息叠加,2017/5/4,18,9,9,PID参数AI自整定优化流程,PID参数AI自整定优化流程,PID参数AI自整定优化流程,PID参数AI自整定优化流程,PID参数AI自整定优化流程,PID参数AI自整定优化流程,PID参数AI自整定优化流程,PID参数AI自整定优化流程,PID参数AI自整定优化流程,PID参数AI自整定优化流程,PID参数AI自整定优化流程,PID参数AI自整定优化流程,PID参数AI自整定优化流程,PID参数AI自整定优化流程,PID参数AI自整定优化流程,PID参数AI自整定优化流程,PID参数AI自整定优化流程,PID参数AI自整定优化流程
control_ds.csv,17,control,PID参数AI自整定优化流程,操作员工作负荷大，电解槽的进料流量老是波动，导致槽电压不稳，手动控制还能凑合，但自动模式下总超调，该怎么调PID？,干扰因素与鲁棒性,冗余信息叠加,2017/5/5,18,9,9,PID参数AI自整定优化流程,PID参数AI自整定优化流程,PID参数AI自整定优化流程,PID参数AI自整定优化流程,PID参数AI自整定优化流程,PID参数AI自整定优化流程,PID参数AI自整定优化流程,PID参数AI自整定优化流程,PID参数AI自整定优化流程,PID参数AI自整定优化流程,PID参数AI自整定优化流程,PID参数AI自整定优化流程,PID参数AI自整定优化流程,PID参数AI自整定优化流程,PID参数AI自整定优化流程,PID参数AI自整定优化流程,PID参数AI自整定优化流程,PID参数AI自整定优化流程
control_ds.csv,17,control,PID参数AI自整定优化流程,新回路投运调试，FIC1101这个流量控制阀波动太大，PV值一直在±5%范围内晃，手动控制还行，切自动就震荡，该怎么调PID？,实际工况适配性,全工况场景,2017/6/1,18,9,9,PID参数AI自整定优化流程,PID参数AI自整定优化流程,PID参数AI自整定优化流程,PID参数AI自整定优化流程,PID参数AI自整定优化流程,PID参数AI自整定优化流程,PID参数AI自整定优化流程,PID参数AI自整定优化流程,PID参数AI自整定优化流程,PID参数AI自整定优化流程,PID参数AI自整定优化流程,PID参数AI自整定优化流程,PID参数AI自整定优化流程,PID参数AI自整定优化流程,PID参数AI自整定优化流程,PID参数AI自整定优化流程,PID参数AI自整定优化流程,PID参数AI自整定优化流程
control_ds.csv,17,control,PID参数AI自整定优化流程,工艺条件变化后，我上传了工厂回路的所有数据，请针对FIC1101回路的情况给出调参建议。,实际工况适配性,全工况场景,2017/6/2,18,9,9,PID参数AI自整定优化流程,PID参数AI自整定优化流程,PID参数AI自整定优化流程,PID参数AI自整定优化流程,PID参数AI自整定优化流程,PID参数AI自整定优化流程,PID参数AI自整定优化流程,PID参数AI自整定优化流程,PID参数AI自整定优化流程,PID参数AI自整定优化流程,PID参数AI自整定优化流程,PID参数AI自整定优化流程,PID参数AI自整定优化流程,PID参数AI自整定优化流程,PID参数AI自整定优化流程,PID参数AI自整定优化流程,PID参数AI自整定优化流程,PID参数AI自整定优化流程
control_ds.csv,17,control,PID参数AI自整定优化流程,设备维护后，氯碱装置电解工序盐水进料量的PID控制回路效果不佳，请给出PID参数优化建议。,实际工况适配性,全工况场景,2017/6/3,18,9,9,PID参数AI自整定优化流程,PID参数AI自整定优化流程,PID参数AI自整定优化流程,PID参数AI自整定优化流程,PID参数AI自整定优化流程,PID参数AI自整定优化流程,PID参数AI自整定优化流程,PID参数AI自整定优化流程,PID参数AI自整定优化流程,PID参数AI自整定优化流程,PID参数AI自整定优化流程,PID参数AI自整定优化流程,PID参数AI自整定优化流程,PID参数AI自整定优化流程,PID参数AI自整定优化流程,PID参数AI自整定优化流程,PID参数AI自整定优化流程,PID参数AI自整定优化流程
control_ds.csv,17,control,PID参数AI自整定优化流程,负荷调整期，FIC1101的设定值是10t_h，但实际流量一直在9.5~10.5t_h之间来回跑，积分时间已经调到5分钟了还是稳不住，P和D该怎么调整？,实际工况适配性,全工况场景,2017/6/4,18,9,9,PID参数AI自整定优化流程,PID参数AI自整定优化流程,PID参数AI自整定优化流程,PID参数AI自整定优化流程,PID参数AI自整定优化流程,PID参数AI自整定优化流程,PID参数AI自整定优化流程,PID参数AI自整定优化流程,PID参数AI自整定优化流程,PID参数AI自整定优化流程,PID参数AI自整定优化流程,PID参数AI自整定优化流程,PID参数AI自整定优化流程,PID参数AI自整定优化流程,PID参数AI自整定优化流程,PID参数AI自整定优化流程,PID参数AI自整定优化流程,PID参数AI自整定优化流程
control_ds.csv,17,control,PID参数AI自整定优化流程,自动化水平提升，电解槽的进料流量老是波动，导致槽电压不稳，手动控制还能凑合，但自动模式下总超调，该怎么调PID？,实际工况适配性,全工况场景,2017/6/5,18,9,9,PID参数AI自整定优化流程,PID参数AI自整定优化流程,PID参数AI自整定优化流程,PID参数AI自整定优化流程,PID参数AI自整定优化流程,PID参数AI自整定优化流程,PID参数AI自整定优化流程,PID参数AI自整定优化流程,PID参数AI自整定优化流程,PID参数AI自整定优化流程,PID参数AI自整定优化流程,PID参数AI自整定优化流程,PID参数AI自整定优化流程,PID参数AI自整定优化流程,PID参数AI自整定优化流程,PID参数AI自整定优化流程,PID参数AI自整定优化流程,PID参数AI自整定优化流程
control_ds.csv,21,control,控制相关考试题目生成流程,生成考试,场景与功能全覆盖,直接复用语料,2021/1/1,18,9,9,控制相关考试题目生成流程,控制相关考试题目生成流程,控制相关考试题目生成流程,控制相关考试题目生成流程,控制相关考试题目生成流程,控制相关考试题目生成流程,控制相关考试题目生成流程,控制相关考试题目生成流程,控制相关考试题目生成流程,控制相关考试题目生成流程,控制相关考试题目生成流程,控制相关考试题目生成流程,控制相关考试题目生成流程,控制相关考试题目生成流程,控制相关考试题目生成流程,控制相关考试题目生成流程,控制相关考试题目生成流程,控制相关考试题目生成流程
control_ds.csv,21,control,控制相关考试题目生成流程,生成考试,场景与功能全覆盖,直接复用语料,2021/1/2,18,9,9,控制相关考试题目生成流程,控制相关考试题目生成流程,控制相关考试题目生成流程,控制相关考试题目生成流程,控制相关考试题目生成流程,控制相关考试题目生成流程,控制相关考试题目生成流程,控制相关考试题目生成流程,控制相关考试题目生成流程,控制相关考试题目生成流程,控制相关考试题目生成流程,控制相关考试题目生成流程,控制相关考试题目生成流程,控制相关考试题目生成流程,控制相关考试题目生成流程,控制相关考试题目生成流程,控制相关考试题目生成流程,控制相关考试题目生成流程
control_ds.csv,21,control,控制相关考试题目生成流程,生成考试,场景与功能全覆盖,直接复用语料,2021/1/3,18,9,9,控制相关考试题目生成流程,控制相关考试题目生成流程,控制相关考试题目生成流程,控制相关考试题目生成流程,控制相关考试题目生成流程,控制相关考试题目生成流程,控制相关考试题目生成流程,控制相关考试题目生成流程,控制相关考试题目生成流程,控制相关考试题目生成流程,控制相关考试题目生成流程,控制相关考试题目生成流程,控制相关考试题目生成流程,控制相关考试题目生成流程,控制相关考试题目生成流程,控制相关考试题目生成流程,控制相关考试题目生成流程,控制相关考试题目生成流程
control_ds.csv,21,control,控制相关考试题目生成流程,生成考试,场景与功能全覆盖,直接复用语料,2021/1/4,18,9,9,控制相关考试题目生成流程,控制相关考试题目生成流程,控制相关考试题目生成流程,控制相关考试题目生成流程,控制相关考试题目生成流程,控制相关考试题目生成流程,控制相关考试题目生成流程,控制相关考试题目生成流程,控制相关考试题目生成流程,控制相关考试题目生成流程,控制相关考试题目生成流程,控制相关考试题目生成流程,控制相关考试题目生成流程,控制相关考试题目生成流程,控制相关考试题目生成流程,控制相关考试题目生成流程,控制相关考试题目生成流程,控制相关考试题目生成流程
control_ds.csv,21,control,控制相关考试题目生成流程,生成考试,场景与功能全覆盖,直接复用语料,2021/1/5,18,9,9,控制相关考试题目生成流程,控制相关考试题目生成流程,控制相关考试题目生成流程,控制相关考试题目生成流程,控制相关考试题目生成流程,控制相关考试题目生成流程,控制相关考试题目生成流程,控制相关考试题目生成流程,控制相关考试题目生成流程,控制相关考试题目生成流程,控制相关考试题目生成流程,控制相关考试题目生成流程,控制相关考试题目生成流程,控制相关考试题目生成流程,控制相关考试题目生成流程,控制相关考试题目生成流程,控制相关考试题目生成流程,控制相关考试题目生成流程
control_ds.csv,21,control,控制相关考试题目生成流程,执行控制相关考试题目生成流程,输入表述形态多样性,专业规范表述,2021/2/1,0,0,0,,,,,,,,,,,,,,,,,,
control_ds.csv,21,control,控制相关考试题目生成流程,生成控制专业考试题目,输入表述形态多样性,专业规范表述,2021/2/2,0,0,0,,,,,,,,,,,,,,,,,,
control_ds.csv,21,control,控制相关考试题目生成流程,控制相关考试题目自动生成,输入表述形态多样性,专业规范表述,2021/2/3,0,0,0,,,,,,,,,,,,,,,,,,
control_ds.csv,21,control,控制相关考试题目生成流程,生成控制技术考试试题,输入表述形态多样性,专业规范表述,2021/2/4,0,0,0,,,,,,,,,,,,,,,,,,
control_ds.csv,21,control,控制相关考试题目生成流程,控制专业考核题目生成,输入表述形态多样性,专业规范表述,2021/2/5,0,0,0,,,,,,,,,,,,,,,,,,
control_ds.csv,21,control,控制相关考试题目生成流程,生成控制考试题目,输入表述形态多样性,口语化简化表述,2021/3/1,0,0,0,APC控制方案优化与设备稳定性提升流程,,,APC控制方案优化与设备稳定性提升流程,,,,,,APC控制方案优化与设备稳定性提升流程,,APC控制方案优化与设备稳定性提升流程,,APC控制方案优化与设备稳定性提升流程,,APC控制方案优化与设备稳定性提升流程,,
control_ds.csv,21,control,控制相关考试题目生成流程,考试题目生成，控制相关的,输入表述形态多样性,口语化简化表述,2021/3/2,0,0,0,,,,,,,,,,,,,,,,,,
control_ds.csv,21,control,控制相关考试题目生成流程,控制考试题，生成一下,输入表述形态多样性,口语化简化表述,2021/3/3,0,0,0,,APC过程控制模型创建流程（含数据辨识）,,,,,,,,PID回路参数智能整定流程（含有效性检测与震荡判断）,,PID回路参数智能整定流程（含有效性检测与震荡判断）,PID回路参数智能整定流程（含有效性检测与震荡判断）,,,,PID回路参数智能整定流程（含有效性检测与震荡判断）,PID回路参数智能整定流程（含有效性检测与震荡判断）
control_ds.csv,21,control,控制相关考试题目生成流程,生成控制专业考题,输入表述形态多样性,口语化简化表述,2021/3/4,0,0,0,,,,,,,,,,,,,,,,,,
control_ds.csv,21,control,控制相关考试题目生成流程,考试题目，控制方面的,输入表述形态多样性,口语化简化表述,2021/3/5,0,0,0,,,,,,,,,,,,,,,,,,
control_ds.csv,21,control,控制相关考试题目生成流程,查询考试题目（非生成）,意图边界与歧义性,相似意图区分,2021/4/1,0,0,0,,,,,,,,,,,,,,,,,,
control_ds.csv,21,control,控制相关考试题目生成流程,生成考试（核心意图）,意图边界与歧义性,相似意图区分,2021/4/2,18,9,9,控制相关考试题目生成流程,控制相关考试题目生成流程,控制相关考试题目生成流程,控制相关考试题目生成流程,控制相关考试题目生成流程,控制相关考试题目生成流程,控制相关考试题目生成流程,控制相关考试题目生成流程,控制相关考试题目生成流程,控制相关考试题目生成流程,控制相关考试题目生成流程,控制相关考试题目生成流程,控制相关考试题目生成流程,控制相关考试题目生成流程,控制相关考试题目生成流程,控制相关考试题目生成流程,控制相关考试题目生成流程,控制相关考试题目生成流程
control_ds.csv,21,control,控制相关考试题目生成流程,修改考试题目（非生成）,意图边界与歧义性,相似意图区分,2021/4/3,0,0,0,,,,,,,,,,,,,,,,,,
control_ds.csv,21,control,控制相关考试题目生成流程,备份考试题目（非生成）,意图边界与歧义性,相似意图区分,2021/4/4,0,0,0,,,,,,,,,,,,,,,,,,
control_ds.csv,21,control,控制相关考试题目生成流程,删除考试题目（非生成）,意图边界与歧义性,相似意图区分,2021/4/5,0,0,0,,,,,,,,,,,,,,,,,,
control_ds.csv,21,control,控制相关考试题目生成流程,培训计划需要，生成考试,干扰因素与鲁棒性,冗余信息叠加,2021/5/1,18,9,9,控制相关考试题目生成流程,控制相关考试题目生成流程,控制相关考试题目生成流程,控制相关考试题目生成流程,控制相关考试题目生成流程,控制相关考试题目生成流程,控制相关考试题目生成流程,控制相关考试题目生成流程,控制相关考试题目生成流程,控制相关考试题目生成流程,控制相关考试题目生成流程,控制相关考试题目生成流程,控制相关考试题目生成流程,控制相关考试题目生成流程,控制相关考试题目生成流程,控制相关考试题目生成流程,控制相关考试题目生成流程,控制相关考试题目生成流程
control_ds.csv,21,control,控制相关考试题目生成流程,技能考核准备，生成考试,干扰因素与鲁棒性,冗余信息叠加,2021/5/2,18,9,9,控制相关考试题目生成流程,控制相关考试题目生成流程,控制相关考试题目生成流程,控制相关考试题目生成流程,控制相关考试题目生成流程,控制相关考试题目生成流程,控制相关考试题目生成流程,控制相关考试题目生成流程,控制相关考试题目生成流程,控制相关考试题目生成流程,控制相关考试题目生成流程,控制相关考试题目生成流程,控制相关考试题目生成流程,控制相关考试题目生成流程,控制相关考试题目生成流程,控制相关考试题目生成流程,控制相关考试题目生成流程,控制相关考试题目生成流程
control_ds.csv,21,control,控制相关考试题目生成流程,人员能力评估，生成考试,干扰因素与鲁棒性,冗余信息叠加,2021/5/3,18,9,9,控制相关考试题目生成流程,控制相关考试题目生成流程,控制相关考试题目生成流程,控制相关考试题目生成流程,控制相关考试题目生成流程,控制相关考试题目生成流程,控制相关考试题目生成流程,控制相关考试题目生成流程,控制相关考试题目生成流程,控制相关考试题目生成流程,控制相关考试题目生成流程,控制相关考试题目生成流程,控制相关考试题目生成流程,控制相关考试题目生成流程,控制相关考试题目生成流程,控制相关考试题目生成流程,控制相关考试题目生成流程,控制相关考试题目生成流程
control_ds.csv,21,control,控制相关考试题目生成流程,教学质量检查，生成考试,干扰因素与鲁棒性,冗余信息叠加,2021/5/4,18,9,9,控制相关考试题目生成流程,控制相关考试题目生成流程,控制相关考试题目生成流程,控制相关考试题目生成流程,控制相关考试题目生成流程,控制相关考试题目生成流程,控制相关考试题目生成流程,控制相关考试题目生成流程,控制相关考试题目生成流程,控制相关考试题目生成流程,控制相关考试题目生成流程,控制相关考试题目生成流程,控制相关考试题目生成流程,控制相关考试题目生成流程,控制相关考试题目生成流程,控制相关考试题目生成流程,控制相关考试题目生成流程,控制相关考试题目生成流程
control_ds.csv,21,control,控制相关考试题目生成流程,专业认证需求，生成考试,干扰因素与鲁棒性,冗余信息叠加,2021/5/5,18,9,9,控制相关考试题目生成流程,控制相关考试题目生成流程,控制相关考试题目生成流程,控制相关考试题目生成流程,控制相关考试题目生成流程,控制相关考试题目生成流程,控制相关考试题目生成流程,控制相关考试题目生成流程,控制相关考试题目生成流程,控制相关考试题目生成流程,控制相关考试题目生成流程,控制相关考试题目生成流程,控制相关考试题目生成流程,控制相关考试题目生成流程,控制相关考试题目生成流程,控制相关考试题目生成流程,控制相关考试题目生成流程,控制相关考试题目生成流程
control_ds.csv,21,control,控制相关考试题目生成流程,新员工培训期，生成考试,实际工况适配性,全工况场景,2021/6/1,18,9,9,控制相关考试题目生成流程,控制相关考试题目生成流程,控制相关考试题目生成流程,控制相关考试题目生成流程,控制相关考试题目生成流程,控制相关考试题目生成流程,控制相关考试题目生成流程,控制相关考试题目生成流程,控制相关考试题目生成流程,控制相关考试题目生成流程,控制相关考试题目生成流程,控制相关考试题目生成流程,控制相关考试题目生成流程,控制相关考试题目生成流程,控制相关考试题目生成流程,控制相关考试题目生成流程,控制相关考试题目生成流程,控制相关考试题目生成流程
control_ds.csv,21,control,控制相关考试题目生成流程,技能提升培训，生成考试,实际工况适配性,全工况场景,2021/6/2,18,9,9,控制相关考试题目生成流程,控制相关考试题目生成流程,控制相关考试题目生成流程,控制相关考试题目生成流程,控制相关考试题目生成流程,控制相关考试题目生成流程,控制相关考试题目生成流程,控制相关考试题目生成流程,控制相关考试题目生成流程,控制相关考试题目生成流程,控制相关考试题目生成流程,控制相关考试题目生成流程,控制相关考试题目生成流程,控制相关考试题目生成流程,控制相关考试题目生成流程,控制相关考试题目生成流程,控制相关考试题目生成流程,控制相关考试题目生成流程
control_ds.csv,21,control,控制相关考试题目生成流程,岗位认证考核，生成考试,实际工况适配性,全工况场景,2021/6/3,18,9,9,控制相关考试题目生成流程,控制相关考试题目生成流程,控制相关考试题目生成流程,控制相关考试题目生成流程,控制相关考试题目生成流程,控制相关考试题目生成流程,控制相关考试题目生成流程,控制相关考试题目生成流程,控制相关考试题目生成流程,控制相关考试题目生成流程,控制相关考试题目生成流程,控制相关考试题目生成流程,控制相关考试题目生成流程,控制相关考试题目生成流程,控制相关考试题目生成流程,控制相关考试题目生成流程,控制相关考试题目生成流程,控制相关考试题目生成流程
control_ds.csv,21,control,控制相关考试题目生成流程,继续教育要求，生成考试,实际工况适配性,全工况场景,2021/6/4,18,9,9,控制相关考试题目生成流程,控制相关考试题目生成流程,控制相关考试题目生成流程,控制相关考试题目生成流程,控制相关考试题目生成流程,控制相关考试题目生成流程,控制相关考试题目生成流程,控制相关考试题目生成流程,控制相关考试题目生成流程,控制相关考试题目生成流程,控制相关考试题目生成流程,控制相关考试题目生成流程,控制相关考试题目生成流程,控制相关考试题目生成流程,控制相关考试题目生成流程,控制相关考试题目生成流程,控制相关考试题目生成流程,控制相关考试题目生成流程
control_ds.csv,21,control,控制相关考试题目生成流程,专业水平测试，生成考试,实际工况适配性,全工况场景,2021/6/5,18,9,9,控制相关考试题目生成流程,控制相关考试题目生成流程,控制相关考试题目生成流程,控制相关考试题目生成流程,控制相关考试题目生成流程,控制相关考试题目生成流程,控制相关考试题目生成流程,控制相关考试题目生成流程,控制相关考试题目生成流程,控制相关考试题目生成流程,控制相关考试题目生成流程,控制相关考试题目生成流程,控制相关考试题目生成流程,控制相关考试题目生成流程,控制相关考试题目生成流程,控制相关考试题目生成流程,控制相关考试题目生成流程,控制相关考试题目生成流程
evaluation_ds.csv,6,evaluation,产品质量指标调整操作规划流程,我想调整常顶油终馏点，应该如何操作,场景与功能全覆盖,直接复用语料,2006/1/1,18,9,9,产品质量指标调整操作规划流程,产品质量指标调整操作规划流程,产品质量指标调整操作规划流程,产品质量指标调整操作规划流程,产品质量指标调整操作规划流程,产品质量指标调整操作规划流程,产品质量指标调整操作规划流程,产品质量指标调整操作规划流程,产品质量指标调整操作规划流程,产品质量指标调整操作规划流程,产品质量指标调整操作规划流程,产品质量指标调整操作规划流程,产品质量指标调整操作规划流程,产品质量指标调整操作规划流程,产品质量指标调整操作规划流程,产品质量指标调整操作规划流程,产品质量指标调整操作规划流程,产品质量指标调整操作规划流程
evaluation_ds.csv,6,evaluation,产品质量指标调整操作规划流程,乙醇合成装置在不改变进料的基础上，提高乙醇的纯度，应该如何操作？,场景与功能全覆盖,直接复用语料,2006/1/2,18,9,9,产品质量指标调整操作规划流程,产品质量指标调整操作规划流程,产品质量指标调整操作规划流程,产品质量指标调整操作规划流程,产品质量指标调整操作规划流程,产品质量指标调整操作规划流程,产品质量指标调整操作规划流程,产品质量指标调整操作规划流程,产品质量指标调整操作规划流程,产品质量指标调整操作规划流程,产品质量指标调整操作规划流程,产品质量指标调整操作规划流程,产品质量指标调整操作规划流程,产品质量指标调整操作规划流程,产品质量指标调整操作规划流程,产品质量指标调整操作规划流程,产品质量指标调整操作规划流程,产品质量指标调整操作规划流程
evaluation_ds.csv,6,evaluation,产品质量指标调整操作规划流程,我想调整柴油加氢装置的产品质量指标，该如何操作,场景与功能全覆盖,直接复用语料,2006/1/3,18,9,9,产品质量指标调整操作规划流程,产品质量指标调整操作规划流程,产品质量指标调整操作规划流程,产品质量指标调整操作规划流程,产品质量指标调整操作规划流程,产品质量指标调整操作规划流程,产品质量指标调整操作规划流程,产品质量指标调整操作规划流程,产品质量指标调整操作规划流程,产品质量指标调整操作规划流程,产品质量指标调整操作规划流程,产品质量指标调整操作规划流程,产品质量指标调整操作规划流程,产品质量指标调整操作规划流程,产品质量指标调整操作规划流程,产品质量指标调整操作规划流程,产品质量指标调整操作规划流程,产品质量指标调整操作规划流程
evaluation_ds.csv,6,evaluation,产品质量指标调整操作规划流程,我想降低常顶油的抽出温度，该如何操作？,场景与功能全覆盖,直接复用语料,2006/1/4,18,9,9,产品质量指标调整操作规划流程,产品质量指标调整操作规划流程,产品质量指标调整操作规划流程,产品质量指标调整操作规划流程,产品质量指标调整操作规划流程,产品质量指标调整操作规划流程,产品质量指标调整操作规划流程,产品质量指标调整操作规划流程,产品质量指标调整操作规划流程,产品质量指标调整操作规划流程,产品质量指标调整操作规划流程,产品质量指标调整操作规划流程,产品质量指标调整操作规划流程,产品质量指标调整操作规划流程,产品质量指标调整操作规划流程,产品质量指标调整操作规划流程,产品质量指标调整操作规划流程,产品质量指标调整操作规划流程
evaluation_ds.csv,6,evaluation,产品质量指标调整操作规划流程,我想提高乙烯的双烯纯度，应该如何操作？,场景与功能全覆盖,直接复用语料,2006/1/5,18,9,9,产品质量指标调整操作规划流程,产品质量指标调整操作规划流程,产品质量指标调整操作规划流程,产品质量指标调整操作规划流程,产品质量指标调整操作规划流程,产品质量指标调整操作规划流程,产品质量指标调整操作规划流程,产品质量指标调整操作规划流程,产品质量指标调整操作规划流程,产品质量指标调整操作规划流程,产品质量指标调整操作规划流程,产品质量指标调整操作规划流程,产品质量指标调整操作规划流程,产品质量指标调整操作规划流程,产品质量指标调整操作规划流程,产品质量指标调整操作规划流程,产品质量指标调整操作规划流程,产品质量指标调整操作规划流程
evaluation_ds.csv,6,evaluation,产品质量指标调整操作规划流程,常顶油终馏点调整操作方案规划与制定,输入表述形态多样性,专业规范表述,2006/2/1,18,9,9,产品质量指标调整操作规划流程,产品质量指标调整操作规划流程,产品质量指标调整操作规划流程,产品质量指标调整操作规划流程,产品质量指标调整操作规划流程,产品质量指标调整操作规划流程,产品质量指标调整操作规划流程,产品质量指标调整操作规划流程,产品质量指标调整操作规划流程,产品质量指标调整操作规划流程,产品质量指标调整操作规划流程,产品质量指标调整操作规划流程,产品质量指标调整操作规划流程,产品质量指标调整操作规划流程,产品质量指标调整操作规划流程,产品质量指标调整操作规划流程,产品质量指标调整操作规划流程,产品质量指标调整操作规划流程
evaluation_ds.csv,6,evaluation,产品质量指标调整操作规划流程,乙醇合成装置乙醇纯度提升操作规划，保持进料不变,输入表述形态多样性,专业规范表述,2006/2/2,18,9,9,产品质量指标调整操作规划流程,产品质量指标调整操作规划流程,产品质量指标调整操作规划流程,产品质量指标调整操作规划流程,产品质量指标调整操作规划流程,产品质量指标调整操作规划流程,产品质量指标调整操作规划流程,产品质量指标调整操作规划流程,产品质量指标调整操作规划流程,产品质量指标调整操作规划流程,产品质量指标调整操作规划流程,产品质量指标调整操作规划流程,产品质量指标调整操作规划流程,产品质量指标调整操作规划流程,产品质量指标调整操作规划流程,产品质量指标调整操作规划流程,产品质量指标调整操作规划流程,产品质量指标调整操作规划流程
evaluation_ds.csv,6,evaluation,产品质量指标调整操作规划流程,柴油加氢装置产品质量指标调整操作方案设计,输入表述形态多样性,专业规范表述,2006/2/3,17,8,9,产品质量指标调整操作规划流程,产品质量指标调整操作规划流程,产品质量指标调整操作规划流程,,产品质量指标调整操作规划流程,产品质量指标调整操作规划流程,产品质量指标调整操作规划流程,产品质量指标调整操作规划流程,产品质量指标调整操作规划流程,产品质量指标调整操作规划流程,产品质量指标调整操作规划流程,产品质量指标调整操作规划流程,产品质量指标调整操作规划流程,产品质量指标调整操作规划流程,产品质量指标调整操作规划流程,产品质量指标调整操作规划流程,产品质量指标调整操作规划流程,产品质量指标调整操作规划流程
evaluation_ds.csv,6,evaluation,产品质量指标调整操作规划流程,常顶油抽出温度降低操作步骤规划,输入表述形态多样性,专业规范表述,2006/2/4,18,9,9,产品质量指标调整操作规划流程,产品质量指标调整操作规划流程,产品质量指标调整操作规划流程,产品质量指标调整操作规划流程,产品质量指标调整操作规划流程,产品质量指标调整操作规划流程,产品质量指标调整操作规划流程,产品质量指标调整操作规划流程,产品质量指标调整操作规划流程,产品质量指标调整操作规划流程,产品质量指标调整操作规划流程,产品质量指标调整操作规划流程,产品质量指标调整操作规划流程,产品质量指标调整操作规划流程,产品质量指标调整操作规划流程,产品质量指标调整操作规划流程,产品质量指标调整操作规划流程,产品质量指标调整操作规划流程
evaluation_ds.csv,6,evaluation,产品质量指标调整操作规划流程,乙烯双烯纯度提高操作方案制定,输入表述形态多样性,专业规范表述,2006/2/5,0,0,0,装置能耗优化与气化炉有效气提升流程,装置能耗优化与气化炉有效气提升流程,装置能耗优化与气化炉有效气提升流程,装置能耗优化与气化炉有效气提升流程,装置能耗优化与气化炉有效气提升流程,装置能耗优化与气化炉有效气提升流程,装置能耗优化与气化炉有效气提升流程,装置能耗优化与气化炉有效气提升流程,装置能耗优化与气化炉有效气提升流程,装置能耗优化与气化炉有效气提升流程,装置能耗优化与气化炉有效气提升流程,装置能耗优化与气化炉有效气提升流程,装置能耗优化与气化炉有效气提升流程,装置能耗优化与气化炉有效气提升流程,装置能耗优化与气化炉有效气提升流程,装置能耗优化与气化炉有效气提升流程,装置能耗优化与气化炉有效气提升流程,装置能耗优化与气化炉有效气提升流程
evaluation_ds.csv,6,evaluation,产品质量指标调整操作规划流程,常顶油终馏点怎么调，操作指导,输入表述形态多样性,口语化简化表述,2006/3/1,18,9,9,产品质量指标调整操作规划流程,产品质量指标调整操作规划流程,产品质量指标调整操作规划流程,产品质量指标调整操作规划流程,产品质量指标调整操作规划流程,产品质量指标调整操作规划流程,产品质量指标调整操作规划流程,产品质量指标调整操作规划流程,产品质量指标调整操作规划流程,产品质量指标调整操作规划流程,产品质量指标调整操作规划流程,产品质量指标调整操作规划流程,产品质量指标调整操作规划流程,产品质量指标调整操作规划流程,产品质量指标调整操作规划流程,产品质量指标调整操作规划流程,产品质量指标调整操作规划流程,产品质量指标调整操作规划流程
evaluation_ds.csv,6,evaluation,产品质量指标调整操作规划流程,乙醇纯度提高，不改变进料怎么操作,输入表述形态多样性,口语化简化表述,2006/3/2,18,9,9,产品质量指标调整操作规划流程,产品质量指标调整操作规划流程,产品质量指标调整操作规划流程,产品质量指标调整操作规划流程,产品质量指标调整操作规划流程,产品质量指标调整操作规划流程,产品质量指标调整操作规划流程,产品质量指标调整操作规划流程,产品质量指标调整操作规划流程,产品质量指标调整操作规划流程,产品质量指标调整操作规划流程,产品质量指标调整操作规划流程,产品质量指标调整操作规划流程,产品质量指标调整操作规划流程,产品质量指标调整操作规划流程,产品质量指标调整操作规划流程,产品质量指标调整操作规划流程,产品质量指标调整操作规划流程
evaluation_ds.csv,6,evaluation,产品质量指标调整操作规划流程,柴油加氢产品质量调整，操作步骤,输入表述形态多样性,口语化简化表述,2006/3/3,18,9,9,产品质量指标调整操作规划流程,产品质量指标调整操作规划流程,产品质量指标调整操作规划流程,产品质量指标调整操作规划流程,产品质量指标调整操作规划流程,产品质量指标调整操作规划流程,产品质量指标调整操作规划流程,产品质量指标调整操作规划流程,产品质量指标调整操作规划流程,产品质量指标调整操作规划流程,产品质量指标调整操作规划流程,产品质量指标调整操作规划流程,产品质量指标调整操作规划流程,产品质量指标调整操作规划流程,产品质量指标调整操作规划流程,产品质量指标调整操作规划流程,产品质量指标调整操作规划流程,产品质量指标调整操作规划流程
evaluation_ds.csv,6,evaluation,产品质量指标调整操作规划流程,常顶油抽出温度降低，怎么操作,输入表述形态多样性,口语化简化表述,2006/3/4,18,9,9,产品质量指标调整操作规划流程,产品质量指标调整操作规划流程,产品质量指标调整操作规划流程,产品质量指标调整操作规划流程,产品质量指标调整操作规划流程,产品质量指标调整操作规划流程,产品质量指标调整操作规划流程,产品质量指标调整操作规划流程,产品质量指标调整操作规划流程,产品质量指标调整操作规划流程,产品质量指标调整操作规划流程,产品质量指标调整操作规划流程,产品质量指标调整操作规划流程,产品质量指标调整操作规划流程,产品质量指标调整操作规划流程,产品质量指标调整操作规划流程,产品质量指标调整操作规划流程,产品质量指标调整操作规划流程
evaluation_ds.csv,6,evaluation,产品质量指标调整操作规划流程,乙烯双烯纯度提高，操作方案,输入表述形态多样性,口语化简化表述,2006/3/5,0,0,0,装置能耗优化与气化炉有效气提升流程,装置能耗优化与气化炉有效气提升流程,装置能耗优化与气化炉有效气提升流程,装置能耗优化与气化炉有效气提升流程,装置能耗优化与气化炉有效气提升流程,装置能耗优化与气化炉有效气提升流程,装置能耗优化与气化炉有效气提升流程,装置能耗优化与气化炉有效气提升流程,装置能耗优化与气化炉有效气提升流程,装置能耗优化与气化炉有效气提升流程,装置能耗优化与气化炉有效气提升流程,装置能耗优化与气化炉有效气提升流程,装置能耗优化与气化炉有效气提升流程,装置能耗优化与气化炉有效气提升流程,装置能耗优化与气化炉有效气提升流程,装置能耗优化与气化炉有效气提升流程,装置能耗优化与气化炉有效气提升流程,装置能耗优化与气化炉有效气提升流程
evaluation_ds.csv,6,evaluation,产品质量指标调整操作规划流程,查询常顶油终馏点当前值（非调整操作）,意图边界与歧义性,相似意图区分,2006/4/1,0,0,0,PID回路参数查询与基础信息维护流程,PID回路参数查询与基础信息维护流程,PID回路参数查询与基础信息维护流程,PID回路参数查询与基础信息维护流程,PID回路参数查询与基础信息维护流程,PID回路参数查询与基础信息维护流程,PID回路参数查询与基础信息维护流程,PID回路参数查询与基础信息维护流程,PID回路参数查询与基础信息维护流程,PID回路参数查询与基础信息维护流程,,PID回路参数查询与基础信息维护流程,PID回路参数查询与基础信息维护流程,,PID回路参数查询与基础信息维护流程,PID回路参数查询与基础信息维护流程,PID回路参数查询与基础信息维护流程,PID回路参数查询与基础信息维护流程
evaluation_ds.csv,6,evaluation,产品质量指标调整操作规划流程,我想调整常顶油终馏点，应该如何操作（核心意图）,意图边界与歧义性,相似意图区分,2006/4/2,18,9,9,产品质量指标调整操作规划流程,产品质量指标调整操作规划流程,产品质量指标调整操作规划流程,产品质量指标调整操作规划流程,产品质量指标调整操作规划流程,产品质量指标调整操作规划流程,产品质量指标调整操作规划流程,产品质量指标调整操作规划流程,产品质量指标调整操作规划流程,产品质量指标调整操作规划流程,产品质量指标调整操作规划流程,产品质量指标调整操作规划流程,产品质量指标调整操作规划流程,产品质量指标调整操作规划流程,产品质量指标调整操作规划流程,产品质量指标调整操作规划流程,产品质量指标调整操作规划流程,产品质量指标调整操作规划流程
evaluation_ds.csv,6,evaluation,产品质量指标调整操作规划流程,监控常顶油终馏点变化（非调整操作）,意图边界与歧义性,相似意图区分,2006/4/3,0,0,0,裂解炉产物成分实时预测流程,裂解炉产物成分实时预测流程,裂解炉产物成分实时预测流程,裂解炉产物成分实时预测流程,裂解炉产物成分实时预测流程,裂解炉产物成分实时预测流程,裂解炉产物成分实时预测流程,裂解炉产物成分实时预测流程,裂解炉产物成分实时预测流程,裂解炉产物成分实时预测流程,裂解炉产物成分实时预测流程,裂解炉产物成分实时预测流程,裂解炉产物成分实时预测流程,裂解炉产物成分实时预测流程,裂解炉产物成分实时预测流程,裂解炉产物成分实时预测流程,裂解炉产物成分实时预测流程,裂解炉产物成分实时预测流程
evaluation_ds.csv,6,evaluation,产品质量指标调整操作规划流程,校准常顶油终馏点测量（非调整操作）,意图边界与歧义性,相似意图区分,2006/4/4,0,0,0,PID回路性能评估与异常诊断流程,PID回路性能评估与异常诊断流程,PID回路性能评估与异常诊断流程,PID回路性能评估与异常诊断流程,PID回路性能评估与异常诊断流程,PID回路性能评估与异常诊断流程,PID回路性能评估与异常诊断流程,PID回路性能评估与异常诊断流程,PID回路性能评估与异常诊断流程,PID回路参数查询与基础信息维护流程,PID回路参数查询与基础信息维护流程,PID回路参数查询与基础信息维护流程,PID回路参数查询与基础信息维护流程,PID回路参数查询与基础信息维护流程,PID回路参数查询与基础信息维护流程,PID回路参数查询与基础信息维护流程,PID回路参数查询与基础信息维护流程,PID回路参数查询与基础信息维护流程
evaluation_ds.csv,6,evaluation,产品质量指标调整操作规划流程,备份常顶油操作参数（非调整操作）,意图边界与歧义性,相似意图区分,2006/4/5,0,0,0,PID回路参数查询与基础信息维护流程,PID回路参数查询与基础信息维护流程,PID回路参数查询与基础信息维护流程,PID回路参数查询与基础信息维护流程,PID回路参数查询与基础信息维护流程,PID回路参数查询与基础信息维护流程,PID回路参数查询与基础信息维护流程,PID回路参数查询与基础信息维护流程,PID回路参数查询与基础信息维护流程,PID回路参数查询与基础信息维护流程,PID回路参数查询与基础信息维护流程,PID回路参数查询与基础信息维护流程,PID回路参数查询与基础信息维护流程,PID回路参数查询与基础信息维护流程,PID回路参数查询与基础信息维护流程,PID回路参数查询与基础信息维护流程,PID回路参数查询与基础信息维护流程,PID回路参数查询与基础信息维护流程
evaluation_ds.csv,6,evaluation,产品质量指标调整操作规划流程,产品质量指标要求提高，我想调整常顶油终馏点，应该如何操作,干扰因素与鲁棒性,冗余信息叠加,2006/5/1,18,9,9,产品质量指标调整操作规划流程,产品质量指标调整操作规划流程,产品质量指标调整操作规划流程,产品质量指标调整操作规划流程,产品质量指标调整操作规划流程,产品质量指标调整操作规划流程,产品质量指标调整操作规划流程,产品质量指标调整操作规划流程,产品质量指标调整操作规划流程,产品质量指标调整操作规划流程,产品质量指标调整操作规划流程,产品质量指标调整操作规划流程,产品质量指标调整操作规划流程,产品质量指标调整操作规划流程,产品质量指标调整操作规划流程,产品质量指标调整操作规划流程,产品质量指标调整操作规划流程,产品质量指标调整操作规划流程
evaluation_ds.csv,6,evaluation,产品质量指标调整操作规划流程,原料性质变化影响产品质量，乙醇合成装置在不改变进料的基础上，提高乙醇的纯度，应该如何操作？,干扰因素与鲁棒性,冗余信息叠加,2006/5/2,17,9,8,产品质量指标调整操作规划流程,产品质量指标调整操作规划流程,产品质量指标调整操作规划流程,产品质量指标调整操作规划流程,产品质量指标调整操作规划流程,产品质量指标调整操作规划流程,产品质量指标调整操作规划流程,产品质量指标调整操作规划流程,产品质量指标调整操作规划流程,产品质量指标调整操作规划流程,产品质量指标调整操作规划流程,产品质量指标调整操作规划流程,产品质量指标调整操作规划流程,产品质量指标调整操作规划流程,产品质量指标调整操作规划流程,产品质量指标调整操作规划流程,产品质量指标调整操作规划流程,
evaluation_ds.csv,6,evaluation,产品质量指标调整操作规划流程,市场需求变化，我想调整柴油加氢装置的产品质量指标，该如何操作,干扰因素与鲁棒性,冗余信息叠加,2006/5/3,18,9,9,产品质量指标调整操作规划流程,产品质量指标调整操作规划流程,产品质量指标调整操作规划流程,产品质量指标调整操作规划流程,产品质量指标调整操作规划流程,产品质量指标调整操作规划流程,产品质量指标调整操作规划流程,产品质量指标调整操作规划流程,产品质量指标调整操作规划流程,产品质量指标调整操作规划流程,产品质量指标调整操作规划流程,产品质量指标调整操作规划流程,产品质量指标调整操作规划流程,产品质量指标调整操作规划流程,产品质量指标调整操作规划流程,产品质量指标调整操作规划流程,产品质量指标调整操作规划流程,产品质量指标调整操作规划流程
evaluation_ds.csv,6,evaluation,产品质量指标调整操作规划流程,能耗优化需求，我想降低常顶油的抽出温度，该如何操作？,干扰因素与鲁棒性,冗余信息叠加,2006/5/4,18,9,9,产品质量指标调整操作规划流程,产品质量指标调整操作规划流程,产品质量指标调整操作规划流程,产品质量指标调整操作规划流程,产品质量指标调整操作规划流程,产品质量指标调整操作规划流程,产品质量指标调整操作规划流程,产品质量指标调整操作规划流程,产品质量指标调整操作规划流程,产品质量指标调整操作规划流程,产品质量指标调整操作规划流程,产品质量指标调整操作规划流程,产品质量指标调整操作规划流程,产品质量指标调整操作规划流程,产品质量指标调整操作规划流程,产品质量指标调整操作规划流程,产品质量指标调整操作规划流程,产品质量指标调整操作规划流程
evaluation_ds.csv,6,evaluation,产品质量指标调整操作规划流程,产品升级要求，我想提高乙烯的双烯纯度，应该如何操作？,干扰因素与鲁棒性,冗余信息叠加,2006/5/5,18,9,9,产品质量指标调整操作规划流程,产品质量指标调整操作规划流程,产品质量指标调整操作规划流程,产品质量指标调整操作规划流程,产品质量指标调整操作规划流程,产品质量指标调整操作规划流程,产品质量指标调整操作规划流程,产品质量指标调整操作规划流程,产品质量指标调整操作规划流程,产品质量指标调整操作规划流程,产品质量指标调整操作规划流程,产品质量指标调整操作规划流程,产品质量指标调整操作规划流程,产品质量指标调整操作规划流程,产品质量指标调整操作规划流程,产品质量指标调整操作规划流程,产品质量指标调整操作规划流程,产品质量指标调整操作规划流程
evaluation_ds.csv,6,evaluation,产品质量指标调整操作规划流程,新装置投运调试，我想调整常顶油终馏点，应该如何操作,实际工况适配性,全工况场景,2006/6/1,18,9,9,产品质量指标调整操作规划流程,产品质量指标调整操作规划流程,产品质量指标调整操作规划流程,产品质量指标调整操作规划流程,产品质量指标调整操作规划流程,产品质量指标调整操作规划流程,产品质量指标调整操作规划流程,产品质量指标调整操作规划流程,产品质量指标调整操作规划流程,产品质量指标调整操作规划流程,产品质量指标调整操作规划流程,产品质量指标调整操作规划流程,产品质量指标调整操作规划流程,产品质量指标调整操作规划流程,产品质量指标调整操作规划流程,产品质量指标调整操作规划流程,产品质量指标调整操作规划流程,产品质量指标调整操作规划流程
evaluation_ds.csv,6,evaluation,产品质量指标调整操作规划流程,原料切换期间，乙醇合成装置在不改变进料的基础上，提高乙醇的纯度，应该如何操作？,实际工况适配性,全工况场景,2006/6/2,17,8,9,产品质量指标调整操作规划流程,产品质量指标调整操作规划流程,产品质量指标调整操作规划流程,产品质量指标调整操作规划流程,产品质量指标调整操作规划流程,产品质量指标调整操作规划流程,产品质量指标调整操作规划流程,APC控制方案优化与设备稳定性提升流程,产品质量指标调整操作规划流程,产品质量指标调整操作规划流程,产品质量指标调整操作规划流程,产品质量指标调整操作规划流程,产品质量指标调整操作规划流程,产品质量指标调整操作规划流程,产品质量指标调整操作规划流程,产品质量指标调整操作规划流程,产品质量指标调整操作规划流程,产品质量指标调整操作规划流程
evaluation_ds.csv,6,evaluation,产品质量指标调整操作规划流程,产品质量波动时，我想调整柴油加氢装置的产品质量指标，该如何操作,实际工况适配性,全工况场景,2006/6/3,18,9,9,产品质量指标调整操作规划流程,产品质量指标调整操作规划流程,产品质量指标调整操作规划流程,产品质量指标调整操作规划流程,产品质量指标调整操作规划流程,产品质量指标调整操作规划流程,产品质量指标调整操作规划流程,产品质量指标调整操作规划流程,产品质量指标调整操作规划流程,产品质量指标调整操作规划流程,产品质量指标调整操作规划流程,产品质量指标调整操作规划流程,产品质量指标调整操作规划流程,产品质量指标调整操作规划流程,产品质量指标调整操作规划流程,产品质量指标调整操作规划流程,产品质量指标调整操作规划流程,产品质量指标调整操作规划流程
evaluation_ds.csv,6,evaluation,产品质量指标调整操作规划流程,设备故障恢复后，我想降低常顶油的抽出温度，该如何操作？,实际工况适配性,全工况场景,2006/6/4,18,9,9,产品质量指标调整操作规划流程,产品质量指标调整操作规划流程,产品质量指标调整操作规划流程,产品质量指标调整操作规划流程,产品质量指标调整操作规划流程,产品质量指标调整操作规划流程,产品质量指标调整操作规划流程,产品质量指标调整操作规划流程,产品质量指标调整操作规划流程,产品质量指标调整操作规划流程,产品质量指标调整操作规划流程,产品质量指标调整操作规划流程,产品质量指标调整操作规划流程,产品质量指标调整操作规划流程,产品质量指标调整操作规划流程,产品质量指标调整操作规划流程,产品质量指标调整操作规划流程,产品质量指标调整操作规划流程
evaluation_ds.csv,6,evaluation,产品质量指标调整操作规划流程,工艺优化期，我想提高乙烯的双烯纯度，应该如何操作？,实际工况适配性,全工况场景,2006/6/5,18,9,9,产品质量指标调整操作规划流程,产品质量指标调整操作规划流程,产品质量指标调整操作规划流程,产品质量指标调整操作规划流程,产品质量指标调整操作规划流程,产品质量指标调整操作规划流程,产品质量指标调整操作规划流程,产品质量指标调整操作规划流程,产品质量指标调整操作规划流程,产品质量指标调整操作规划流程,产品质量指标调整操作规划流程,产品质量指标调整操作规划流程,产品质量指标调整操作规划流程,产品质量指标调整操作规划流程,产品质量指标调整操作规划流程,产品质量指标调整操作规划流程,产品质量指标调整操作规划流程,产品质量指标调整操作规划流程
evaluation_ds.csv,8,evaluation,渣油泵异常检测与故障诊断流程,请帮我识别渣油泵是否有异常？,场景与功能全覆盖,直接复用语料,2008/1/1,18,9,9,渣油泵异常检测与故障诊断流程,渣油泵异常检测与故障诊断流程,渣油泵异常检测与故障诊断流程,渣油泵异常检测与故障诊断流程,渣油泵异常检测与故障诊断流程,渣油泵异常检测与故障诊断流程,渣油泵异常检测与故障诊断流程,渣油泵异常检测与故障诊断流程,渣油泵异常检测与故障诊断流程,渣油泵异常检测与故障诊断流程,渣油泵异常检测与故障诊断流程,渣油泵异常检测与故障诊断流程,渣油泵异常检测与故障诊断流程,渣油泵异常检测与故障诊断流程,渣油泵异常检测与故障诊断流程,渣油泵异常检测与故障诊断流程,渣油泵异常检测与故障诊断流程,渣油泵异常检测与故障诊断流程
evaluation_ds.csv,8,evaluation,渣油泵异常检测与故障诊断流程,请识别渣油泵是否存在异常？,场景与功能全覆盖,直接复用语料,2008/1/2,18,9,9,渣油泵异常检测与故障诊断流程,渣油泵异常检测与故障诊断流程,渣油泵异常检测与故障诊断流程,渣油泵异常检测与故障诊断流程,渣油泵异常检测与故障诊断流程,渣油泵异常检测与故障诊断流程,渣油泵异常检测与故障诊断流程,渣油泵异常检测与故障诊断流程,渣油泵异常检测与故障诊断流程,渣油泵异常检测与故障诊断流程,渣油泵异常检测与故障诊断流程,渣油泵异常检测与故障诊断流程,渣油泵异常检测与故障诊断流程,渣油泵异常检测与故障诊断流程,渣油泵异常检测与故障诊断流程,渣油泵异常检测与故障诊断流程,渣油泵异常检测与故障诊断流程,渣油泵异常检测与故障诊断流程
evaluation_ds.csv,8,evaluation,渣油泵异常检测与故障诊断流程,请分析渣油泵是否存在异常？,场景与功能全覆盖,直接复用语料,2008/1/3,18,9,9,渣油泵异常检测与故障诊断流程,渣油泵异常检测与故障诊断流程,渣油泵异常检测与故障诊断流程,渣油泵异常检测与故障诊断流程,渣油泵异常检测与故障诊断流程,渣油泵异常检测与故障诊断流程,渣油泵异常检测与故障诊断流程,渣油泵异常检测与故障诊断流程,渣油泵异常检测与故障诊断流程,渣油泵异常检测与故障诊断流程,渣油泵异常检测与故障诊断流程,渣油泵异常检测与故障诊断流程,渣油泵异常检测与故障诊断流程,渣油泵异常检测与故障诊断流程,渣油泵异常检测与故障诊断流程,渣油泵异常检测与故障诊断流程,渣油泵异常检测与故障诊断流程,渣油泵异常检测与故障诊断流程
evaluation_ds.csv,8,evaluation,渣油泵异常检测与故障诊断流程,请分析渣油泵是否正常？,场景与功能全覆盖,直接复用语料,2008/1/4,18,9,9,渣油泵异常检测与故障诊断流程,渣油泵异常检测与故障诊断流程,渣油泵异常检测与故障诊断流程,渣油泵异常检测与故障诊断流程,渣油泵异常检测与故障诊断流程,渣油泵异常检测与故障诊断流程,渣油泵异常检测与故障诊断流程,渣油泵异常检测与故障诊断流程,渣油泵异常检测与故障诊断流程,渣油泵异常检测与故障诊断流程,渣油泵异常检测与故障诊断流程,渣油泵异常检测与故障诊断流程,渣油泵异常检测与故障诊断流程,渣油泵异常检测与故障诊断流程,渣油泵异常检测与故障诊断流程,渣油泵异常检测与故障诊断流程,渣油泵异常检测与故障诊断流程,渣油泵异常检测与故障诊断流程
evaluation_ds.csv,8,evaluation,渣油泵异常检测与故障诊断流程,请识别渣油泵异常点,场景与功能全覆盖,直接复用语料,2008/1/5,18,9,9,渣油泵异常检测与故障诊断流程,渣油泵异常检测与故障诊断流程,渣油泵异常检测与故障诊断流程,渣油泵异常检测与故障诊断流程,渣油泵异常检测与故障诊断流程,渣油泵异常检测与故障诊断流程,渣油泵异常检测与故障诊断流程,渣油泵异常检测与故障诊断流程,渣油泵异常检测与故障诊断流程,渣油泵异常检测与故障诊断流程,渣油泵异常检测与故障诊断流程,渣油泵异常检测与故障诊断流程,渣油泵异常检测与故障诊断流程,渣油泵异常检测与故障诊断流程,渣油泵异常检测与故障诊断流程,渣油泵异常检测与故障诊断流程,渣油泵异常检测与故障诊断流程,渣油泵异常检测与故障诊断流程
evaluation_ds.csv,8,evaluation,渣油泵异常检测与故障诊断流程,执行渣油泵异常检测与故障诊断流程,输入表述形态多样性,专业规范表述,2008/2/1,0,0,0,,,,,,,,,,,,,,,,,,
evaluation_ds.csv,8,evaluation,渣油泵异常检测与故障诊断流程,渣油泵异常状态识别与故障分析,输入表述形态多样性,专业规范表述,2008/2/2,10,9,1,渣油泵异常检测与故障诊断流程,渣油泵异常检测与故障诊断流程,渣油泵异常检测与故障诊断流程,渣油泵异常检测与故障诊断流程,渣油泵异常检测与故障诊断流程,渣油泵异常检测与故障诊断流程,渣油泵异常检测与故障诊断流程,渣油泵异常检测与故障诊断流程,渣油泵异常检测与故障诊断流程,渣油泵异常检测与故障诊断流程,盐水流量调节阀离线异常检测流程,盐水流量调节阀离线异常检测流程,盐水流量调节阀离线异常检测流程,盐水流量调节阀离线异常检测流程,盐水流量调节阀离线异常检测流程,盐水流量调节阀离线异常检测流程,盐水流量调节阀离线异常检测流程,盐水流量调节阀离线异常检测流程
evaluation_ds.csv,8,evaluation,渣油泵异常检测与故障诊断流程,渣油泵运行状态异常检测及故障诊断,输入表述形态多样性,专业规范表述,2008/2/3,18,9,9,渣油泵异常检测与故障诊断流程,渣油泵异常检测与故障诊断流程,渣油泵异常检测与故障诊断流程,渣油泵异常检测与故障诊断流程,渣油泵异常检测与故障诊断流程,渣油泵异常检测与故障诊断流程,渣油泵异常检测与故障诊断流程,渣油泵异常检测与故障诊断流程,渣油泵异常检测与故障诊断流程,渣油泵异常检测与故障诊断流程,渣油泵异常检测与故障诊断流程,渣油泵异常检测与故障诊断流程,渣油泵异常检测与故障诊断流程,渣油泵异常检测与故障诊断流程,渣油泵异常检测与故障诊断流程,渣油泵异常检测与故障诊断流程,渣油泵异常检测与故障诊断流程,渣油泵异常检测与故障诊断流程
evaluation_ds.csv,8,evaluation,渣油泵异常检测与故障诊断流程,渣油泵设备异常识别与故障定位,输入表述形态多样性,专业规范表述,2008/2/4,18,9,9,渣油泵异常检测与故障诊断流程,渣油泵异常检测与故障诊断流程,渣油泵异常检测与故障诊断流程,渣油泵异常检测与故障诊断流程,渣油泵异常检测与故障诊断流程,渣油泵异常检测与故障诊断流程,渣油泵异常检测与故障诊断流程,渣油泵异常检测与故障诊断流程,渣油泵异常检测与故障诊断流程,渣油泵异常检测与故障诊断流程,渣油泵异常检测与故障诊断流程,渣油泵异常检测与故障诊断流程,渣油泵异常检测与故障诊断流程,渣油泵异常检测与故障诊断流程,渣油泵异常检测与故障诊断流程,渣油泵异常检测与故障诊断流程,渣油泵异常检测与故障诊断流程,渣油泵异常检测与故障诊断流程
evaluation_ds.csv,8,evaluation,渣油泵异常检测与故障诊断流程,渣油泵异常检测及故障诊断报告生成,输入表述形态多样性,专业规范表述,2008/2/5,18,9,9,渣油泵异常检测与故障诊断流程,渣油泵异常检测与故障诊断流程,渣油泵异常检测与故障诊断流程,渣油泵异常检测与故障诊断流程,渣油泵异常检测与故障诊断流程,渣油泵异常检测与故障诊断流程,渣油泵异常检测与故障诊断流程,渣油泵异常检测与故障诊断流程,渣油泵异常检测与故障诊断流程,渣油泵异常检测与故障诊断流程,渣油泵异常检测与故障诊断流程,渣油泵异常检测与故障诊断流程,渣油泵异常检测与故障诊断流程,渣油泵异常检测与故障诊断流程,渣油泵异常检测与故障诊断流程,渣油泵异常检测与故障诊断流程,渣油泵异常检测与故障诊断流程,渣油泵异常检测与故障诊断流程
evaluation_ds.csv,8,evaluation,渣油泵异常检测与故障诊断流程,渣油泵有没有异常，检测一下,输入表述形态多样性,口语化简化表述,2008/3/1,18,9,9,渣油泵异常检测与故障诊断流程,渣油泵异常检测与故障诊断流程,渣油泵异常检测与故障诊断流程,渣油泵异常检测与故障诊断流程,渣油泵异常检测与故障诊断流程,渣油泵异常检测与故障诊断流程,渣油泵异常检测与故障诊断流程,渣油泵异常检测与故障诊断流程,渣油泵异常检测与故障诊断流程,渣油泵异常检测与故障诊断流程,渣油泵异常检测与故障诊断流程,渣油泵异常检测与故障诊断流程,渣油泵异常检测与故障诊断流程,渣油泵异常检测与故障诊断流程,渣油泵异常检测与故障诊断流程,渣油泵异常检测与故障诊断流程,渣油泵异常检测与故障诊断流程,渣油泵异常检测与故障诊断流程
evaluation_ds.csv,8,evaluation,渣油泵异常检测与故障诊断流程,渣油泵异常识别，快点,输入表述形态多样性,口语化简化表述,2008/3/2,18,9,9,渣油泵异常检测与故障诊断流程,渣油泵异常检测与故障诊断流程,渣油泵异常检测与故障诊断流程,渣油泵异常检测与故障诊断流程,渣油泵异常检测与故障诊断流程,渣油泵异常检测与故障诊断流程,渣油泵异常检测与故障诊断流程,渣油泵异常检测与故障诊断流程,渣油泵异常检测与故障诊断流程,渣油泵异常检测与故障诊断流程,渣油泵异常检测与故障诊断流程,渣油泵异常检测与故障诊断流程,渣油泵异常检测与故障诊断流程,渣油泵异常检测与故障诊断流程,渣油泵异常检测与故障诊断流程,渣油泵异常检测与故障诊断流程,渣油泵异常检测与故障诊断流程,渣油泵异常检测与故障诊断流程
evaluation_ds.csv,8,evaluation,渣油泵异常检测与故障诊断流程,渣油泵正常吗，分析一下,输入表述形态多样性,口语化简化表述,2008/3/3,18,9,9,渣油泵异常检测与故障诊断流程,渣油泵异常检测与故障诊断流程,渣油泵异常检测与故障诊断流程,渣油泵异常检测与故障诊断流程,渣油泵异常检测与故障诊断流程,渣油泵异常检测与故障诊断流程,渣油泵异常检测与故障诊断流程,渣油泵异常检测与故障诊断流程,渣油泵异常检测与故障诊断流程,渣油泵异常检测与故障诊断流程,渣油泵异常检测与故障诊断流程,渣油泵异常检测与故障诊断流程,渣油泵异常检测与故障诊断流程,渣油泵异常检测与故障诊断流程,渣油泵异常检测与故障诊断流程,渣油泵异常检测与故障诊断流程,渣油泵异常检测与故障诊断流程,渣油泵异常检测与故障诊断流程
evaluation_ds.csv,8,evaluation,渣油泵异常检测与故障诊断流程,渣油泵异常点在哪里,输入表述形态多样性,口语化简化表述,2008/3/4,18,9,9,渣油泵异常检测与故障诊断流程,渣油泵异常检测与故障诊断流程,渣油泵异常检测与故障诊断流程,渣油泵异常检测与故障诊断流程,渣油泵异常检测与故障诊断流程,渣油泵异常检测与故障诊断流程,渣油泵异常检测与故障诊断流程,渣油泵异常检测与故障诊断流程,渣油泵异常检测与故障诊断流程,渣油泵异常检测与故障诊断流程,渣油泵异常检测与故障诊断流程,渣油泵异常检测与故障诊断流程,渣油泵异常检测与故障诊断流程,渣油泵异常检测与故障诊断流程,渣油泵异常检测与故障诊断流程,渣油泵异常检测与故障诊断流程,渣油泵异常检测与故障诊断流程,渣油泵异常检测与故障诊断流程
evaluation_ds.csv,8,evaluation,渣油泵异常检测与故障诊断流程,渣油泵故障诊断，做一下,输入表述形态多样性,口语化简化表述,2008/3/5,18,9,9,渣油泵异常检测与故障诊断流程,渣油泵异常检测与故障诊断流程,渣油泵异常检测与故障诊断流程,渣油泵异常检测与故障诊断流程,渣油泵异常检测与故障诊断流程,渣油泵异常检测与故障诊断流程,渣油泵异常检测与故障诊断流程,渣油泵异常检测与故障诊断流程,渣油泵异常检测与故障诊断流程,渣油泵异常检测与故障诊断流程,渣油泵异常检测与故障诊断流程,渣油泵异常检测与故障诊断流程,渣油泵异常检测与故障诊断流程,渣油泵异常检测与故障诊断流程,渣油泵异常检测与故障诊断流程,渣油泵异常检测与故障诊断流程,渣油泵异常检测与故障诊断流程,渣油泵异常检测与故障诊断流程
evaluation_ds.csv,8,evaluation,渣油泵异常检测与故障诊断流程,查询渣油泵运行参数（非异常检测）,意图边界与歧义性,相似意图区分,2008/4/1,0,0,0,,,,,,,,,,,,,,,,,,
evaluation_ds.csv,8,evaluation,渣油泵异常检测与故障诊断流程,请帮我识别渣油泵是否有异常（核心意图）,意图边界与歧义性,相似意图区分,2008/4/2,18,9,9,渣油泵异常检测与故障诊断流程,渣油泵异常检测与故障诊断流程,渣油泵异常检测与故障诊断流程,渣油泵异常检测与故障诊断流程,渣油泵异常检测与故障诊断流程,渣油泵异常检测与故障诊断流程,渣油泵异常检测与故障诊断流程,渣油泵异常检测与故障诊断流程,渣油泵异常检测与故障诊断流程,渣油泵异常检测与故障诊断流程,渣油泵异常检测与故障诊断流程,渣油泵异常检测与故障诊断流程,渣油泵异常检测与故障诊断流程,渣油泵异常检测与故障诊断流程,渣油泵异常检测与故障诊断流程,渣油泵异常检测与故障诊断流程,渣油泵异常检测与故障诊断流程,渣油泵异常检测与故障诊断流程
evaluation_ds.csv,8,evaluation,渣油泵异常检测与故障诊断流程,维护渣油泵设备（非异常检测）,意图边界与歧义性,相似意图区分,2008/4/3,0,0,0,,,,,,,,,,,,,,,,,,
evaluation_ds.csv,8,evaluation,渣油泵异常检测与故障诊断流程,校准渣油泵仪表（非异常检测）,意图边界与歧义性,相似意图区分,2008/4/4,0,0,0,,,,,,,,,,,,,,,,,,
evaluation_ds.csv,8,evaluation,渣油泵异常检测与故障诊断流程,优化渣油泵操作（非异常检测）,意图边界与歧义性,相似意图区分,2008/4/5,0,0,0,,,,,,,,,,,,,,,,,,
evaluation_ds.csv,8,evaluation,渣油泵异常检测与故障诊断流程,设备运行声音异常，请帮我识别渣油泵是否有异常？,干扰因素与鲁棒性,冗余信息叠加,2008/5/1,18,9,9,渣油泵异常检测与故障诊断流程,渣油泵异常检测与故障诊断流程,渣油泵异常检测与故障诊断流程,渣油泵异常检测与故障诊断流程,渣油泵异常检测与故障诊断流程,渣油泵异常检测与故障诊断流程,渣油泵异常检测与故障诊断流程,渣油泵异常检测与故障诊断流程,渣油泵异常检测与故障诊断流程,渣油泵异常检测与故障诊断流程,渣油泵异常检测与故障诊断流程,渣油泵异常检测与故障诊断流程,渣油泵异常检测与故障诊断流程,渣油泵异常检测与故障诊断流程,渣油泵异常检测与故障诊断流程,渣油泵异常检测与故障诊断流程,渣油泵异常检测与故障诊断流程,渣油泵异常检测与故障诊断流程
evaluation_ds.csv,8,evaluation,渣油泵异常检测与故障诊断流程,振动监测数据超标，请识别渣油泵是否存在异常？,干扰因素与鲁棒性,冗余信息叠加,2008/5/2,18,9,9,渣油泵异常检测与故障诊断流程,渣油泵异常检测与故障诊断流程,渣油泵异常检测与故障诊断流程,渣油泵异常检测与故障诊断流程,渣油泵异常检测与故障诊断流程,渣油泵异常检测与故障诊断流程,渣油泵异常检测与故障诊断流程,渣油泵异常检测与故障诊断流程,渣油泵异常检测与故障诊断流程,渣油泵异常检测与故障诊断流程,渣油泵异常检测与故障诊断流程,渣油泵异常检测与故障诊断流程,渣油泵异常检测与故障诊断流程,渣油泵异常检测与故障诊断流程,渣油泵异常检测与故障诊断流程,渣油泵异常检测与故障诊断流程,渣油泵异常检测与故障诊断流程,渣油泵异常检测与故障诊断流程
evaluation_ds.csv,8,evaluation,渣油泵异常检测与故障诊断流程,温度参数波动，请分析渣油泵是否存在异常？,干扰因素与鲁棒性,冗余信息叠加,2008/5/3,5,5,0,渣油泵异常检测与故障诊断流程,渣油泵异常检测与故障诊断流程,,,渣油泵异常检测与故障诊断流程,渣油泵异常检测与故障诊断流程,,,渣油泵异常检测与故障诊断流程,,,,,,,,,
evaluation_ds.csv,8,evaluation,渣油泵异常检测与故障诊断流程,操作员反映运行不稳定，请分析渣油泵是否正常？,干扰因素与鲁棒性,冗余信息叠加,2008/5/4,0,0,0,盐水流量调节阀离线异常检测流程,盐水流量调节阀离线异常检测流程,盐水流量调节阀离线异常检测流程,盐水流量调节阀离线异常检测流程,盐水流量调节阀离线异常检测流程,盐水流量调节阀离线异常检测流程,盐水流量调节阀离线异常检测流程,盐水流量调节阀离线异常检测流程,盐水流量调节阀离线异常检测流程,盐水流量调节阀离线异常检测流程,盐水流量调节阀离线异常检测流程,盐水流量调节阀离线异常检测流程,盐水流量调节阀离线异常检测流程,盐水流量调节阀离线异常检测流程,盐水流量调节阀离线异常检测流程,盐水流量调节阀离线异常检测流程,盐水流量调节阀离线异常检测流程,盐水流量调节阀离线异常检测流程
evaluation_ds.csv,8,evaluation,渣油泵异常检测与故障诊断流程,同类设备故障频发，请识别渣油泵异常点,干扰因素与鲁棒性,冗余信息叠加,2008/5/5,8,0,8,,,,,,,,,,,渣油泵异常检测与故障诊断流程,渣油泵异常检测与故障诊断流程,渣油泵异常检测与故障诊断流程,渣油泵异常检测与故障诊断流程,渣油泵异常检测与故障诊断流程,渣油泵异常检测与故障诊断流程,渣油泵异常检测与故障诊断流程,渣油泵异常检测与故障诊断流程
evaluation_ds.csv,8,evaluation,渣油泵异常检测与故障诊断流程,新渣油泵投运调试，请帮我识别渣油泵是否有异常？,实际工况适配性,全工况场景,2008/6/1,18,9,9,渣油泵异常检测与故障诊断流程,渣油泵异常检测与故障诊断流程,渣油泵异常检测与故障诊断流程,渣油泵异常检测与故障诊断流程,渣油泵异常检测与故障诊断流程,渣油泵异常检测与故障诊断流程,渣油泵异常检测与故障诊断流程,渣油泵异常检测与故障诊断流程,渣油泵异常检测与故障诊断流程,渣油泵异常检测与故障诊断流程,渣油泵异常检测与故障诊断流程,渣油泵异常检测与故障诊断流程,渣油泵异常检测与故障诊断流程,渣油泵异常检测与故障诊断流程,渣油泵异常检测与故障诊断流程,渣油泵异常检测与故障诊断流程,渣油泵异常检测与故障诊断流程,渣油泵异常检测与故障诊断流程
evaluation_ds.csv,8,evaluation,渣油泵异常检测与故障诊断流程,设备长期运行监测，请识别渣油泵是否存在异常？,实际工况适配性,全工况场景,2008/6/2,18,9,9,渣油泵异常检测与故障诊断流程,渣油泵异常检测与故障诊断流程,渣油泵异常检测与故障诊断流程,渣油泵异常检测与故障诊断流程,渣油泵异常检测与故障诊断流程,渣油泵异常检测与故障诊断流程,渣油泵异常检测与故障诊断流程,渣油泵异常检测与故障诊断流程,渣油泵异常检测与故障诊断流程,渣油泵异常检测与故障诊断流程,渣油泵异常检测与故障诊断流程,渣油泵异常检测与故障诊断流程,渣油泵异常检测与故障诊断流程,渣油泵异常检测与故障诊断流程,渣油泵异常检测与故障诊断流程,渣油泵异常检测与故障诊断流程,渣油泵异常检测与故障诊断流程,渣油泵异常检测与故障诊断流程
evaluation_ds.csv,8,evaluation,渣油泵异常检测与故障诊断流程,故障预警触发，请分析渣油泵是否存在异常？,实际工况适配性,全工况场景,2008/6/3,0,0,0,,,,,,,,,,,,,,,,,,
evaluation_ds.csv,8,evaluation,渣油泵异常检测与故障诊断流程,定期维护检查，请分析渣油泵是否正常？,实际工况适配性,全工况场景,2008/6/4,18,9,9,渣油泵异常检测与故障诊断流程,渣油泵异常检测与故障诊断流程,渣油泵异常检测与故障诊断流程,渣油泵异常检测与故障诊断流程,渣油泵异常检测与故障诊断流程,渣油泵异常检测与故障诊断流程,渣油泵异常检测与故障诊断流程,渣油泵异常检测与故障诊断流程,渣油泵异常检测与故障诊断流程,渣油泵异常检测与故障诊断流程,渣油泵异常检测与故障诊断流程,渣油泵异常检测与故障诊断流程,渣油泵异常检测与故障诊断流程,渣油泵异常检测与故障诊断流程,渣油泵异常检测与故障诊断流程,渣油泵异常检测与故障诊断流程,渣油泵异常检测与故障诊断流程,渣油泵异常检测与故障诊断流程
evaluation_ds.csv,8,evaluation,渣油泵异常检测与故障诊断流程,性能下降期，请识别渣油泵异常点,实际工况适配性,全工况场景,2008/6/5,18,9,9,渣油泵异常检测与故障诊断流程,渣油泵异常检测与故障诊断流程,渣油泵异常检测与故障诊断流程,渣油泵异常检测与故障诊断流程,渣油泵异常检测与故障诊断流程,渣油泵异常检测与故障诊断流程,渣油泵异常检测与故障诊断流程,渣油泵异常检测与故障诊断流程,渣油泵异常检测与故障诊断流程,渣油泵异常检测与故障诊断流程,渣油泵异常检测与故障诊断流程,渣油泵异常检测与故障诊断流程,渣油泵异常检测与故障诊断流程,渣油泵异常检测与故障诊断流程,渣油泵异常检测与故障诊断流程,渣油泵异常检测与故障诊断流程,渣油泵异常检测与故障诊断流程,渣油泵异常检测与故障诊断流程
evaluation_ds.csv,9,evaluation,盐水流量调节阀离线异常检测流程,请帮我识别盐水流量调节阀有什么异常？,场景与功能全覆盖,直接复用语料,2009/1/1,18,9,9,盐水流量调节阀离线异常检测流程,盐水流量调节阀离线异常检测流程,盐水流量调节阀离线异常检测流程,盐水流量调节阀离线异常检测流程,盐水流量调节阀离线异常检测流程,盐水流量调节阀离线异常检测流程,盐水流量调节阀离线异常检测流程,盐水流量调节阀离线异常检测流程,盐水流量调节阀离线异常检测流程,盐水流量调节阀离线异常检测流程,盐水流量调节阀离线异常检测流程,盐水流量调节阀离线异常检测流程,盐水流量调节阀离线异常检测流程,盐水流量调节阀离线异常检测流程,盐水流量调节阀离线异常检测流程,盐水流量调节阀离线异常检测流程,盐水流量调节阀离线异常检测流程,盐水流量调节阀离线异常检测流程
evaluation_ds.csv,9,evaluation,盐水流量调节阀离线异常检测流程,请分析盐水流量调节阀有什么异常？,场景与功能全覆盖,直接复用语料,2009/1/2,18,9,9,盐水流量调节阀离线异常检测流程,盐水流量调节阀离线异常检测流程,盐水流量调节阀离线异常检测流程,盐水流量调节阀离线异常检测流程,盐水流量调节阀离线异常检测流程,盐水流量调节阀离线异常检测流程,盐水流量调节阀离线异常检测流程,盐水流量调节阀离线异常检测流程,盐水流量调节阀离线异常检测流程,盐水流量调节阀离线异常检测流程,盐水流量调节阀离线异常检测流程,盐水流量调节阀离线异常检测流程,盐水流量调节阀离线异常检测流程,盐水流量调节阀离线异常检测流程,盐水流量调节阀离线异常检测流程,盐水流量调节阀离线异常检测流程,盐水流量调节阀离线异常检测流程,盐水流量调节阀离线异常检测流程
evaluation_ds.csv,9,evaluation,盐水流量调节阀离线异常检测流程,请分析盐水流量调节阀是否正常？,场景与功能全覆盖,直接复用语料,2009/1/3,18,9,9,盐水流量调节阀离线异常检测流程,盐水流量调节阀离线异常检测流程,盐水流量调节阀离线异常检测流程,盐水流量调节阀离线异常检测流程,盐水流量调节阀离线异常检测流程,盐水流量调节阀离线异常检测流程,盐水流量调节阀离线异常检测流程,盐水流量调节阀离线异常检测流程,盐水流量调节阀离线异常检测流程,盐水流量调节阀离线异常检测流程,盐水流量调节阀离线异常检测流程,盐水流量调节阀离线异常检测流程,盐水流量调节阀离线异常检测流程,盐水流量调节阀离线异常检测流程,盐水流量调节阀离线异常检测流程,盐水流量调节阀离线异常检测流程,盐水流量调节阀离线异常检测流程,盐水流量调节阀离线异常检测流程
evaluation_ds.csv,9,evaluation,盐水流量调节阀离线异常检测流程,请分析盐水流量调节阀不正常的原因,场景与功能全覆盖,直接复用语料,2009/1/4,18,9,9,盐水流量调节阀离线异常检测流程,盐水流量调节阀离线异常检测流程,盐水流量调节阀离线异常检测流程,盐水流量调节阀离线异常检测流程,盐水流量调节阀离线异常检测流程,盐水流量调节阀离线异常检测流程,盐水流量调节阀离线异常检测流程,盐水流量调节阀离线异常检测流程,盐水流量调节阀离线异常检测流程,盐水流量调节阀离线异常检测流程,盐水流量调节阀离线异常检测流程,盐水流量调节阀离线异常检测流程,盐水流量调节阀离线异常检测流程,盐水流量调节阀离线异常检测流程,盐水流量调节阀离线异常检测流程,盐水流量调节阀离线异常检测流程,盐水流量调节阀离线异常检测流程,盐水流量调节阀离线异常检测流程
evaluation_ds.csv,9,evaluation,盐水流量调节阀离线异常检测流程,请分析盐水流量调节阀是否存在异常，异常是什么？,场景与功能全覆盖,直接复用语料,2009/1/5,18,9,9,盐水流量调节阀离线异常检测流程,盐水流量调节阀离线异常检测流程,盐水流量调节阀离线异常检测流程,盐水流量调节阀离线异常检测流程,盐水流量调节阀离线异常检测流程,盐水流量调节阀离线异常检测流程,盐水流量调节阀离线异常检测流程,盐水流量调节阀离线异常检测流程,盐水流量调节阀离线异常检测流程,盐水流量调节阀离线异常检测流程,盐水流量调节阀离线异常检测流程,盐水流量调节阀离线异常检测流程,盐水流量调节阀离线异常检测流程,盐水流量调节阀离线异常检测流程,盐水流量调节阀离线异常检测流程,盐水流量调节阀离线异常检测流程,盐水流量调节阀离线异常检测流程,盐水流量调节阀离线异常检测流程
evaluation_ds.csv,9,evaluation,盐水流量调节阀离线异常检测流程,执行盐水流量调节阀离线异常检测流程,输入表述形态多样性,专业规范表述,2009/2/1,18,9,9,盐水流量调节阀离线异常检测流程,盐水流量调节阀离线异常检测流程,盐水流量调节阀离线异常检测流程,盐水流量调节阀离线异常检测流程,盐水流量调节阀离线异常检测流程,盐水流量调节阀离线异常检测流程,盐水流量调节阀离线异常检测流程,盐水流量调节阀离线异常检测流程,盐水流量调节阀离线异常检测流程,盐水流量调节阀离线异常检测流程,盐水流量调节阀离线异常检测流程,盐水流量调节阀离线异常检测流程,盐水流量调节阀离线异常检测流程,盐水流量调节阀离线异常检测流程,盐水流量调节阀离线异常检测流程,盐水流量调节阀离线异常检测流程,盐水流量调节阀离线异常检测流程,盐水流量调节阀离线异常检测流程
evaluation_ds.csv,9,evaluation,盐水流量调节阀离线异常检测流程,盐水流量调节阀异常状态离线检测与分析,输入表述形态多样性,专业规范表述,2009/2/2,18,9,9,盐水流量调节阀离线异常检测流程,盐水流量调节阀离线异常检测流程,盐水流量调节阀离线异常检测流程,盐水流量调节阀离线异常检测流程,盐水流量调节阀离线异常检测流程,盐水流量调节阀离线异常检测流程,盐水流量调节阀离线异常检测流程,盐水流量调节阀离线异常检测流程,盐水流量调节阀离线异常检测流程,盐水流量调节阀离线异常检测流程,盐水流量调节阀离线异常检测流程,盐水流量调节阀离线异常检测流程,盐水流量调节阀离线异常检测流程,盐水流量调节阀离线异常检测流程,盐水流量调节阀离线异常检测流程,盐水流量调节阀离线异常检测流程,盐水流量调节阀离线异常检测流程,盐水流量调节阀离线异常检测流程
evaluation_ds.csv,9,evaluation,盐水流量调节阀离线异常检测流程,盐水流量调节阀离线异常识别及原因分析,输入表述形态多样性,专业规范表述,2009/2/3,0,0,0,渣油泵异常检测与故障诊断流程,渣油泵异常检测与故障诊断流程,渣油泵异常检测与故障诊断流程,渣油泵异常检测与故障诊断流程,渣油泵异常检测与故障诊断流程,渣油泵异常检测与故障诊断流程,渣油泵异常检测与故障诊断流程,渣油泵异常检测与故障诊断流程,渣油泵异常检测与故障诊断流程,渣油泵异常检测与故障诊断流程,渣油泵异常检测与故障诊断流程,渣油泵异常检测与故障诊断流程,渣油泵异常检测与故障诊断流程,渣油泵异常检测与故障诊断流程,渣油泵异常检测与故障诊断流程,渣油泵异常检测与故障诊断流程,渣油泵异常检测与故障诊断流程,渣油泵异常检测与故障诊断流程
evaluation_ds.csv,9,evaluation,盐水流量调节阀离线异常检测流程,盐水流量调节阀运行状态离线评估,输入表述形态多样性,专业规范表述,2009/2/4,18,9,9,盐水流量调节阀离线异常检测流程,盐水流量调节阀离线异常检测流程,盐水流量调节阀离线异常检测流程,盐水流量调节阀离线异常检测流程,盐水流量调节阀离线异常检测流程,盐水流量调节阀离线异常检测流程,盐水流量调节阀离线异常检测流程,盐水流量调节阀离线异常检测流程,盐水流量调节阀离线异常检测流程,盐水流量调节阀离线异常检测流程,盐水流量调节阀离线异常检测流程,盐水流量调节阀离线异常检测流程,盐水流量调节阀离线异常检测流程,盐水流量调节阀离线异常检测流程,盐水流量调节阀离线异常检测流程,盐水流量调节阀离线异常检测流程,盐水流量调节阀离线异常检测流程,盐水流量调节阀离线异常检测流程
evaluation_ds.csv,9,evaluation,盐水流量调节阀离线异常检测流程,盐水流量调节阀离线异常检测报告生成,输入表述形态多样性,专业规范表述,2009/2/5,18,9,9,盐水流量调节阀离线异常检测流程,盐水流量调节阀离线异常检测流程,盐水流量调节阀离线异常检测流程,盐水流量调节阀离线异常检测流程,盐水流量调节阀离线异常检测流程,盐水流量调节阀离线异常检测流程,盐水流量调节阀离线异常检测流程,盐水流量调节阀离线异常检测流程,盐水流量调节阀离线异常检测流程,盐水流量调节阀离线异常检测流程,盐水流量调节阀离线异常检测流程,盐水流量调节阀离线异常检测流程,盐水流量调节阀离线异常检测流程,盐水流量调节阀离线异常检测流程,盐水流量调节阀离线异常检测流程,盐水流量调节阀离线异常检测流程,盐水流量调节阀离线异常检测流程,盐水流量调节阀离线异常检测流程
evaluation_ds.csv,9,evaluation,盐水流量调节阀离线异常检测流程,盐水流量调节阀异常识别，离线检测,输入表述形态多样性,口语化简化表述,2009/3/1,0,0,0,渣油泵异常检测与故障诊断流程,渣油泵异常检测与故障诊断流程,渣油泵异常检测与故障诊断流程,渣油泵异常检测与故障诊断流程,渣油泵异常检测与故障诊断流程,渣油泵异常检测与故障诊断流程,渣油泵异常检测与故障诊断流程,渣油泵异常检测与故障诊断流程,渣油泵异常检测与故障诊断流程,渣油泵异常检测与故障诊断流程,渣油泵异常检测与故障诊断流程,渣油泵异常检测与故障诊断流程,,渣油泵异常检测与故障诊断流程,渣油泵异常检测与故障诊断流程,渣油泵异常检测与故障诊断流程,渣油泵异常检测与故障诊断流程,渣油泵异常检测与故障诊断流程
evaluation_ds.csv,9,evaluation,盐水流量调节阀离线异常检测流程,盐水调节阀有什么问题，离线分析,输入表述形态多样性,口语化简化表述,2009/3/2,18,9,9,盐水流量调节阀离线异常检测流程,盐水流量调节阀离线异常检测流程,盐水流量调节阀离线异常检测流程,盐水流量调节阀离线异常检测流程,盐水流量调节阀离线异常检测流程,盐水流量调节阀离线异常检测流程,盐水流量调节阀离线异常检测流程,盐水流量调节阀离线异常检测流程,盐水流量调节阀离线异常检测流程,盐水流量调节阀离线异常检测流程,盐水流量调节阀离线异常检测流程,盐水流量调节阀离线异常检测流程,盐水流量调节阀离线异常检测流程,盐水流量调节阀离线异常检测流程,盐水流量调节阀离线异常检测流程,盐水流量调节阀离线异常检测流程,盐水流量调节阀离线异常检测流程,盐水流量调节阀离线异常检测流程
evaluation_ds.csv,9,evaluation,盐水流量调节阀离线异常检测流程,盐水流量阀正常吗，离线检查,输入表述形态多样性,口语化简化表述,2009/3/3,0,0,0,,,,,,,,,,,,,,,,,,
evaluation_ds.csv,9,evaluation,盐水流量调节阀离线异常检测流程,盐水调节阀异常原因，离线分析,输入表述形态多样性,口语化简化表述,2009/3/4,0,0,0,渣油泵异常检测与故障诊断流程,渣油泵异常检测与故障诊断流程,渣油泵异常检测与故障诊断流程,渣油泵异常检测与故障诊断流程,渣油泵异常检测与故障诊断流程,渣油泵异常检测与故障诊断流程,渣油泵异常检测与故障诊断流程,渣油泵异常检测与故障诊断流程,渣油泵异常检测与故障诊断流程,渣油泵异常检测与故障诊断流程,渣油泵异常检测与故障诊断流程,渣油泵异常检测与故障诊断流程,渣油泵异常检测与故障诊断流程,渣油泵异常检测与故障诊断流程,渣油泵异常检测与故障诊断流程,渣油泵异常检测与故障诊断流程,渣油泵异常检测与故障诊断流程,渣油泵异常检测与故障诊断流程
evaluation_ds.csv,9,evaluation,盐水流量调节阀离线异常检测流程,盐水流量阀离线异常检测,输入表述形态多样性,口语化简化表述,2009/3/5,18,9,9,盐水流量调节阀离线异常检测流程,盐水流量调节阀离线异常检测流程,盐水流量调节阀离线异常检测流程,盐水流量调节阀离线异常检测流程,盐水流量调节阀离线异常检测流程,盐水流量调节阀离线异常检测流程,盐水流量调节阀离线异常检测流程,盐水流量调节阀离线异常检测流程,盐水流量调节阀离线异常检测流程,盐水流量调节阀离线异常检测流程,盐水流量调节阀离线异常检测流程,盐水流量调节阀离线异常检测流程,盐水流量调节阀离线异常检测流程,盐水流量调节阀离线异常检测流程,盐水流量调节阀离线异常检测流程,盐水流量调节阀离线异常检测流程,盐水流量调节阀离线异常检测流程,盐水流量调节阀离线异常检测流程
evaluation_ds.csv,9,evaluation,盐水流量调节阀离线异常检测流程,查询盐水流量调节阀参数（非异常检测）,意图边界与歧义性,相似意图区分,2009/4/1,0,0,0,PID回路参数查询与基础信息维护流程,PID回路参数查询与基础信息维护流程,PID回路参数查询与基础信息维护流程,PID回路参数查询与基础信息维护流程,PID回路参数查询与基础信息维护流程,PID回路参数查询与基础信息维护流程,PID回路参数查询与基础信息维护流程,PID回路参数查询与基础信息维护流程,PID回路参数查询与基础信息维护流程,PID回路参数查询与基础信息维护流程,PID回路参数查询与基础信息维护流程,PID回路参数查询与基础信息维护流程,PID回路参数查询与基础信息维护流程,PID回路参数查询与基础信息维护流程,PID回路参数查询与基础信息维护流程,PID回路参数查询与基础信息维护流程,PID回路参数查询与基础信息维护流程,PID回路参数查询与基础信息维护流程
evaluation_ds.csv,9,evaluation,盐水流量调节阀离线异常检测流程,请帮我识别盐水流量调节阀有什么异常（核心意图）,意图边界与歧义性,相似意图区分,2009/4/2,18,9,9,盐水流量调节阀离线异常检测流程,盐水流量调节阀离线异常检测流程,盐水流量调节阀离线异常检测流程,盐水流量调节阀离线异常检测流程,盐水流量调节阀离线异常检测流程,盐水流量调节阀离线异常检测流程,盐水流量调节阀离线异常检测流程,盐水流量调节阀离线异常检测流程,盐水流量调节阀离线异常检测流程,盐水流量调节阀离线异常检测流程,盐水流量调节阀离线异常检测流程,盐水流量调节阀离线异常检测流程,盐水流量调节阀离线异常检测流程,盐水流量调节阀离线异常检测流程,盐水流量调节阀离线异常检测流程,盐水流量调节阀离线异常检测流程,盐水流量调节阀离线异常检测流程,盐水流量调节阀离线异常检测流程
evaluation_ds.csv,9,evaluation,盐水流量调节阀离线异常检测流程,在线监测盐水流量调节阀（非离线检测）,意图边界与歧义性,相似意图区分,2009/4/3,9,0,9,渣油泵异常检测与故障诊断流程,渣油泵异常检测与故障诊断流程,渣油泵异常检测与故障诊断流程,渣油泵异常检测与故障诊断流程,渣油泵异常检测与故障诊断流程,渣油泵异常检测与故障诊断流程,渣油泵异常检测与故障诊断流程,渣油泵异常检测与故障诊断流程,渣油泵异常检测与故障诊断流程,盐水流量调节阀离线异常检测流程,盐水流量调节阀离线异常检测流程,盐水流量调节阀离线异常检测流程,盐水流量调节阀离线异常检测流程,盐水流量调节阀离线异常检测流程,盐水流量调节阀离线异常检测流程,盐水流量调节阀离线异常检测流程,盐水流量调节阀离线异常检测流程,盐水流量调节阀离线异常检测流程
evaluation_ds.csv,9,evaluation,盐水流量调节阀离线异常检测流程,维护盐水流量调节阀（非异常检测）,意图边界与歧义性,相似意图区分,2009/4/4,18,9,9,盐水流量调节阀离线异常检测流程,盐水流量调节阀离线异常检测流程,盐水流量调节阀离线异常检测流程,盐水流量调节阀离线异常检测流程,盐水流量调节阀离线异常检测流程,盐水流量调节阀离线异常检测流程,盐水流量调节阀离线异常检测流程,盐水流量调节阀离线异常检测流程,盐水流量调节阀离线异常检测流程,盐水流量调节阀离线异常检测流程,盐水流量调节阀离线异常检测流程,盐水流量调节阀离线异常检测流程,盐水流量调节阀离线异常检测流程,盐水流量调节阀离线异常检测流程,盐水流量调节阀离线异常检测流程,盐水流量调节阀离线异常检测流程,盐水流量调节阀离线异常检测流程,盐水流量调节阀离线异常检测流程
evaluation_ds.csv,9,evaluation,盐水流量调节阀离线异常检测流程,校准盐水流量调节阀（非异常检测）,意图边界与歧义性,相似意图区分,2009/4/5,0,0,0,PID回路性能评估与异常诊断流程,PID回路性能评估与异常诊断流程,PID回路性能评估与异常诊断流程,PID回路性能评估与异常诊断流程,PID回路性能评估与异常诊断流程,PID回路性能评估与异常诊断流程,PID回路性能评估与异常诊断流程,PID回路性能评估与异常诊断流程,PID回路性能评估与异常诊断流程,,,,PID回路参数智能整定流程（含有效性检测与震荡判断）,,,,,
evaluation_ds.csv,9,evaluation,盐水流量调节阀离线异常检测流程,流量控制不稳定，请帮我识别盐水流量调节阀有什么异常？,干扰因素与鲁棒性,冗余信息叠加,2009/5/1,18,9,9,盐水流量调节阀离线异常检测流程,盐水流量调节阀离线异常检测流程,盐水流量调节阀离线异常检测流程,盐水流量调节阀离线异常检测流程,盐水流量调节阀离线异常检测流程,盐水流量调节阀离线异常检测流程,盐水流量调节阀离线异常检测流程,盐水流量调节阀离线异常检测流程,盐水流量调节阀离线异常检测流程,盐水流量调节阀离线异常检测流程,盐水流量调节阀离线异常检测流程,盐水流量调节阀离线异常检测流程,盐水流量调节阀离线异常检测流程,盐水流量调节阀离线异常检测流程,盐水流量调节阀离线异常检测流程,盐水流量调节阀离线异常检测流程,盐水流量调节阀离线异常检测流程,盐水流量调节阀离线异常检测流程
evaluation_ds.csv,9,evaluation,盐水流量调节阀离线异常检测流程,阀门动作异常，请分析盐水流量调节阀有什么异常？,干扰因素与鲁棒性,冗余信息叠加,2009/5/2,18,9,9,盐水流量调节阀离线异常检测流程,盐水流量调节阀离线异常检测流程,盐水流量调节阀离线异常检测流程,盐水流量调节阀离线异常检测流程,盐水流量调节阀离线异常检测流程,盐水流量调节阀离线异常检测流程,盐水流量调节阀离线异常检测流程,盐水流量调节阀离线异常检测流程,盐水流量调节阀离线异常检测流程,盐水流量调节阀离线异常检测流程,盐水流量调节阀离线异常检测流程,盐水流量调节阀离线异常检测流程,盐水流量调节阀离线异常检测流程,盐水流量调节阀离线异常检测流程,盐水流量调节阀离线异常检测流程,盐水流量调节阀离线异常检测流程,盐水流量调节阀离线异常检测流程,盐水流量调节阀离线异常检测流程
evaluation_ds.csv,9,evaluation,盐水流量调节阀离线异常检测流程,运行数据波动，请分析盐水流量调节阀是否正常？,干扰因素与鲁棒性,冗余信息叠加,2009/5/3,18,9,9,盐水流量调节阀离线异常检测流程,盐水流量调节阀离线异常检测流程,盐水流量调节阀离线异常检测流程,盐水流量调节阀离线异常检测流程,盐水流量调节阀离线异常检测流程,盐水流量调节阀离线异常检测流程,盐水流量调节阀离线异常检测流程,盐水流量调节阀离线异常检测流程,盐水流量调节阀离线异常检测流程,盐水流量调节阀离线异常检测流程,盐水流量调节阀离线异常检测流程,盐水流量调节阀离线异常检测流程,盐水流量调节阀离线异常检测流程,盐水流量调节阀离线异常检测流程,盐水流量调节阀离线异常检测流程,盐水流量调节阀离线异常检测流程,盐水流量调节阀离线异常检测流程,盐水流量调节阀离线异常检测流程
evaluation_ds.csv,9,evaluation,盐水流量调节阀离线异常检测流程,设备维护记录不全，请分析盐水流量调节阀不正常的原因,干扰因素与鲁棒性,冗余信息叠加,2009/5/4,18,9,9,盐水流量调节阀离线异常检测流程,盐水流量调节阀离线异常检测流程,盐水流量调节阀离线异常检测流程,盐水流量调节阀离线异常检测流程,盐水流量调节阀离线异常检测流程,盐水流量调节阀离线异常检测流程,盐水流量调节阀离线异常检测流程,盐水流量调节阀离线异常检测流程,盐水流量调节阀离线异常检测流程,盐水流量调节阀离线异常检测流程,盐水流量调节阀离线异常检测流程,盐水流量调节阀离线异常检测流程,盐水流量调节阀离线异常检测流程,盐水流量调节阀离线异常检测流程,盐水流量调节阀离线异常检测流程,盐水流量调节阀离线异常检测流程,盐水流量调节阀离线异常检测流程,盐水流量调节阀离线异常检测流程
evaluation_ds.csv,9,evaluation,盐水流量调节阀离线异常检测流程,同类阀门故障频发，请分析盐水流量调节阀是否存在异常，异常是什么？,干扰因素与鲁棒性,冗余信息叠加,2009/5/5,18,9,9,盐水流量调节阀离线异常检测流程,盐水流量调节阀离线异常检测流程,盐水流量调节阀离线异常检测流程,盐水流量调节阀离线异常检测流程,盐水流量调节阀离线异常检测流程,盐水流量调节阀离线异常检测流程,盐水流量调节阀离线异常检测流程,盐水流量调节阀离线异常检测流程,盐水流量调节阀离线异常检测流程,盐水流量调节阀离线异常检测流程,盐水流量调节阀离线异常检测流程,盐水流量调节阀离线异常检测流程,盐水流量调节阀离线异常检测流程,盐水流量调节阀离线异常检测流程,盐水流量调节阀离线异常检测流程,盐水流量调节阀离线异常检测流程,盐水流量调节阀离线异常检测流程,盐水流量调节阀离线异常检测流程
evaluation_ds.csv,9,evaluation,盐水流量调节阀离线异常检测流程,新阀门投运前，请帮我识别盐水流量调节阀有什么异常？,实际工况适配性,全工况场景,2009/6/1,18,9,9,盐水流量调节阀离线异常检测流程,盐水流量调节阀离线异常检测流程,盐水流量调节阀离线异常检测流程,盐水流量调节阀离线异常检测流程,盐水流量调节阀离线异常检测流程,盐水流量调节阀离线异常检测流程,盐水流量调节阀离线异常检测流程,盐水流量调节阀离线异常检测流程,盐水流量调节阀离线异常检测流程,盐水流量调节阀离线异常检测流程,盐水流量调节阀离线异常检测流程,盐水流量调节阀离线异常检测流程,盐水流量调节阀离线异常检测流程,盐水流量调节阀离线异常检测流程,盐水流量调节阀离线异常检测流程,盐水流量调节阀离线异常检测流程,盐水流量调节阀离线异常检测流程,盐水流量调节阀离线异常检测流程
evaluation_ds.csv,9,evaluation,盐水流量调节阀离线异常检测流程,定期维护期，请分析盐水流量调节阀有什么异常？,实际工况适配性,全工况场景,2009/6/2,18,9,9,盐水流量调节阀离线异常检测流程,盐水流量调节阀离线异常检测流程,盐水流量调节阀离线异常检测流程,盐水流量调节阀离线异常检测流程,盐水流量调节阀离线异常检测流程,盐水流量调节阀离线异常检测流程,盐水流量调节阀离线异常检测流程,盐水流量调节阀离线异常检测流程,盐水流量调节阀离线异常检测流程,盐水流量调节阀离线异常检测流程,盐水流量调节阀离线异常检测流程,盐水流量调节阀离线异常检测流程,盐水流量调节阀离线异常检测流程,盐水流量调节阀离线异常检测流程,盐水流量调节阀离线异常检测流程,盐水流量调节阀离线异常检测流程,盐水流量调节阀离线异常检测流程,盐水流量调节阀离线异常检测流程
evaluation_ds.csv,9,evaluation,盐水流量调节阀离线异常检测流程,故障排查时，请分析盐水流量调节阀是否正常？,实际工况适配性,全工况场景,2009/6/3,18,9,9,盐水流量调节阀离线异常检测流程,盐水流量调节阀离线异常检测流程,盐水流量调节阀离线异常检测流程,盐水流量调节阀离线异常检测流程,盐水流量调节阀离线异常检测流程,盐水流量调节阀离线异常检测流程,盐水流量调节阀离线异常检测流程,盐水流量调节阀离线异常检测流程,盐水流量调节阀离线异常检测流程,盐水流量调节阀离线异常检测流程,盐水流量调节阀离线异常检测流程,盐水流量调节阀离线异常检测流程,盐水流量调节阀离线异常检测流程,盐水流量调节阀离线异常检测流程,盐水流量调节阀离线异常检测流程,盐水流量调节阀离线异常检测流程,盐水流量调节阀离线异常检测流程,盐水流量调节阀离线异常检测流程
evaluation_ds.csv,9,evaluation,盐水流量调节阀离线异常检测流程,性能评估需求，请分析盐水流量调节阀不正常的原因,实际工况适配性,全工况场景,2009/6/4,18,9,9,盐水流量调节阀离线异常检测流程,盐水流量调节阀离线异常检测流程,盐水流量调节阀离线异常检测流程,盐水流量调节阀离线异常检测流程,盐水流量调节阀离线异常检测流程,盐水流量调节阀离线异常检测流程,盐水流量调节阀离线异常检测流程,盐水流量调节阀离线异常检测流程,盐水流量调节阀离线异常检测流程,盐水流量调节阀离线异常检测流程,盐水流量调节阀离线异常检测流程,盐水流量调节阀离线异常检测流程,盐水流量调节阀离线异常检测流程,盐水流量调节阀离线异常检测流程,盐水流量调节阀离线异常检测流程,盐水流量调节阀离线异常检测流程,盐水流量调节阀离线异常检测流程,盐水流量调节阀离线异常检测流程
evaluation_ds.csv,9,evaluation,盐水流量调节阀离线异常检测流程,设备更新前，请分析盐水流量调节阀是否存在异常，异常是什么？,实际工况适配性,全工况场景,2009/6/5,18,9,9,盐水流量调节阀离线异常检测流程,盐水流量调节阀离线异常检测流程,盐水流量调节阀离线异常检测流程,盐水流量调节阀离线异常检测流程,盐水流量调节阀离线异常检测流程,盐水流量调节阀离线异常检测流程,盐水流量调节阀离线异常检测流程,盐水流量调节阀离线异常检测流程,盐水流量调节阀离线异常检测流程,盐水流量调节阀离线异常检测流程,盐水流量调节阀离线异常检测流程,盐水流量调节阀离线异常检测流程,盐水流量调节阀离线异常检测流程,盐水流量调节阀离线异常检测流程,盐水流量调节阀离线异常检测流程,盐水流量调节阀离线异常检测流程,盐水流量调节阀离线异常检测流程,盐水流量调节阀离线异常检测流程
evaluation_ds.csv,15,evaluation,常减压装置用能瓶颈识别流程,常减压装置哪些设备和环节是用能的瓶颈？,场景与功能全覆盖,直接复用语料,2015/1/1,18,9,9,常减压装置用能瓶颈识别流程,常减压装置用能瓶颈识别流程,常减压装置用能瓶颈识别流程,常减压装置用能瓶颈识别流程,常减压装置用能瓶颈识别流程,常减压装置用能瓶颈识别流程,常减压装置用能瓶颈识别流程,常减压装置用能瓶颈识别流程,常减压装置用能瓶颈识别流程,常减压装置用能瓶颈识别流程,常减压装置用能瓶颈识别流程,常减压装置用能瓶颈识别流程,常减压装置用能瓶颈识别流程,常减压装置用能瓶颈识别流程,常减压装置用能瓶颈识别流程,常减压装置用能瓶颈识别流程,常减压装置用能瓶颈识别流程,常减压装置用能瓶颈识别流程
evaluation_ds.csv,15,evaluation,常减压装置用能瓶颈识别流程,常减压装置的设备和环节可能会造成用能瓶颈，请帮我评估一下并给出解决方案？,场景与功能全覆盖,直接复用语料,2015/1/2,0,0,0,装置能耗优化与气化炉有效气提升流程,装置能耗优化与气化炉有效气提升流程,装置能耗优化与气化炉有效气提升流程,装置能耗优化与气化炉有效气提升流程,装置能耗优化与气化炉有效气提升流程,装置能耗优化与气化炉有效气提升流程,装置能耗优化与气化炉有效气提升流程,装置能耗优化与气化炉有效气提升流程,装置能耗优化与气化炉有效气提升流程,装置能耗优化与气化炉有效气提升流程,装置能耗优化与气化炉有效气提升流程,装置能耗优化与气化炉有效气提升流程,装置能耗优化与气化炉有效气提升流程,装置能耗优化与气化炉有效气提升流程,装置能耗优化与气化炉有效气提升流程,装置能耗优化与气化炉有效气提升流程,装置能耗优化与气化炉有效气提升流程,装置能耗优化与气化炉有效气提升流程
evaluation_ds.csv,15,evaluation,常减压装置用能瓶颈识别流程,哪个环节是常减压装置的用能瓶颈,场景与功能全覆盖,直接复用语料,2015/1/3,18,9,9,常减压装置用能瓶颈识别流程,常减压装置用能瓶颈识别流程,常减压装置用能瓶颈识别流程,常减压装置用能瓶颈识别流程,常减压装置用能瓶颈识别流程,常减压装置用能瓶颈识别流程,常减压装置用能瓶颈识别流程,常减压装置用能瓶颈识别流程,常减压装置用能瓶颈识别流程,常减压装置用能瓶颈识别流程,常减压装置用能瓶颈识别流程,常减压装置用能瓶颈识别流程,常减压装置用能瓶颈识别流程,常减压装置用能瓶颈识别流程,常减压装置用能瓶颈识别流程,常减压装置用能瓶颈识别流程,常减压装置用能瓶颈识别流程,常减压装置用能瓶颈识别流程
evaluation_ds.csv,15,evaluation,常减压装置用能瓶颈识别流程,常减压装置哪些设备和环节是用能的瓶颈？,场景与功能全覆盖,直接复用语料,2015/1/4,18,9,9,常减压装置用能瓶颈识别流程,常减压装置用能瓶颈识别流程,常减压装置用能瓶颈识别流程,常减压装置用能瓶颈识别流程,常减压装置用能瓶颈识别流程,常减压装置用能瓶颈识别流程,常减压装置用能瓶颈识别流程,常减压装置用能瓶颈识别流程,常减压装置用能瓶颈识别流程,常减压装置用能瓶颈识别流程,常减压装置用能瓶颈识别流程,常减压装置用能瓶颈识别流程,常减压装置用能瓶颈识别流程,常减压装置用能瓶颈识别流程,常减压装置用能瓶颈识别流程,常减压装置用能瓶颈识别流程,常减压装置用能瓶颈识别流程,常减压装置用能瓶颈识别流程
evaluation_ds.csv,15,evaluation,常减压装置用能瓶颈识别流程,常减压装置的设备和环节可能会造成用能瓶颈，请帮我评估一下并给出解决方案？,场景与功能全覆盖,直接复用语料,2015/1/5,0,0,0,装置能耗优化与气化炉有效气提升流程,装置能耗优化与气化炉有效气提升流程,装置能耗优化与气化炉有效气提升流程,装置能耗优化与气化炉有效气提升流程,装置能耗优化与气化炉有效气提升流程,装置能耗优化与气化炉有效气提升流程,装置能耗优化与气化炉有效气提升流程,装置能耗优化与气化炉有效气提升流程,装置能耗优化与气化炉有效气提升流程,装置能耗优化与气化炉有效气提升流程,装置能耗优化与气化炉有效气提升流程,装置能耗优化与气化炉有效气提升流程,装置能耗优化与气化炉有效气提升流程,装置能耗优化与气化炉有效气提升流程,装置能耗优化与气化炉有效气提升流程,装置能耗优化与气化炉有效气提升流程,装置能耗优化与气化炉有效气提升流程,装置能耗优化与气化炉有效气提升流程
evaluation_ds.csv,15,evaluation,常减压装置用能瓶颈识别流程,执行常减压装置用能瓶颈识别流程,输入表述形态多样性,专业规范表述,2015/2/1,9,0,9,装置能耗优化与气化炉有效气提升流程,装置能耗优化与气化炉有效气提升流程,装置能耗优化与气化炉有效气提升流程,装置能耗优化与气化炉有效气提升流程,装置能耗优化与气化炉有效气提升流程,装置能耗优化与气化炉有效气提升流程,装置能耗优化与气化炉有效气提升流程,装置能耗优化与气化炉有效气提升流程,装置能耗优化与气化炉有效气提升流程,常减压装置用能瓶颈识别流程,常减压装置用能瓶颈识别流程,常减压装置用能瓶颈识别流程,常减压装置用能瓶颈识别流程,常减压装置用能瓶颈识别流程,常减压装置用能瓶颈识别流程,常减压装置用能瓶颈识别流程,常减压装置用能瓶颈识别流程,常减压装置用能瓶颈识别流程
evaluation_ds.csv,15,evaluation,常减压装置用能瓶颈识别流程,常减压装置用能瓶颈设备与环节识别分析,输入表述形态多样性,专业规范表述,2015/2/2,18,9,9,常减压装置用能瓶颈识别流程,常减压装置用能瓶颈识别流程,常减压装置用能瓶颈识别流程,常减压装置用能瓶颈识别流程,常减压装置用能瓶颈识别流程,常减压装置用能瓶颈识别流程,常减压装置用能瓶颈识别流程,常减压装置用能瓶颈识别流程,常减压装置用能瓶颈识别流程,常减压装置用能瓶颈识别流程,常减压装置用能瓶颈识别流程,常减压装置用能瓶颈识别流程,常减压装置用能瓶颈识别流程,常减压装置用能瓶颈识别流程,常减压装置用能瓶颈识别流程,常减压装置用能瓶颈识别流程,常减压装置用能瓶颈识别流程,常减压装置用能瓶颈识别流程
evaluation_ds.csv,15,evaluation,常减压装置用能瓶颈识别流程,常减压装置用能瓶颈评估及解决方案制定,输入表述形态多样性,专业规范表述,2015/2/3,18,9,9,常减压装置用能瓶颈识别流程,常减压装置用能瓶颈识别流程,常减压装置用能瓶颈识别流程,常减压装置用能瓶颈识别流程,常减压装置用能瓶颈识别流程,常减压装置用能瓶颈识别流程,常减压装置用能瓶颈识别流程,常减压装置用能瓶颈识别流程,常减压装置用能瓶颈识别流程,常减压装置用能瓶颈识别流程,常减压装置用能瓶颈识别流程,常减压装置用能瓶颈识别流程,常减压装置用能瓶颈识别流程,常减压装置用能瓶颈识别流程,常减压装置用能瓶颈识别流程,常减压装置用能瓶颈识别流程,常减压装置用能瓶颈识别流程,常减压装置用能瓶颈识别流程
evaluation_ds.csv,15,evaluation,常减压装置用能瓶颈识别流程,常减压装置关键用能瓶颈环节识别,输入表述形态多样性,专业规范表述,2015/2/4,18,9,9,常减压装置用能瓶颈识别流程,常减压装置用能瓶颈识别流程,常减压装置用能瓶颈识别流程,常减压装置用能瓶颈识别流程,常减压装置用能瓶颈识别流程,常减压装置用能瓶颈识别流程,常减压装置用能瓶颈识别流程,常减压装置用能瓶颈识别流程,常减压装置用能瓶颈识别流程,常减压装置用能瓶颈识别流程,常减压装置用能瓶颈识别流程,常减压装置用能瓶颈识别流程,常减压装置用能瓶颈识别流程,常减压装置用能瓶颈识别流程,常减压装置用能瓶颈识别流程,常减压装置用能瓶颈识别流程,常减压装置用能瓶颈识别流程,常减压装置用能瓶颈识别流程
evaluation_ds.csv,15,evaluation,常减压装置用能瓶颈识别流程,常减压装置用能瓶颈分析与优化方案,输入表述形态多样性,专业规范表述,2015/2/5,0,0,0,装置能耗优化与气化炉有效气提升流程,装置能耗优化与气化炉有效气提升流程,装置能耗优化与气化炉有效气提升流程,装置能耗优化与气化炉有效气提升流程,装置能耗优化与气化炉有效气提升流程,装置能耗优化与气化炉有效气提升流程,装置能耗优化与气化炉有效气提升流程,装置能耗优化与气化炉有效气提升流程,装置能耗优化与气化炉有效气提升流程,装置能耗优化与气化炉有效气提升流程,装置能耗优化与气化炉有效气提升流程,装置能耗优化与气化炉有效气提升流程,装置能耗优化与气化炉有效气提升流程,装置能耗优化与气化炉有效气提升流程,装置能耗优化与气化炉有效气提升流程,装置能耗优化与气化炉有效气提升流程,装置能耗优化与气化炉有效气提升流程,装置能耗优化与气化炉有效气提升流程
evaluation_ds.csv,15,evaluation,常减压装置用能瓶颈识别流程,常减压装置用能瓶颈在哪里,输入表述形态多样性,口语化简化表述,2015/3/1,18,9,9,常减压装置用能瓶颈识别流程,常减压装置用能瓶颈识别流程,常减压装置用能瓶颈识别流程,常减压装置用能瓶颈识别流程,常减压装置用能瓶颈识别流程,常减压装置用能瓶颈识别流程,常减压装置用能瓶颈识别流程,常减压装置用能瓶颈识别流程,常减压装置用能瓶颈识别流程,常减压装置用能瓶颈识别流程,常减压装置用能瓶颈识别流程,常减压装置用能瓶颈识别流程,常减压装置用能瓶颈识别流程,常减压装置用能瓶颈识别流程,常减压装置用能瓶颈识别流程,常减压装置用能瓶颈识别流程,常减压装置用能瓶颈识别流程,常减压装置用能瓶颈识别流程
evaluation_ds.csv,15,evaluation,常减压装置用能瓶颈识别流程,用能瓶颈识别，常减压装置,输入表述形态多样性,口语化简化表述,2015/3/2,18,9,9,常减压装置用能瓶颈识别流程,常减压装置用能瓶颈识别流程,常减压装置用能瓶颈识别流程,常减压装置用能瓶颈识别流程,常减压装置用能瓶颈识别流程,常减压装置用能瓶颈识别流程,常减压装置用能瓶颈识别流程,常减压装置用能瓶颈识别流程,常减压装置用能瓶颈识别流程,常减压装置用能瓶颈识别流程,常减压装置用能瓶颈识别流程,常减压装置用能瓶颈识别流程,常减压装置用能瓶颈识别流程,常减压装置用能瓶颈识别流程,常减压装置用能瓶颈识别流程,常减压装置用能瓶颈识别流程,常减压装置用能瓶颈识别流程,常减压装置用能瓶颈识别流程
evaluation_ds.csv,15,evaluation,常减压装置用能瓶颈识别流程,哪个环节是用能瓶颈，常减压装置,输入表述形态多样性,口语化简化表述,2015/3/3,18,9,9,常减压装置用能瓶颈识别流程,常减压装置用能瓶颈识别流程,常减压装置用能瓶颈识别流程,常减压装置用能瓶颈识别流程,常减压装置用能瓶颈识别流程,常减压装置用能瓶颈识别流程,常减压装置用能瓶颈识别流程,常减压装置用能瓶颈识别流程,常减压装置用能瓶颈识别流程,常减压装置用能瓶颈识别流程,常减压装置用能瓶颈识别流程,常减压装置用能瓶颈识别流程,常减压装置用能瓶颈识别流程,常减压装置用能瓶颈识别流程,常减压装置用能瓶颈识别流程,常减压装置用能瓶颈识别流程,常减压装置用能瓶颈识别流程,常减压装置用能瓶颈识别流程
evaluation_ds.csv,15,evaluation,常减压装置用能瓶颈识别流程,用能瓶颈评估，给解决方案,输入表述形态多样性,口语化简化表述,2015/3/4,0,0,0,,,,,,,,,,,,,,,,,,
evaluation_ds.csv,15,evaluation,常减压装置用能瓶颈识别流程,常减压装置瓶颈识别，快点,输入表述形态多样性,口语化简化表述,2015/3/5,18,9,9,常减压装置用能瓶颈识别流程,常减压装置用能瓶颈识别流程,常减压装置用能瓶颈识别流程,常减压装置用能瓶颈识别流程,常减压装置用能瓶颈识别流程,常减压装置用能瓶颈识别流程,常减压装置用能瓶颈识别流程,常减压装置用能瓶颈识别流程,常减压装置用能瓶颈识别流程,常减压装置用能瓶颈识别流程,常减压装置用能瓶颈识别流程,常减压装置用能瓶颈识别流程,常减压装置用能瓶颈识别流程,常减压装置用能瓶颈识别流程,常减压装置用能瓶颈识别流程,常减压装置用能瓶颈识别流程,常减压装置用能瓶颈识别流程,常减压装置用能瓶颈识别流程
evaluation_ds.csv,15,evaluation,常减压装置用能瓶颈识别流程,查询常减压装置能耗数据（非瓶颈识别）,意图边界与歧义性,相似意图区分,2015/4/1,0,0,0,装置物料参数查询与文件异常分析流程,装置物料参数查询与文件异常分析流程,装置物料参数查询与文件异常分析流程,装置物料参数查询与文件异常分析流程,装置物料参数查询与文件异常分析流程,装置物料参数查询与文件异常分析流程,装置物料参数查询与文件异常分析流程,装置物料参数查询与文件异常分析流程,装置物料参数查询与文件异常分析流程,装置物料参数查询与文件异常分析流程,装置物料参数查询与文件异常分析流程,装置物料参数查询与文件异常分析流程,装置物料参数查询与文件异常分析流程,装置物料参数查询与文件异常分析流程,装置物料参数查询与文件异常分析流程,装置物料参数查询与文件异常分析流程,装置物料参数查询与文件异常分析流程,装置物料参数查询与文件异常分析流程
evaluation_ds.csv,15,evaluation,常减压装置用能瓶颈识别流程,常减压装置哪些设备和环节是用能的瓶颈（核心意图）,意图边界与歧义性,相似意图区分,2015/4/2,11,9,2,常减压装置用能瓶颈识别流程,常减压装置用能瓶颈识别流程,常减压装置用能瓶颈识别流程,常减压装置用能瓶颈识别流程,常减压装置用能瓶颈识别流程,常减压装置用能瓶颈识别流程,常减压装置用能瓶颈识别流程,常减压装置用能瓶颈识别流程,常减压装置用能瓶颈识别流程,常减压装置用能瓶颈识别流程,,常减压装置用能瓶颈识别流程,常减压装置高能耗原因分析流程,,,,,
evaluation_ds.csv,15,evaluation,常减压装置用能瓶颈识别流程,优化常减压装置能耗（非瓶颈识别）,意图边界与歧义性,相似意图区分,2015/4/3,0,0,0,装置能耗优化与气化炉有效气提升流程,装置能耗优化与气化炉有效气提升流程,装置能耗优化与气化炉有效气提升流程,装置能耗优化与气化炉有效气提升流程,装置能耗优化与气化炉有效气提升流程,装置能耗优化与气化炉有效气提升流程,装置能耗优化与气化炉有效气提升流程,装置能耗优化与气化炉有效气提升流程,装置能耗优化与气化炉有效气提升流程,装置能耗优化与气化炉有效气提升流程,装置能耗优化与气化炉有效气提升流程,装置能耗优化与气化炉有效气提升流程,装置能耗优化与气化炉有效气提升流程,装置能耗优化与气化炉有效气提升流程,装置能耗优化与气化炉有效气提升流程,装置能耗优化与气化炉有效气提升流程,装置能耗优化与气化炉有效气提升流程,装置能耗优化与气化炉有效气提升流程
evaluation_ds.csv,15,evaluation,常减压装置用能瓶颈识别流程,维护常减压装置设备（非瓶颈识别）,意图边界与歧义性,相似意图区分,2015/4/4,0,0,0,,,,,,,,,,,,,,,,,,
evaluation_ds.csv,15,evaluation,常减压装置用能瓶颈识别流程,校准能耗测量仪表（非瓶颈识别）,意图边界与歧义性,相似意图区分,2015/4/5,0,0,0,,,,,,,,,,,,,,,,,,
evaluation_ds.csv,15,evaluation,常减压装置用能瓶颈识别流程,能耗指标持续偏高，常减压装置哪些设备和环节是用能的瓶颈？,干扰因素与鲁棒性,冗余信息叠加,2015/5/1,17,9,8,常减压装置用能瓶颈识别流程,常减压装置用能瓶颈识别流程,常减压装置用能瓶颈识别流程,常减压装置用能瓶颈识别流程,常减压装置用能瓶颈识别流程,常减压装置用能瓶颈识别流程,常减压装置用能瓶颈识别流程,常减压装置用能瓶颈识别流程,常减压装置用能瓶颈识别流程,常减压装置用能瓶颈识别流程,常减压装置用能瓶颈识别流程,常减压装置用能瓶颈识别流程,常减压装置用能瓶颈识别流程,常减压装置用能瓶颈识别流程,常减压装置用能瓶颈识别流程,常减压装置用能瓶颈识别流程,常减压装置高能耗原因分析流程,常减压装置用能瓶颈识别流程
evaluation_ds.csv,15,evaluation,常减压装置用能瓶颈识别流程,节能改造项目需要，常减压装置的设备和环节可能会造成用能瓶颈，请帮我评估一下并给出解决方案？,干扰因素与鲁棒性,冗余信息叠加,2015/5/2,0,0,0,,,,,,,,,,,,,,,,,,
evaluation_ds.csv,15,evaluation,常减压装置用能瓶颈识别流程,运行成本压力大，哪个环节是常减压装置的用能瓶颈,干扰因素与鲁棒性,冗余信息叠加,2015/5/3,18,9,9,常减压装置用能瓶颈识别流程,常减压装置用能瓶颈识别流程,常减压装置用能瓶颈识别流程,常减压装置用能瓶颈识别流程,常减压装置用能瓶颈识别流程,常减压装置用能瓶颈识别流程,常减压装置用能瓶颈识别流程,常减压装置用能瓶颈识别流程,常减压装置用能瓶颈识别流程,常减压装置用能瓶颈识别流程,常减压装置用能瓶颈识别流程,常减压装置用能瓶颈识别流程,常减压装置用能瓶颈识别流程,常减压装置用能瓶颈识别流程,常减压装置用能瓶颈识别流程,常减压装置用能瓶颈识别流程,常减压装置用能瓶颈识别流程,常减压装置用能瓶颈识别流程
evaluation_ds.csv,15,evaluation,常减压装置用能瓶颈识别流程,能效审计要求，常减压装置哪些设备和环节是用能的瓶颈？,干扰因素与鲁棒性,冗余信息叠加,2015/5/4,18,9,9,常减压装置用能瓶颈识别流程,常减压装置用能瓶颈识别流程,常减压装置用能瓶颈识别流程,常减压装置用能瓶颈识别流程,常减压装置用能瓶颈识别流程,常减压装置用能瓶颈识别流程,常减压装置用能瓶颈识别流程,常减压装置用能瓶颈识别流程,常减压装置用能瓶颈识别流程,常减压装置用能瓶颈识别流程,常减压装置用能瓶颈识别流程,常减压装置用能瓶颈识别流程,常减压装置用能瓶颈识别流程,常减压装置用能瓶颈识别流程,常减压装置用能瓶颈识别流程,常减压装置用能瓶颈识别流程,常减压装置用能瓶颈识别流程,常减压装置用能瓶颈识别流程
evaluation_ds.csv,15,evaluation,常减压装置用能瓶颈识别流程,同类装置能效对比，常减压装置的设备和环节可能会造成用能瓶颈，请帮我评估一下并给出解决方案？,干扰因素与鲁棒性,冗余信息叠加,2015/5/5,13,9,4,常减压装置用能瓶颈识别流程,常减压装置用能瓶颈识别流程,常减压装置用能瓶颈识别流程,常减压装置用能瓶颈识别流程,常减压装置用能瓶颈识别流程,常减压装置用能瓶颈识别流程,常减压装置用能瓶颈识别流程,常减压装置用能瓶颈识别流程,常减压装置用能瓶颈识别流程,,,常减压装置用能瓶颈识别流程,,,常减压装置用能瓶颈识别流程,,常减压装置用能瓶颈识别流程,常减压装置用能瓶颈识别流程
evaluation_ds.csv,15,evaluation,常减压装置用能瓶颈识别流程,新装置能效评估，常减压装置哪些设备和环节是用能的瓶颈？,实际工况适配性,全工况场景,2015/6/1,18,9,9,常减压装置用能瓶颈识别流程,常减压装置用能瓶颈识别流程,常减压装置用能瓶颈识别流程,常减压装置用能瓶颈识别流程,常减压装置用能瓶颈识别流程,常减压装置用能瓶颈识别流程,常减压装置用能瓶颈识别流程,常减压装置用能瓶颈识别流程,常减压装置用能瓶颈识别流程,常减压装置用能瓶颈识别流程,常减压装置用能瓶颈识别流程,常减压装置用能瓶颈识别流程,常减压装置用能瓶颈识别流程,常减压装置用能瓶颈识别流程,常减压装置用能瓶颈识别流程,常减压装置用能瓶颈识别流程,常减压装置用能瓶颈识别流程,常减压装置用能瓶颈识别流程
evaluation_ds.csv,15,evaluation,常减压装置用能瓶颈识别流程,长期运行能效分析，常减压装置的设备和环节可能会造成用能瓶颈，请帮我评估一下并给出解决方案？,实际工况适配性,全工况场景,2015/6/2,4,4,0,,,常减压装置用能瓶颈识别流程,,常减压装置用能瓶颈识别流程,常减压装置用能瓶颈识别流程,,常减压装置用能瓶颈识别流程,,,,,,,,,,
evaluation_ds.csv,15,evaluation,常减压装置用能瓶颈识别流程,原料性质变化后，哪个环节是常减压装置的用能瓶颈,实际工况适配性,全工况场景,2015/6/3,18,9,9,常减压装置用能瓶颈识别流程,常减压装置用能瓶颈识别流程,常减压装置用能瓶颈识别流程,常减压装置用能瓶颈识别流程,常减压装置用能瓶颈识别流程,常减压装置用能瓶颈识别流程,常减压装置用能瓶颈识别流程,常减压装置用能瓶颈识别流程,常减压装置用能瓶颈识别流程,常减压装置用能瓶颈识别流程,常减压装置用能瓶颈识别流程,常减压装置用能瓶颈识别流程,常减压装置用能瓶颈识别流程,常减压装置用能瓶颈识别流程,常减压装置用能瓶颈识别流程,常减压装置用能瓶颈识别流程,常减压装置用能瓶颈识别流程,常减压装置用能瓶颈识别流程
evaluation_ds.csv,15,evaluation,常减压装置用能瓶颈识别流程,设备更新改造前，常减压装置哪些设备和环节是用能的瓶颈？,实际工况适配性,全工况场景,2015/6/4,18,9,9,常减压装置用能瓶颈识别流程,常减压装置用能瓶颈识别流程,常减压装置用能瓶颈识别流程,常减压装置用能瓶颈识别流程,常减压装置用能瓶颈识别流程,常减压装置用能瓶颈识别流程,常减压装置用能瓶颈识别流程,常减压装置用能瓶颈识别流程,常减压装置用能瓶颈识别流程,常减压装置用能瓶颈识别流程,常减压装置用能瓶颈识别流程,常减压装置用能瓶颈识别流程,常减压装置用能瓶颈识别流程,常减压装置用能瓶颈识别流程,常减压装置用能瓶颈识别流程,常减压装置用能瓶颈识别流程,常减压装置用能瓶颈识别流程,常减压装置用能瓶颈识别流程
evaluation_ds.csv,15,evaluation,常减压装置用能瓶颈识别流程,节能技术应用评估，常减压装置的设备和环节可能会造成用能瓶颈，请帮我评估一下并给出解决方案？,实际工况适配性,全工况场景,2015/6/5,0,0,0,,,,,,,,,,,,,,,,,,
evaluation_ds.csv,37,evaluation,常减压装置高能耗原因分析流程,分析一下常减压装置能耗高的原因,场景与功能全覆盖,直接复用语料,2037/1/1,18,9,9,常减压装置高能耗原因分析流程,常减压装置高能耗原因分析流程,常减压装置高能耗原因分析流程,常减压装置高能耗原因分析流程,常减压装置高能耗原因分析流程,常减压装置高能耗原因分析流程,常减压装置高能耗原因分析流程,常减压装置高能耗原因分析流程,常减压装置高能耗原因分析流程,常减压装置高能耗原因分析流程,常减压装置高能耗原因分析流程,常减压装置高能耗原因分析流程,常减压装置高能耗原因分析流程,常减压装置高能耗原因分析流程,常减压装置高能耗原因分析流程,常减压装置高能耗原因分析流程,常减压装置高能耗原因分析流程,常减压装置高能耗原因分析流程
evaluation_ds.csv,37,evaluation,常减压装置高能耗原因分析流程,分析一下常减压装置能耗高的原因,场景与功能全覆盖,直接复用语料,2037/1/2,18,9,9,常减压装置高能耗原因分析流程,常减压装置高能耗原因分析流程,常减压装置高能耗原因分析流程,常减压装置高能耗原因分析流程,常减压装置高能耗原因分析流程,常减压装置高能耗原因分析流程,常减压装置高能耗原因分析流程,常减压装置高能耗原因分析流程,常减压装置高能耗原因分析流程,常减压装置高能耗原因分析流程,常减压装置高能耗原因分析流程,常减压装置高能耗原因分析流程,常减压装置高能耗原因分析流程,常减压装置高能耗原因分析流程,常减压装置高能耗原因分析流程,常减压装置高能耗原因分析流程,常减压装置高能耗原因分析流程,常减压装置高能耗原因分析流程
evaluation_ds.csv,37,evaluation,常减压装置高能耗原因分析流程,分析一下常减压装置能耗高的原因,场景与功能全覆盖,直接复用语料,2037/1/3,18,9,9,常减压装置高能耗原因分析流程,常减压装置高能耗原因分析流程,常减压装置高能耗原因分析流程,常减压装置高能耗原因分析流程,常减压装置高能耗原因分析流程,常减压装置高能耗原因分析流程,常减压装置高能耗原因分析流程,常减压装置高能耗原因分析流程,常减压装置高能耗原因分析流程,常减压装置高能耗原因分析流程,常减压装置高能耗原因分析流程,常减压装置高能耗原因分析流程,常减压装置高能耗原因分析流程,常减压装置高能耗原因分析流程,常减压装置高能耗原因分析流程,常减压装置高能耗原因分析流程,常减压装置高能耗原因分析流程,常减压装置高能耗原因分析流程
evaluation_ds.csv,37,evaluation,常减压装置高能耗原因分析流程,分析一下常减压装置能耗高的原因,场景与功能全覆盖,直接复用语料,2037/1/4,18,9,9,常减压装置高能耗原因分析流程,常减压装置高能耗原因分析流程,常减压装置高能耗原因分析流程,常减压装置高能耗原因分析流程,常减压装置高能耗原因分析流程,常减压装置高能耗原因分析流程,常减压装置高能耗原因分析流程,常减压装置高能耗原因分析流程,常减压装置高能耗原因分析流程,常减压装置高能耗原因分析流程,常减压装置高能耗原因分析流程,常减压装置高能耗原因分析流程,常减压装置高能耗原因分析流程,常减压装置高能耗原因分析流程,常减压装置高能耗原因分析流程,常减压装置高能耗原因分析流程,常减压装置高能耗原因分析流程,常减压装置高能耗原因分析流程
evaluation_ds.csv,37,evaluation,常减压装置高能耗原因分析流程,分析一下常减压装置能耗高的原因,场景与功能全覆盖,直接复用语料,2037/1/5,18,9,9,常减压装置高能耗原因分析流程,常减压装置高能耗原因分析流程,常减压装置高能耗原因分析流程,常减压装置高能耗原因分析流程,常减压装置高能耗原因分析流程,常减压装置高能耗原因分析流程,常减压装置高能耗原因分析流程,常减压装置高能耗原因分析流程,常减压装置高能耗原因分析流程,常减压装置高能耗原因分析流程,常减压装置高能耗原因分析流程,常减压装置高能耗原因分析流程,常减压装置高能耗原因分析流程,常减压装置高能耗原因分析流程,常减压装置高能耗原因分析流程,常减压装置高能耗原因分析流程,常减压装置高能耗原因分析流程,常减压装置高能耗原因分析流程
evaluation_ds.csv,37,evaluation,常减压装置高能耗原因分析流程,执行常减压装置高能耗原因分析流程,输入表述形态多样性,专业规范表述,2037/2/1,0,0,0,装置能耗优化与气化炉有效气提升流程,装置能耗优化与气化炉有效气提升流程,装置能耗优化与气化炉有效气提升流程,装置能耗优化与气化炉有效气提升流程,装置能耗优化与气化炉有效气提升流程,装置能耗优化与气化炉有效气提升流程,装置能耗优化与气化炉有效气提升流程,装置能耗优化与气化炉有效气提升流程,装置能耗优化与气化炉有效气提升流程,装置能耗优化与气化炉有效气提升流程,装置能耗优化与气化炉有效气提升流程,装置能耗优化与气化炉有效气提升流程,装置能耗优化与气化炉有效气提升流程,装置能耗优化与气化炉有效气提升流程,装置能耗优化与气化炉有效气提升流程,装置能耗优化与气化炉有效气提升流程,装置能耗优化与气化炉有效气提升流程,装置能耗优化与气化炉有效气提升流程
evaluation_ds.csv,37,evaluation,常减压装置高能耗原因分析流程,常减压装置高能耗原因诊断与分析,输入表述形态多样性,专业规范表述,2037/2/2,18,9,9,常减压装置高能耗原因分析流程,常减压装置高能耗原因分析流程,常减压装置高能耗原因分析流程,常减压装置高能耗原因分析流程,常减压装置高能耗原因分析流程,常减压装置高能耗原因分析流程,常减压装置高能耗原因分析流程,常减压装置高能耗原因分析流程,常减压装置高能耗原因分析流程,常减压装置高能耗原因分析流程,常减压装置高能耗原因分析流程,常减压装置高能耗原因分析流程,常减压装置高能耗原因分析流程,常减压装置高能耗原因分析流程,常减压装置高能耗原因分析流程,常减压装置高能耗原因分析流程,常减压装置高能耗原因分析流程,常减压装置高能耗原因分析流程
evaluation_ds.csv,37,evaluation,常减压装置高能耗原因分析流程,常减压装置能耗偏高原因分析,输入表述形态多样性,专业规范表述,2037/2/3,18,9,9,常减压装置高能耗原因分析流程,常减压装置高能耗原因分析流程,常减压装置高能耗原因分析流程,常减压装置高能耗原因分析流程,常减压装置高能耗原因分析流程,常减压装置高能耗原因分析流程,常减压装置高能耗原因分析流程,常减压装置高能耗原因分析流程,常减压装置高能耗原因分析流程,常减压装置高能耗原因分析流程,常减压装置高能耗原因分析流程,常减压装置高能耗原因分析流程,常减压装置高能耗原因分析流程,常减压装置高能耗原因分析流程,常减压装置高能耗原因分析流程,常减压装置高能耗原因分析流程,常减压装置高能耗原因分析流程,常减压装置高能耗原因分析流程
evaluation_ds.csv,37,evaluation,常减压装置高能耗原因分析流程,常减压装置高能耗影响因素分析,输入表述形态多样性,专业规范表述,2037/2/4,0,0,0,常减压装置用能瓶颈识别流程,常减压装置用能瓶颈识别流程,常减压装置用能瓶颈识别流程,常减压装置用能瓶颈识别流程,常减压装置用能瓶颈识别流程,常减压装置用能瓶颈识别流程,常减压装置用能瓶颈识别流程,常减压装置用能瓶颈识别流程,常减压装置用能瓶颈识别流程,常减压装置用能瓶颈识别流程,常减压装置用能瓶颈识别流程,常减压装置用能瓶颈识别流程,常减压装置用能瓶颈识别流程,常减压装置用能瓶颈识别流程,常减压装置用能瓶颈识别流程,常减压装置用能瓶颈识别流程,常减压装置用能瓶颈识别流程,常减压装置用能瓶颈识别流程
evaluation_ds.csv,37,evaluation,常减压装置高能耗原因分析流程,常减压装置能耗异常原因分析,输入表述形态多样性,专业规范表述,2037/2/5,18,9,9,常减压装置高能耗原因分析流程,常减压装置高能耗原因分析流程,常减压装置高能耗原因分析流程,常减压装置高能耗原因分析流程,常减压装置高能耗原因分析流程,常减压装置高能耗原因分析流程,常减压装置高能耗原因分析流程,常减压装置高能耗原因分析流程,常减压装置高能耗原因分析流程,常减压装置高能耗原因分析流程,常减压装置高能耗原因分析流程,常减压装置高能耗原因分析流程,常减压装置高能耗原因分析流程,常减压装置高能耗原因分析流程,常减压装置高能耗原因分析流程,常减压装置高能耗原因分析流程,常减压装置高能耗原因分析流程,常减压装置高能耗原因分析流程
evaluation_ds.csv,37,evaluation,常减压装置高能耗原因分析流程,常减压装置能耗高，分析原因,输入表述形态多样性,口语化简化表述,2037/3/1,18,9,9,常减压装置高能耗原因分析流程,常减压装置高能耗原因分析流程,常减压装置高能耗原因分析流程,常减压装置高能耗原因分析流程,常减压装置高能耗原因分析流程,常减压装置高能耗原因分析流程,常减压装置高能耗原因分析流程,常减压装置高能耗原因分析流程,常减压装置高能耗原因分析流程,常减压装置高能耗原因分析流程,常减压装置高能耗原因分析流程,常减压装置高能耗原因分析流程,常减压装置高能耗原因分析流程,常减压装置高能耗原因分析流程,常减压装置高能耗原因分析流程,常减压装置高能耗原因分析流程,常减压装置高能耗原因分析流程,常减压装置高能耗原因分析流程
evaluation_ds.csv,37,evaluation,常减压装置高能耗原因分析流程,能耗高原因分析，常减压装置,输入表述形态多样性,口语化简化表述,2037/3/2,18,9,9,常减压装置高能耗原因分析流程,常减压装置高能耗原因分析流程,常减压装置高能耗原因分析流程,常减压装置高能耗原因分析流程,常减压装置高能耗原因分析流程,常减压装置高能耗原因分析流程,常减压装置高能耗原因分析流程,常减压装置高能耗原因分析流程,常减压装置高能耗原因分析流程,常减压装置高能耗原因分析流程,常减压装置高能耗原因分析流程,常减压装置高能耗原因分析流程,常减压装置高能耗原因分析流程,常减压装置高能耗原因分析流程,常减压装置高能耗原因分析流程,常减压装置高能耗原因分析流程,常减压装置高能耗原因分析流程,常减压装置高能耗原因分析流程
evaluation_ds.csv,37,evaluation,常减压装置高能耗原因分析流程,常减压装置为什么能耗高,输入表述形态多样性,口语化简化表述,2037/3/3,18,9,9,常减压装置高能耗原因分析流程,常减压装置高能耗原因分析流程,常减压装置高能耗原因分析流程,常减压装置高能耗原因分析流程,常减压装置高能耗原因分析流程,常减压装置高能耗原因分析流程,常减压装置高能耗原因分析流程,常减压装置高能耗原因分析流程,常减压装置高能耗原因分析流程,常减压装置高能耗原因分析流程,常减压装置高能耗原因分析流程,常减压装置高能耗原因分析流程,常减压装置高能耗原因分析流程,常减压装置高能耗原因分析流程,常减压装置高能耗原因分析流程,常减压装置高能耗原因分析流程,常减压装置高能耗原因分析流程,常减压装置高能耗原因分析流程
evaluation_ds.csv,37,evaluation,常减压装置高能耗原因分析流程,分析能耗高原因，常减压装置,输入表述形态多样性,口语化简化表述,2037/3/4,18,9,9,常减压装置高能耗原因分析流程,常减压装置高能耗原因分析流程,常减压装置高能耗原因分析流程,常减压装置高能耗原因分析流程,常减压装置高能耗原因分析流程,常减压装置高能耗原因分析流程,常减压装置高能耗原因分析流程,常减压装置高能耗原因分析流程,常减压装置高能耗原因分析流程,常减压装置高能耗原因分析流程,常减压装置高能耗原因分析流程,常减压装置高能耗原因分析流程,常减压装置高能耗原因分析流程,常减压装置高能耗原因分析流程,常减压装置高能耗原因分析流程,常减压装置高能耗原因分析流程,常减压装置高能耗原因分析流程,常减压装置高能耗原因分析流程
evaluation_ds.csv,37,evaluation,常减压装置高能耗原因分析流程,常减压装置能耗分析，快点,输入表述形态多样性,口语化简化表述,2037/3/5,18,9,9,常减压装置高能耗原因分析流程,常减压装置高能耗原因分析流程,常减压装置高能耗原因分析流程,常减压装置高能耗原因分析流程,常减压装置高能耗原因分析流程,常减压装置高能耗原因分析流程,常减压装置高能耗原因分析流程,常减压装置高能耗原因分析流程,常减压装置高能耗原因分析流程,常减压装置高能耗原因分析流程,常减压装置高能耗原因分析流程,常减压装置高能耗原因分析流程,常减压装置高能耗原因分析流程,常减压装置高能耗原因分析流程,常减压装置高能耗原因分析流程,常减压装置高能耗原因分析流程,常减压装置高能耗原因分析流程,常减压装置高能耗原因分析流程
evaluation_ds.csv,37,evaluation,常减压装置高能耗原因分析流程,查询常减压装置能耗数据（非原因分析）,意图边界与歧义性,相似意图区分,2037/4/1,0,0,0,装置物料参数查询与文件异常分析流程,装置物料参数查询与文件异常分析流程,装置物料参数查询与文件异常分析流程,装置物料参数查询与文件异常分析流程,装置物料参数查询与文件异常分析流程,装置物料参数查询与文件异常分析流程,装置物料参数查询与文件异常分析流程,装置物料参数查询与文件异常分析流程,装置物料参数查询与文件异常分析流程,装置物料参数查询与文件异常分析流程,装置物料参数查询与文件异常分析流程,装置物料参数查询与文件异常分析流程,装置物料参数查询与文件异常分析流程,装置物料参数查询与文件异常分析流程,装置物料参数查询与文件异常分析流程,装置物料参数查询与文件异常分析流程,装置物料参数查询与文件异常分析流程,装置物料参数查询与文件异常分析流程
evaluation_ds.csv,37,evaluation,常减压装置高能耗原因分析流程,分析一下常减压装置能耗高的原因（核心意图）,意图边界与歧义性,相似意图区分,2037/4/2,14,9,5,常减压装置高能耗原因分析流程,常减压装置高能耗原因分析流程,常减压装置高能耗原因分析流程,常减压装置高能耗原因分析流程,常减压装置高能耗原因分析流程,常减压装置高能耗原因分析流程,常减压装置高能耗原因分析流程,常减压装置高能耗原因分析流程,常减压装置高能耗原因分析流程,常减压装置高能耗原因分析流程,常减压装置高能耗原因分析流程,常减压装置高能耗原因分析流程,,,常减压装置高能耗原因分析流程,,常减压装置高能耗原因分析流程,
evaluation_ds.csv,37,evaluation,常减压装置高能耗原因分析流程,优化常减压装置能耗（非原因分析）,意图边界与歧义性,相似意图区分,2037/4/3,0,0,0,装置能耗优化与气化炉有效气提升流程,装置能耗优化与气化炉有效气提升流程,装置能耗优化与气化炉有效气提升流程,装置能耗优化与气化炉有效气提升流程,装置能耗优化与气化炉有效气提升流程,装置能耗优化与气化炉有效气提升流程,装置能耗优化与气化炉有效气提升流程,装置能耗优化与气化炉有效气提升流程,装置能耗优化与气化炉有效气提升流程,装置能耗优化与气化炉有效气提升流程,装置能耗优化与气化炉有效气提升流程,装置能耗优化与气化炉有效气提升流程,装置能耗优化与气化炉有效气提升流程,装置能耗优化与气化炉有效气提升流程,装置能耗优化与气化炉有效气提升流程,装置能耗优化与气化炉有效气提升流程,装置能耗优化与气化炉有效气提升流程,装置能耗优化与气化炉有效气提升流程
evaluation_ds.csv,37,evaluation,常减压装置高能耗原因分析流程,维护常减压装置设备（非原因分析）,意图边界与歧义性,相似意图区分,2037/4/4,0,0,0,,,,,,,,,,,,,,,,,,
evaluation_ds.csv,37,evaluation,常减压装置高能耗原因分析流程,校准能耗测量仪表（非原因分析）,意图边界与歧义性,相似意图区分,2037/4/5,0,0,0,,,,,,,,,,,,,,,,,,
evaluation_ds.csv,37,evaluation,常减压装置高能耗原因分析流程,能耗指标持续超标，分析一下常减压装置能耗高的原因,干扰因素与鲁棒性,冗余信息叠加,2037/5/1,18,9,9,常减压装置高能耗原因分析流程,常减压装置高能耗原因分析流程,常减压装置高能耗原因分析流程,常减压装置高能耗原因分析流程,常减压装置高能耗原因分析流程,常减压装置高能耗原因分析流程,常减压装置高能耗原因分析流程,常减压装置高能耗原因分析流程,常减压装置高能耗原因分析流程,常减压装置高能耗原因分析流程,常减压装置高能耗原因分析流程,常减压装置高能耗原因分析流程,常减压装置高能耗原因分析流程,常减压装置高能耗原因分析流程,常减压装置高能耗原因分析流程,常减压装置高能耗原因分析流程,常减压装置高能耗原因分析流程,常减压装置高能耗原因分析流程
evaluation_ds.csv,37,evaluation,常减压装置高能耗原因分析流程,运行成本压力大，分析一下常减压装置能耗高的原因,干扰因素与鲁棒性,冗余信息叠加,2037/5/2,17,8,9,常减压装置高能耗原因分析流程,常减压装置高能耗原因分析流程,常减压装置高能耗原因分析流程,常减压装置高能耗原因分析流程,常减压装置高能耗原因分析流程,常减压装置高能耗原因分析流程,常减压装置高能耗原因分析流程,常减压装置高能耗原因分析流程,,常减压装置高能耗原因分析流程,常减压装置高能耗原因分析流程,常减压装置高能耗原因分析流程,常减压装置高能耗原因分析流程,常减压装置高能耗原因分析流程,常减压装置高能耗原因分析流程,常减压装置高能耗原因分析流程,常减压装置高能耗原因分析流程,常减压装置高能耗原因分析流程
evaluation_ds.csv,37,evaluation,常减压装置高能耗原因分析流程,节能改造项目前期，分析一下常减压装置能耗高的原因,干扰因素与鲁棒性,冗余信息叠加,2037/5/3,9,9,0,常减压装置高能耗原因分析流程,常减压装置高能耗原因分析流程,常减压装置高能耗原因分析流程,常减压装置高能耗原因分析流程,常减压装置高能耗原因分析流程,常减压装置高能耗原因分析流程,常减压装置高能耗原因分析流程,常减压装置高能耗原因分析流程,常减压装置高能耗原因分析流程,,,,,,,,,
evaluation_ds.csv,37,evaluation,常减压装置高能耗原因分析流程,能效审计发现问题，分析一下常减压装置能耗高的原因,干扰因素与鲁棒性,冗余信息叠加,2037/5/4,0,0,0,常减压装置用能瓶颈识别流程,常减压装置用能瓶颈识别流程,常减压装置用能瓶颈识别流程,常减压装置用能瓶颈识别流程,常减压装置用能瓶颈识别流程,常减压装置用能瓶颈识别流程,常减压装置用能瓶颈识别流程,常减压装置用能瓶颈识别流程,常减压装置用能瓶颈识别流程,常减压装置用能瓶颈识别流程,常减压装置用能瓶颈识别流程,常减压装置用能瓶颈识别流程,常减压装置用能瓶颈识别流程,常减压装置用能瓶颈识别流程,常减压装置用能瓶颈识别流程,常减压装置用能瓶颈识别流程,常减压装置用能瓶颈识别流程,常减压装置用能瓶颈识别流程
evaluation_ds.csv,37,evaluation,常减压装置高能耗原因分析流程,同类装置对比差异，分析一下常减压装置能耗高的原因,干扰因素与鲁棒性,冗余信息叠加,2037/5/5,0,0,0,常减压装置用能瓶颈识别流程,常减压装置用能瓶颈识别流程,常减压装置用能瓶颈识别流程,常减压装置用能瓶颈识别流程,常减压装置用能瓶颈识别流程,常减压装置用能瓶颈识别流程,常减压装置用能瓶颈识别流程,常减压装置用能瓶颈识别流程,常减压装置用能瓶颈识别流程,,常减压装置用能瓶颈识别流程,常减压装置用能瓶颈识别流程,常减压装置用能瓶颈识别流程,,,,常减压装置用能瓶颈识别流程,常减压装置用能瓶颈识别流程
evaluation_ds.csv,37,evaluation,常减压装置高能耗原因分析流程,新装置能效评估，分析一下常减压装置能耗高的原因,实际工况适配性,全工况场景,2037/6/1,0,0,0,常减压装置用能瓶颈识别流程,常减压装置用能瓶颈识别流程,常减压装置用能瓶颈识别流程,常减压装置用能瓶颈识别流程,常减压装置用能瓶颈识别流程,常减压装置用能瓶颈识别流程,常减压装置用能瓶颈识别流程,常减压装置用能瓶颈识别流程,常减压装置用能瓶颈识别流程,,,常减压装置用能瓶颈识别流程,常减压装置用能瓶颈识别流程,,常减压装置用能瓶颈识别流程,,常减压装置用能瓶颈识别流程,
evaluation_ds.csv,37,evaluation,常减压装置高能耗原因分析流程,长期运行能效跟踪，分析一下常减压装置能耗高的原因,实际工况适配性,全工况场景,2037/6/2,9,9,0,常减压装置高能耗原因分析流程,常减压装置高能耗原因分析流程,常减压装置高能耗原因分析流程,常减压装置高能耗原因分析流程,常减压装置高能耗原因分析流程,常减压装置高能耗原因分析流程,常减压装置高能耗原因分析流程,常减压装置高能耗原因分析流程,常减压装置高能耗原因分析流程,,,,,,,,常减压装置用能瓶颈识别流程,
evaluation_ds.csv,37,evaluation,常减压装置高能耗原因分析流程,原料性质变化后，分析一下常减压装置能耗高的原因,实际工况适配性,全工况场景,2037/6/3,9,0,9,常减压装置用能瓶颈识别流程,常减压装置用能瓶颈识别流程,常减压装置用能瓶颈识别流程,常减压装置用能瓶颈识别流程,常减压装置用能瓶颈识别流程,常减压装置用能瓶颈识别流程,常减压装置用能瓶颈识别流程,常减压装置用能瓶颈识别流程,常减压装置用能瓶颈识别流程,常减压装置高能耗原因分析流程,常减压装置高能耗原因分析流程,常减压装置高能耗原因分析流程,常减压装置高能耗原因分析流程,常减压装置高能耗原因分析流程,常减压装置高能耗原因分析流程,常减压装置高能耗原因分析流程,常减压装置高能耗原因分析流程,常减压装置高能耗原因分析流程
evaluation_ds.csv,37,evaluation,常减压装置高能耗原因分析流程,设备性能下降期，分析一下常减压装置能耗高的原因,实际工况适配性,全工况场景,2037/6/4,13,9,4,常减压装置高能耗原因分析流程,常减压装置高能耗原因分析流程,常减压装置高能耗原因分析流程,常减压装置高能耗原因分析流程,常减压装置高能耗原因分析流程,常减压装置高能耗原因分析流程,常减压装置高能耗原因分析流程,常减压装置高能耗原因分析流程,常减压装置高能耗原因分析流程,,常减压装置高能耗原因分析流程,,常减压装置高能耗原因分析流程,常减压装置高能耗原因分析流程,常减压装置高能耗原因分析流程,,,
evaluation_ds.csv,37,evaluation,常减压装置高能耗原因分析流程,工艺参数调整后，分析一下常减压装置能耗高的原因,实际工况适配性,全工况场景,2037/6/5,0,0,0,常减压装置用能瓶颈识别流程,常减压装置用能瓶颈识别流程,常减压装置用能瓶颈识别流程,常减压装置用能瓶颈识别流程,常减压装置用能瓶颈识别流程,常减压装置用能瓶颈识别流程,常减压装置用能瓶颈识别流程,常减压装置用能瓶颈识别流程,常减压装置用能瓶颈识别流程,常减压装置用能瓶颈识别流程,常减压装置用能瓶颈识别流程,常减压装置用能瓶颈识别流程,常减压装置用能瓶颈识别流程,常减压装置用能瓶颈识别流程,常减压装置用能瓶颈识别流程,常减压装置用能瓶颈识别流程,常减压装置用能瓶颈识别流程,常减压装置用能瓶颈识别流程
optimization_ds.csv,5,optimization,装置开车PID参数批量预设流程,帮我进行重整装置的开车批量预设,场景与功能全覆盖,直接复用语料,2005/1/1,18,9,9,装置开车PID参数批量预设流程,装置开车PID参数批量预设流程,装置开车PID参数批量预设流程,装置开车PID参数批量预设流程,装置开车PID参数批量预设流程,装置开车PID参数批量预设流程,装置开车PID参数批量预设流程,装置开车PID参数批量预设流程,装置开车PID参数批量预设流程,装置开车PID参数批量预设流程,装置开车PID参数批量预设流程,装置开车PID参数批量预设流程,装置开车PID参数批量预设流程,装置开车PID参数批量预设流程,装置开车PID参数批量预设流程,装置开车PID参数批量预设流程,装置开车PID参数批量预设流程,装置开车PID参数批量预设流程
optimization_ds.csv,5,optimization,装置开车PID参数批量预设流程,帮我进行重整装置的开车批量预设,场景与功能全覆盖,直接复用语料,2005/1/2,18,9,9,装置开车PID参数批量预设流程,装置开车PID参数批量预设流程,装置开车PID参数批量预设流程,装置开车PID参数批量预设流程,装置开车PID参数批量预设流程,装置开车PID参数批量预设流程,装置开车PID参数批量预设流程,装置开车PID参数批量预设流程,装置开车PID参数批量预设流程,装置开车PID参数批量预设流程,装置开车PID参数批量预设流程,装置开车PID参数批量预设流程,装置开车PID参数批量预设流程,装置开车PID参数批量预设流程,装置开车PID参数批量预设流程,装置开车PID参数批量预设流程,装置开车PID参数批量预设流程,装置开车PID参数批量预设流程
optimization_ds.csv,5,optimization,装置开车PID参数批量预设流程,帮我进行重整装置的开车批量预设,场景与功能全覆盖,直接复用语料,2005/1/3,18,9,9,装置开车PID参数批量预设流程,装置开车PID参数批量预设流程,装置开车PID参数批量预设流程,装置开车PID参数批量预设流程,装置开车PID参数批量预设流程,装置开车PID参数批量预设流程,装置开车PID参数批量预设流程,装置开车PID参数批量预设流程,装置开车PID参数批量预设流程,装置开车PID参数批量预设流程,装置开车PID参数批量预设流程,装置开车PID参数批量预设流程,装置开车PID参数批量预设流程,装置开车PID参数批量预设流程,装置开车PID参数批量预设流程,装置开车PID参数批量预设流程,装置开车PID参数批量预设流程,装置开车PID参数批量预设流程
optimization_ds.csv,5,optimization,装置开车PID参数批量预设流程,帮我进行重整装置的开车批量预设,场景与功能全覆盖,直接复用语料,2005/1/4,18,9,9,装置开车PID参数批量预设流程,装置开车PID参数批量预设流程,装置开车PID参数批量预设流程,装置开车PID参数批量预设流程,装置开车PID参数批量预设流程,装置开车PID参数批量预设流程,装置开车PID参数批量预设流程,装置开车PID参数批量预设流程,装置开车PID参数批量预设流程,装置开车PID参数批量预设流程,装置开车PID参数批量预设流程,装置开车PID参数批量预设流程,装置开车PID参数批量预设流程,装置开车PID参数批量预设流程,装置开车PID参数批量预设流程,装置开车PID参数批量预设流程,装置开车PID参数批量预设流程,装置开车PID参数批量预设流程
optimization_ds.csv,5,optimization,装置开车PID参数批量预设流程,帮我进行重整装置的开车批量预设,场景与功能全覆盖,直接复用语料,2005/1/5,18,9,9,装置开车PID参数批量预设流程,装置开车PID参数批量预设流程,装置开车PID参数批量预设流程,装置开车PID参数批量预设流程,装置开车PID参数批量预设流程,装置开车PID参数批量预设流程,装置开车PID参数批量预设流程,装置开车PID参数批量预设流程,装置开车PID参数批量预设流程,装置开车PID参数批量预设流程,装置开车PID参数批量预设流程,装置开车PID参数批量预设流程,装置开车PID参数批量预设流程,装置开车PID参数批量预设流程,装置开车PID参数批量预设流程,装置开车PID参数批量预设流程,装置开车PID参数批量预设流程,装置开车PID参数批量预设流程
optimization_ds.csv,5,optimization,装置开车PID参数批量预设流程,请执行重整装置开车阶段PID参数批量预设操作，覆盖所有控制回路,输入表述形态多样性,专业规范表述,2005/2/1,17,9,8,装置开车PID参数批量预设流程,装置开车PID参数批量预设流程,装置开车PID参数批量预设流程,装置开车PID参数批量预设流程,装置开车PID参数批量预设流程,装置开车PID参数批量预设流程,装置开车PID参数批量预设流程,装置开车PID参数批量预设流程,装置开车PID参数批量预设流程,装置开车PID参数批量预设流程,装置开车PID参数批量预设流程,装置开车PID参数批量预设流程,装置开车PID参数批量预设流程,装置开车PID参数批量预设流程,装置开车PID参数批量预设流程,装置开车PID参数批量预设流程,装置开车PID参数批量预设流程,
optimization_ds.csv,5,optimization,装置开车PID参数批量预设流程,需完成重整装置开车前PID参数批量预设，确保符合工艺设计标准,输入表述形态多样性,专业规范表述,2005/2/2,18,9,9,装置开车PID参数批量预设流程,装置开车PID参数批量预设流程,装置开车PID参数批量预设流程,装置开车PID参数批量预设流程,装置开车PID参数批量预设流程,装置开车PID参数批量预设流程,装置开车PID参数批量预设流程,装置开车PID参数批量预设流程,装置开车PID参数批量预设流程,装置开车PID参数批量预设流程,装置开车PID参数批量预设流程,装置开车PID参数批量预设流程,装置开车PID参数批量预设流程,装置开车PID参数批量预设流程,装置开车PID参数批量预设流程,装置开车PID参数批量预设流程,装置开车PID参数批量预设流程,装置开车PID参数批量预设流程
optimization_ds.csv,5,optimization,装置开车PID参数批量预设流程,重整装置开车调试前，执行PID参数批量预设流程，适配初始工况,输入表述形态多样性,专业规范表述,2005/2/3,18,9,9,装置开车PID参数批量预设流程,装置开车PID参数批量预设流程,装置开车PID参数批量预设流程,装置开车PID参数批量预设流程,装置开车PID参数批量预设流程,装置开车PID参数批量预设流程,装置开车PID参数批量预设流程,装置开车PID参数批量预设流程,装置开车PID参数批量预设流程,装置开车PID参数批量预设流程,装置开车PID参数批量预设流程,装置开车PID参数批量预设流程,装置开车PID参数批量预设流程,装置开车PID参数批量预设流程,装置开车PID参数批量预设流程,装置开车PID参数批量预设流程,装置开车PID参数批量预设流程,装置开车PID参数批量预设流程
optimization_ds.csv,5,optimization,装置开车PID参数批量预设流程,请求对重整装置所有控制回路进行开车PID参数批量预设，保障投运稳定,输入表述形态多样性,专业规范表述,2005/2/4,18,9,9,装置开车PID参数批量预设流程,装置开车PID参数批量预设流程,装置开车PID参数批量预设流程,装置开车PID参数批量预设流程,装置开车PID参数批量预设流程,装置开车PID参数批量预设流程,装置开车PID参数批量预设流程,装置开车PID参数批量预设流程,装置开车PID参数批量预设流程,装置开车PID参数批量预设流程,装置开车PID参数批量预设流程,装置开车PID参数批量预设流程,装置开车PID参数批量预设流程,装置开车PID参数批量预设流程,装置开车PID参数批量预设流程,装置开车PID参数批量预设流程,装置开车PID参数批量预设流程,装置开车PID参数批量预设流程
optimization_ds.csv,5,optimization,装置开车PID参数批量预设流程,重整装置开车前，完成PID参数批量预设，同步生成参数配置报告,输入表述形态多样性,专业规范表述,2005/2/5,18,9,9,装置开车PID参数批量预设流程,装置开车PID参数批量预设流程,装置开车PID参数批量预设流程,装置开车PID参数批量预设流程,装置开车PID参数批量预设流程,装置开车PID参数批量预设流程,装置开车PID参数批量预设流程,装置开车PID参数批量预设流程,装置开车PID参数批量预设流程,装置开车PID参数批量预设流程,装置开车PID参数批量预设流程,装置开车PID参数批量预设流程,装置开车PID参数批量预设流程,装置开车PID参数批量预设流程,装置开车PID参数批量预设流程,装置开车PID参数批量预设流程,装置开车PID参数批量预设流程,装置开车PID参数批量预设流程
optimization_ds.csv,5,optimization,装置开车PID参数批量预设流程,重整装置开车，批量预设PID参数,输入表述形态多样性,口语化简化表述,2005/3/1,18,9,9,装置开车PID参数批量预设流程,装置开车PID参数批量预设流程,装置开车PID参数批量预设流程,装置开车PID参数批量预设流程,装置开车PID参数批量预设流程,装置开车PID参数批量预设流程,装置开车PID参数批量预设流程,装置开车PID参数批量预设流程,装置开车PID参数批量预设流程,装置开车PID参数批量预设流程,装置开车PID参数批量预设流程,装置开车PID参数批量预设流程,装置开车PID参数批量预设流程,装置开车PID参数批量预设流程,装置开车PID参数批量预设流程,装置开车PID参数批量预设流程,装置开车PID参数批量预设流程,装置开车PID参数批量预设流程
optimization_ds.csv,5,optimization,装置开车PID参数批量预设流程,重整装置要开车了，PID参数批量预设一下,输入表述形态多样性,口语化简化表述,2005/3/2,18,9,9,装置开车PID参数批量预设流程,装置开车PID参数批量预设流程,装置开车PID参数批量预设流程,装置开车PID参数批量预设流程,装置开车PID参数批量预设流程,装置开车PID参数批量预设流程,装置开车PID参数批量预设流程,装置开车PID参数批量预设流程,装置开车PID参数批量预设流程,装置开车PID参数批量预设流程,装置开车PID参数批量预设流程,装置开车PID参数批量预设流程,装置开车PID参数批量预设流程,装置开车PID参数批量预设流程,装置开车PID参数批量预设流程,装置开车PID参数批量预设流程,装置开车PID参数批量预设流程,装置开车PID参数批量预设流程
optimization_ds.csv,5,optimization,装置开车PID参数批量预设流程,帮重整装置做开车PID批量预设,输入表述形态多样性,口语化简化表述,2005/3/3,18,9,9,装置开车PID参数批量预设流程,装置开车PID参数批量预设流程,装置开车PID参数批量预设流程,装置开车PID参数批量预设流程,装置开车PID参数批量预设流程,装置开车PID参数批量预设流程,装置开车PID参数批量预设流程,装置开车PID参数批量预设流程,装置开车PID参数批量预设流程,装置开车PID参数批量预设流程,装置开车PID参数批量预设流程,装置开车PID参数批量预设流程,装置开车PID参数批量预设流程,装置开车PID参数批量预设流程,装置开车PID参数批量预设流程,装置开车PID参数批量预设流程,装置开车PID参数批量预设流程,装置开车PID参数批量预设流程
optimization_ds.csv,5,optimization,装置开车PID参数批量预设流程,重整装置开车前，批量弄下PID参数,输入表述形态多样性,口语化简化表述,2005/3/4,18,9,9,装置开车PID参数批量预设流程,装置开车PID参数批量预设流程,装置开车PID参数批量预设流程,装置开车PID参数批量预设流程,装置开车PID参数批量预设流程,装置开车PID参数批量预设流程,装置开车PID参数批量预设流程,装置开车PID参数批量预设流程,装置开车PID参数批量预设流程,装置开车PID参数批量预设流程,装置开车PID参数批量预设流程,装置开车PID参数批量预设流程,装置开车PID参数批量预设流程,装置开车PID参数批量预设流程,装置开车PID参数批量预设流程,装置开车PID参数批量预设流程,装置开车PID参数批量预设流程,装置开车PID参数批量预设流程
optimization_ds.csv,5,optimization,装置开车PID参数批量预设流程,重整装置开车，PID批量预设，快点,输入表述形态多样性,口语化简化表述,2005/3/5,18,9,9,装置开车PID参数批量预设流程,装置开车PID参数批量预设流程,装置开车PID参数批量预设流程,装置开车PID参数批量预设流程,装置开车PID参数批量预设流程,装置开车PID参数批量预设流程,装置开车PID参数批量预设流程,装置开车PID参数批量预设流程,装置开车PID参数批量预设流程,装置开车PID参数批量预设流程,装置开车PID参数批量预设流程,装置开车PID参数批量预设流程,装置开车PID参数批量预设流程,装置开车PID参数批量预设流程,装置开车PID参数批量预设流程,装置开车PID参数批量预设流程,装置开车PID参数批量预设流程,装置开车PID参数批量预设流程
optimization_ds.csv,5,optimization,装置开车PID参数批量预设流程,重整装置开车后，PID参数批量整定（非预设）,意图边界与歧义性,相似意图区分,2005/4/1,18,9,9,装置开车PID参数批量预设流程,装置开车PID参数批量预设流程,装置开车PID参数批量预设流程,装置开车PID参数批量预设流程,装置开车PID参数批量预设流程,装置开车PID参数批量预设流程,装置开车PID参数批量预设流程,装置开车PID参数批量预设流程,装置开车PID参数批量预设流程,装置开车PID参数批量预设流程,装置开车PID参数批量预设流程,装置开车PID参数批量预设流程,装置开车PID参数批量预设流程,装置开车PID参数批量预设流程,装置开车PID参数批量预设流程,装置开车PID参数批量预设流程,装置开车PID参数批量预设流程,装置开车PID参数批量预设流程
optimization_ds.csv,5,optimization,装置开车PID参数批量预设流程,帮我进行重整装置的开车批量预设（核心意图）,意图边界与歧义性,相似意图区分,2005/4/2,18,9,9,装置开车PID参数批量预设流程,装置开车PID参数批量预设流程,装置开车PID参数批量预设流程,装置开车PID参数批量预设流程,装置开车PID参数批量预设流程,装置开车PID参数批量预设流程,装置开车PID参数批量预设流程,装置开车PID参数批量预设流程,装置开车PID参数批量预设流程,装置开车PID参数批量预设流程,装置开车PID参数批量预设流程,装置开车PID参数批量预设流程,装置开车PID参数批量预设流程,装置开车PID参数批量预设流程,装置开车PID参数批量预设流程,装置开车PID参数批量预设流程,装置开车PID参数批量预设流程,装置开车PID参数批量预设流程
optimization_ds.csv,5,optimization,装置开车PID参数批量预设流程,重整装置开车后，PID参数批量查询（非预设）,意图边界与歧义性,相似意图区分,2005/4/3,0,0,0,,,,,PID参数AI自整定优化流程,,,,,,,,,,,,,
optimization_ds.csv,5,optimization,装置开车PID参数批量预设流程,重整装置开车前，PID参数批量修改（非预设）,意图边界与歧义性,相似意图区分,2005/4/4,18,9,9,装置开车PID参数批量预设流程,装置开车PID参数批量预设流程,装置开车PID参数批量预设流程,装置开车PID参数批量预设流程,装置开车PID参数批量预设流程,装置开车PID参数批量预设流程,装置开车PID参数批量预设流程,装置开车PID参数批量预设流程,装置开车PID参数批量预设流程,装置开车PID参数批量预设流程,装置开车PID参数批量预设流程,装置开车PID参数批量预设流程,装置开车PID参数批量预设流程,装置开车PID参数批量预设流程,装置开车PID参数批量预设流程,装置开车PID参数批量预设流程,装置开车PID参数批量预设流程,装置开车PID参数批量预设流程
optimization_ds.csv,5,optimization,装置开车PID参数批量预设流程,重整装置开车前，PID参数批量备份（非预设）,意图边界与歧义性,相似意图区分,2005/4/5,2,2,0,,,,装置开车PID参数批量预设流程,,,,,装置开车PID参数批量预设流程,,,,,,,,,
optimization_ds.csv,5,optimization,装置开车PID参数批量预设流程,现在是凌晨2点，装置要赶在天亮前开车，帮我进行重整装置的开车批量预设,干扰因素与鲁棒性,冗余信息叠加,2005/5/1,18,9,9,装置开车PID参数批量预设流程,装置开车PID参数批量预设流程,装置开车PID参数批量预设流程,装置开车PID参数批量预设流程,装置开车PID参数批量预设流程,装置开车PID参数批量预设流程,装置开车PID参数批量预设流程,装置开车PID参数批量预设流程,装置开车PID参数批量预设流程,装置开车PID参数批量预设流程,装置开车PID参数批量预设流程,装置开车PID参数批量预设流程,装置开车PID参数批量预设流程,装置开车PID参数批量预设流程,装置开车PID参数批量预设流程,装置开车PID参数批量预设流程,装置开车PID参数批量预设流程,装置开车PID参数批量预设流程
optimization_ds.csv,5,optimization,装置开车PID参数批量预设流程,刚完成重整装置设备巡检，所有设备正常，帮我进行重整装置的开车批量预设,干扰因素与鲁棒性,冗余信息叠加,2005/5/2,18,9,9,装置开车PID参数批量预设流程,装置开车PID参数批量预设流程,装置开车PID参数批量预设流程,装置开车PID参数批量预设流程,装置开车PID参数批量预设流程,装置开车PID参数批量预设流程,装置开车PID参数批量预设流程,装置开车PID参数批量预设流程,装置开车PID参数批量预设流程,装置开车PID参数批量预设流程,装置开车PID参数批量预设流程,装置开车PID参数批量预设流程,装置开车PID参数批量预设流程,装置开车PID参数批量预设流程,装置开车PID参数批量预设流程,装置开车PID参数批量预设流程,装置开车PID参数批量预设流程,装置开车PID参数批量预设流程
optimization_ds.csv,5,optimization,装置开车PID参数批量预设流程,天气预报说明天有雨，今天必须完成开车，帮我进行重整装置的开车批量预设,干扰因素与鲁棒性,冗余信息叠加,2005/5/3,18,9,9,装置开车PID参数批量预设流程,装置开车PID参数批量预设流程,装置开车PID参数批量预设流程,装置开车PID参数批量预设流程,装置开车PID参数批量预设流程,装置开车PID参数批量预设流程,装置开车PID参数批量预设流程,装置开车PID参数批量预设流程,装置开车PID参数批量预设流程,装置开车PID参数批量预设流程,装置开车PID参数批量预设流程,装置开车PID参数批量预设流程,装置开车PID参数批量预设流程,装置开车PID参数批量预设流程,装置开车PID参数批量预设流程,装置开车PID参数批量预设流程,装置开车PID参数批量预设流程,装置开车PID参数批量预设流程
optimization_ds.csv,5,optimization,装置开车PID参数批量预设流程,操作员已经到位，就等参数预设，帮我进行重整装置的开车批量预设,干扰因素与鲁棒性,冗余信息叠加,2005/5/4,18,9,9,装置开车PID参数批量预设流程,装置开车PID参数批量预设流程,装置开车PID参数批量预设流程,装置开车PID参数批量预设流程,装置开车PID参数批量预设流程,装置开车PID参数批量预设流程,装置开车PID参数批量预设流程,装置开车PID参数批量预设流程,装置开车PID参数批量预设流程,装置开车PID参数批量预设流程,装置开车PID参数批量预设流程,装置开车PID参数批量预设流程,装置开车PID参数批量预设流程,装置开车PID参数批量预设流程,装置开车PID参数批量预设流程,装置开车PID参数批量预设流程,装置开车PID参数批量预设流程,装置开车PID参数批量预设流程
optimization_ds.csv,5,optimization,装置开车PID参数批量预设流程,物料已经输送到位，帮我进行重整装置的开车批量预设,干扰因素与鲁棒性,冗余信息叠加,2005/5/5,13,5,8,装置开车PID参数批量预设流程,装置开车PID参数批量预设流程,装置开车PID参数批量预设流程,装置开车PID参数批量预设流程,,,装置开车PID参数批量预设流程,,,装置开车PID参数批量预设流程,装置开车PID参数批量预设流程,装置开车PID参数批量预设流程,装置开车PID参数批量预设流程,装置开车PID参数批量预设流程,装置开车PID参数批量预设流程,装置开车PID参数批量预设流程,,装置开车PID参数批量预设流程
optimization_ds.csv,5,optimization,装置开车PID参数批量预设流程,重整装置首次开车，帮我进行开车批量预设,实际工况适配性,全工况场景,2005/6/1,18,9,9,装置开车PID参数批量预设流程,装置开车PID参数批量预设流程,装置开车PID参数批量预设流程,装置开车PID参数批量预设流程,装置开车PID参数批量预设流程,装置开车PID参数批量预设流程,装置开车PID参数批量预设流程,装置开车PID参数批量预设流程,装置开车PID参数批量预设流程,装置开车PID参数批量预设流程,装置开车PID参数批量预设流程,装置开车PID参数批量预设流程,装置开车PID参数批量预设流程,装置开车PID参数批量预设流程,装置开车PID参数批量预设流程,装置开车PID参数批量预设流程,装置开车PID参数批量预设流程,装置开车PID参数批量预设流程
optimization_ds.csv,5,optimization,装置开车PID参数批量预设流程,重整装置大修后开车，帮我进行开车批量预设,实际工况适配性,全工况场景,2005/6/2,18,9,9,装置开车PID参数批量预设流程,装置开车PID参数批量预设流程,装置开车PID参数批量预设流程,装置开车PID参数批量预设流程,装置开车PID参数批量预设流程,装置开车PID参数批量预设流程,装置开车PID参数批量预设流程,装置开车PID参数批量预设流程,装置开车PID参数批量预设流程,装置开车PID参数批量预设流程,装置开车PID参数批量预设流程,装置开车PID参数批量预设流程,装置开车PID参数批量预设流程,装置开车PID参数批量预设流程,装置开车PID参数批量预设流程,装置开车PID参数批量预设流程,装置开车PID参数批量预设流程,装置开车PID参数批量预设流程
optimization_ds.csv,5,optimization,装置开车PID参数批量预设流程,重整装置紧急停车后重启，帮我进行开车批量预设,实际工况适配性,全工况场景,2005/6/3,18,9,9,装置开车PID参数批量预设流程,装置开车PID参数批量预设流程,装置开车PID参数批量预设流程,装置开车PID参数批量预设流程,装置开车PID参数批量预设流程,装置开车PID参数批量预设流程,装置开车PID参数批量预设流程,装置开车PID参数批量预设流程,装置开车PID参数批量预设流程,装置开车PID参数批量预设流程,装置开车PID参数批量预设流程,装置开车PID参数批量预设流程,装置开车PID参数批量预设流程,装置开车PID参数批量预设流程,装置开车PID参数批量预设流程,装置开车PID参数批量预设流程,装置开车PID参数批量预设流程,装置开车PID参数批量预设流程
optimization_ds.csv,5,optimization,装置开车PID参数批量预设流程,重整装置扩容改造后开车，帮我进行开车批量预设,实际工况适配性,全工况场景,2005/6/4,18,9,9,装置开车PID参数批量预设流程,装置开车PID参数批量预设流程,装置开车PID参数批量预设流程,装置开车PID参数批量预设流程,装置开车PID参数批量预设流程,装置开车PID参数批量预设流程,装置开车PID参数批量预设流程,装置开车PID参数批量预设流程,装置开车PID参数批量预设流程,装置开车PID参数批量预设流程,装置开车PID参数批量预设流程,装置开车PID参数批量预设流程,装置开车PID参数批量预设流程,装置开车PID参数批量预设流程,装置开车PID参数批量预设流程,装置开车PID参数批量预设流程,装置开车PID参数批量预设流程,装置开车PID参数批量预设流程
optimization_ds.csv,5,optimization,装置开车PID参数批量预设流程,重整装置工艺升级后开车，帮我进行开车批量预设,实际工况适配性,全工况场景,2005/6/5,18,9,9,装置开车PID参数批量预设流程,装置开车PID参数批量预设流程,装置开车PID参数批量预设流程,装置开车PID参数批量预设流程,装置开车PID参数批量预设流程,装置开车PID参数批量预设流程,装置开车PID参数批量预设流程,装置开车PID参数批量预设流程,装置开车PID参数批量预设流程,装置开车PID参数批量预设流程,装置开车PID参数批量预设流程,装置开车PID参数批量预设流程,装置开车PID参数批量预设流程,装置开车PID参数批量预设流程,装置开车PID参数批量预设流程,装置开车PID参数批量预设流程,装置开车PID参数批量预设流程,装置开车PID参数批量预设流程
optimization_ds.csv,13,optimization,锅炉回路自动运行控制方案设计流程,我想实现锅炉回路的自动运行调整，能否帮我设计控制方案_,场景与功能全覆盖,直接复用语料,2013/1/1,18,9,9,锅炉回路自动运行控制方案设计流程,锅炉回路自动运行控制方案设计流程,锅炉回路自动运行控制方案设计流程,锅炉回路自动运行控制方案设计流程,锅炉回路自动运行控制方案设计流程,锅炉回路自动运行控制方案设计流程,锅炉回路自动运行控制方案设计流程,锅炉回路自动运行控制方案设计流程,锅炉回路自动运行控制方案设计流程,锅炉回路自动运行控制方案设计流程,锅炉回路自动运行控制方案设计流程,锅炉回路自动运行控制方案设计流程,锅炉回路自动运行控制方案设计流程,锅炉回路自动运行控制方案设计流程,锅炉回路自动运行控制方案设计流程,锅炉回路自动运行控制方案设计流程,锅炉回路自动运行控制方案设计流程,锅炉回路自动运行控制方案设计流程
optimization_ds.csv,13,optimization,锅炉回路自动运行控制方案设计流程,能否帮我设计锅炉回路的自动运行调整的控制方案_,场景与功能全覆盖,直接复用语料,2013/1/2,18,9,9,锅炉回路自动运行控制方案设计流程,锅炉回路自动运行控制方案设计流程,锅炉回路自动运行控制方案设计流程,锅炉回路自动运行控制方案设计流程,锅炉回路自动运行控制方案设计流程,锅炉回路自动运行控制方案设计流程,锅炉回路自动运行控制方案设计流程,锅炉回路自动运行控制方案设计流程,锅炉回路自动运行控制方案设计流程,锅炉回路自动运行控制方案设计流程,锅炉回路自动运行控制方案设计流程,锅炉回路自动运行控制方案设计流程,锅炉回路自动运行控制方案设计流程,锅炉回路自动运行控制方案设计流程,锅炉回路自动运行控制方案设计流程,锅炉回路自动运行控制方案设计流程,锅炉回路自动运行控制方案设计流程,锅炉回路自动运行控制方案设计流程
optimization_ds.csv,13,optimization,锅炉回路自动运行控制方案设计流程,我想实现锅炉回路的自动运行调整，能否帮我设计控制方案_,场景与功能全覆盖,直接复用语料,2013/1/3,18,9,9,锅炉回路自动运行控制方案设计流程,锅炉回路自动运行控制方案设计流程,锅炉回路自动运行控制方案设计流程,锅炉回路自动运行控制方案设计流程,锅炉回路自动运行控制方案设计流程,锅炉回路自动运行控制方案设计流程,锅炉回路自动运行控制方案设计流程,锅炉回路自动运行控制方案设计流程,锅炉回路自动运行控制方案设计流程,锅炉回路自动运行控制方案设计流程,锅炉回路自动运行控制方案设计流程,锅炉回路自动运行控制方案设计流程,锅炉回路自动运行控制方案设计流程,锅炉回路自动运行控制方案设计流程,锅炉回路自动运行控制方案设计流程,锅炉回路自动运行控制方案设计流程,锅炉回路自动运行控制方案设计流程,锅炉回路自动运行控制方案设计流程
optimization_ds.csv,13,optimization,锅炉回路自动运行控制方案设计流程,能否帮我设计锅炉回路的自动运行调整的控制方案_,场景与功能全覆盖,直接复用语料,2013/1/4,18,9,9,锅炉回路自动运行控制方案设计流程,锅炉回路自动运行控制方案设计流程,锅炉回路自动运行控制方案设计流程,锅炉回路自动运行控制方案设计流程,锅炉回路自动运行控制方案设计流程,锅炉回路自动运行控制方案设计流程,锅炉回路自动运行控制方案设计流程,锅炉回路自动运行控制方案设计流程,锅炉回路自动运行控制方案设计流程,锅炉回路自动运行控制方案设计流程,锅炉回路自动运行控制方案设计流程,锅炉回路自动运行控制方案设计流程,锅炉回路自动运行控制方案设计流程,锅炉回路自动运行控制方案设计流程,锅炉回路自动运行控制方案设计流程,锅炉回路自动运行控制方案设计流程,锅炉回路自动运行控制方案设计流程,锅炉回路自动运行控制方案设计流程
optimization_ds.csv,13,optimization,锅炉回路自动运行控制方案设计流程,我想实现锅炉回路的自动运行调整，能否帮我设计控制方案_,场景与功能全覆盖,直接复用语料,2013/1/5,18,9,9,锅炉回路自动运行控制方案设计流程,锅炉回路自动运行控制方案设计流程,锅炉回路自动运行控制方案设计流程,锅炉回路自动运行控制方案设计流程,锅炉回路自动运行控制方案设计流程,锅炉回路自动运行控制方案设计流程,锅炉回路自动运行控制方案设计流程,锅炉回路自动运行控制方案设计流程,锅炉回路自动运行控制方案设计流程,锅炉回路自动运行控制方案设计流程,锅炉回路自动运行控制方案设计流程,锅炉回路自动运行控制方案设计流程,锅炉回路自动运行控制方案设计流程,锅炉回路自动运行控制方案设计流程,锅炉回路自动运行控制方案设计流程,锅炉回路自动运行控制方案设计流程,锅炉回路自动运行控制方案设计流程,锅炉回路自动运行控制方案设计流程
optimization_ds.csv,13,optimization,锅炉回路自动运行控制方案设计流程,请求设计锅炉回路自动运行控制方案，实现运行参数自动调整,输入表述形态多样性,专业规范表述,2013/2/1,0,0,0,锅炉与电解槽AI智能控制方案设计流程,锅炉与电解槽AI智能控制方案设计流程,锅炉与电解槽AI智能控制方案设计流程,锅炉与电解槽AI智能控制方案设计流程,锅炉与电解槽AI智能控制方案设计流程,锅炉与电解槽AI智能控制方案设计流程,锅炉与电解槽AI智能控制方案设计流程,锅炉与电解槽AI智能控制方案设计流程,锅炉与电解槽AI智能控制方案设计流程,锅炉与电解槽AI智能控制方案设计流程,锅炉与电解槽AI智能控制方案设计流程,锅炉与电解槽AI智能控制方案设计流程,锅炉与电解槽AI智能控制方案设计流程,锅炉与电解槽AI智能控制方案设计流程,锅炉与电解槽AI智能控制方案设计流程,锅炉与电解槽AI智能控制方案设计流程,锅炉与电解槽AI智能控制方案设计流程,锅炉与电解槽AI智能控制方案设计流程
optimization_ds.csv,13,optimization,锅炉回路自动运行控制方案设计流程,需设计锅炉回路自动运行调整控制方案，提升运行稳定性,输入表述形态多样性,专业规范表述,2013/2/2,18,9,9,锅炉回路自动运行控制方案设计流程,锅炉回路自动运行控制方案设计流程,锅炉回路自动运行控制方案设计流程,锅炉回路自动运行控制方案设计流程,锅炉回路自动运行控制方案设计流程,锅炉回路自动运行控制方案设计流程,锅炉回路自动运行控制方案设计流程,锅炉回路自动运行控制方案设计流程,锅炉回路自动运行控制方案设计流程,锅炉回路自动运行控制方案设计流程,锅炉回路自动运行控制方案设计流程,锅炉回路自动运行控制方案设计流程,锅炉回路自动运行控制方案设计流程,锅炉回路自动运行控制方案设计流程,锅炉回路自动运行控制方案设计流程,锅炉回路自动运行控制方案设计流程,锅炉回路自动运行控制方案设计流程,锅炉回路自动运行控制方案设计流程
optimization_ds.csv,13,optimization,锅炉回路自动运行控制方案设计流程,锅炉回路自动运行控制方案设计，包含参数自动调整功能,输入表述形态多样性,专业规范表述,2013/2/3,0,0,0,锅炉与电解槽AI智能控制方案设计流程,锅炉与电解槽AI智能控制方案设计流程,锅炉与电解槽AI智能控制方案设计流程,锅炉与电解槽AI智能控制方案设计流程,锅炉与电解槽AI智能控制方案设计流程,锅炉与电解槽AI智能控制方案设计流程,锅炉与电解槽AI智能控制方案设计流程,锅炉与电解槽AI智能控制方案设计流程,锅炉与电解槽AI智能控制方案设计流程,锅炉与电解槽AI智能控制方案设计流程,锅炉与电解槽AI智能控制方案设计流程,锅炉与电解槽AI智能控制方案设计流程,锅炉与电解槽AI智能控制方案设计流程,锅炉与电解槽AI智能控制方案设计流程,锅炉与电解槽AI智能控制方案设计流程,锅炉与电解槽AI智能控制方案设计流程,锅炉与电解槽AI智能控制方案设计流程,锅炉与电解槽AI智能控制方案设计流程
optimization_ds.csv,13,optimization,锅炉回路自动运行控制方案设计流程,设计锅炉回路自动运行调整控制方案，确保安全可靠运行,输入表述形态多样性,专业规范表述,2013/2/4,18,9,9,锅炉回路自动运行控制方案设计流程,锅炉回路自动运行控制方案设计流程,锅炉回路自动运行控制方案设计流程,锅炉回路自动运行控制方案设计流程,锅炉回路自动运行控制方案设计流程,锅炉回路自动运行控制方案设计流程,锅炉回路自动运行控制方案设计流程,锅炉回路自动运行控制方案设计流程,锅炉回路自动运行控制方案设计流程,锅炉回路自动运行控制方案设计流程,锅炉回路自动运行控制方案设计流程,锅炉回路自动运行控制方案设计流程,锅炉回路自动运行控制方案设计流程,锅炉回路自动运行控制方案设计流程,锅炉回路自动运行控制方案设计流程,锅炉回路自动运行控制方案设计流程,锅炉回路自动运行控制方案设计流程,锅炉回路自动运行控制方案设计流程
optimization_ds.csv,13,optimization,锅炉回路自动运行控制方案设计流程,锅炉回路自动运行控制方案设计，实现运行参数智能调整,输入表述形态多样性,专业规范表述,2013/2/5,0,0,0,锅炉与电解槽AI智能控制方案设计流程,锅炉与电解槽AI智能控制方案设计流程,锅炉与电解槽AI智能控制方案设计流程,锅炉与电解槽AI智能控制方案设计流程,锅炉与电解槽AI智能控制方案设计流程,锅炉与电解槽AI智能控制方案设计流程,锅炉与电解槽AI智能控制方案设计流程,锅炉与电解槽AI智能控制方案设计流程,锅炉与电解槽AI智能控制方案设计流程,锅炉与电解槽AI智能控制方案设计流程,锅炉与电解槽AI智能控制方案设计流程,锅炉与电解槽AI智能控制方案设计流程,锅炉与电解槽AI智能控制方案设计流程,锅炉与电解槽AI智能控制方案设计流程,锅炉与电解槽AI智能控制方案设计流程,锅炉与电解槽AI智能控制方案设计流程,锅炉与电解槽AI智能控制方案设计流程,锅炉与电解槽AI智能控制方案设计流程
optimization_ds.csv,13,optimization,锅炉回路自动运行控制方案设计流程,锅炉回路自动运行，帮我设计控制方案,输入表述形态多样性,口语化简化表述,2013/3/1,0,0,0,锅炉与电解槽AI智能控制方案设计流程,锅炉与电解槽AI智能控制方案设计流程,锅炉与电解槽AI智能控制方案设计流程,锅炉与电解槽AI智能控制方案设计流程,锅炉与电解槽AI智能控制方案设计流程,锅炉与电解槽AI智能控制方案设计流程,锅炉与电解槽AI智能控制方案设计流程,锅炉与电解槽AI智能控制方案设计流程,锅炉与电解槽AI智能控制方案设计流程,锅炉与电解槽AI智能控制方案设计流程,锅炉与电解槽AI智能控制方案设计流程,锅炉与电解槽AI智能控制方案设计流程,锅炉与电解槽AI智能控制方案设计流程,锅炉与电解槽AI智能控制方案设计流程,锅炉与电解槽AI智能控制方案设计流程,锅炉与电解槽AI智能控制方案设计流程,锅炉与电解槽AI智能控制方案设计流程,锅炉与电解槽AI智能控制方案设计流程
optimization_ds.csv,13,optimization,锅炉回路自动运行控制方案设计流程,锅炉自动运行调整，控制方案设计一下,输入表述形态多样性,口语化简化表述,2013/3/2,18,9,9,锅炉回路自动运行控制方案设计流程,锅炉回路自动运行控制方案设计流程,锅炉回路自动运行控制方案设计流程,锅炉回路自动运行控制方案设计流程,锅炉回路自动运行控制方案设计流程,锅炉回路自动运行控制方案设计流程,锅炉回路自动运行控制方案设计流程,锅炉回路自动运行控制方案设计流程,锅炉回路自动运行控制方案设计流程,锅炉回路自动运行控制方案设计流程,锅炉回路自动运行控制方案设计流程,锅炉回路自动运行控制方案设计流程,锅炉回路自动运行控制方案设计流程,锅炉回路自动运行控制方案设计流程,锅炉回路自动运行控制方案设计流程,锅炉回路自动运行控制方案设计流程,锅炉回路自动运行控制方案设计流程,锅炉回路自动运行控制方案设计流程
optimization_ds.csv,13,optimization,锅炉回路自动运行控制方案设计流程,锅炉回路自动控制方案，帮我弄一个,输入表述形态多样性,口语化简化表述,2013/3/3,0,0,0,锅炉与电解槽AI智能控制方案设计流程,锅炉与电解槽AI智能控制方案设计流程,锅炉与电解槽AI智能控制方案设计流程,锅炉与电解槽AI智能控制方案设计流程,锅炉与电解槽AI智能控制方案设计流程,锅炉与电解槽AI智能控制方案设计流程,锅炉与电解槽AI智能控制方案设计流程,锅炉与电解槽AI智能控制方案设计流程,锅炉与电解槽AI智能控制方案设计流程,锅炉与电解槽AI智能控制方案设计流程,锅炉与电解槽AI智能控制方案设计流程,锅炉与电解槽AI智能控制方案设计流程,锅炉与电解槽AI智能控制方案设计流程,锅炉与电解槽AI智能控制方案设计流程,锅炉与电解槽AI智能控制方案设计流程,锅炉与电解槽AI智能控制方案设计流程,锅炉与电解槽AI智能控制方案设计流程,锅炉与电解槽AI智能控制方案设计流程
optimization_ds.csv,13,optimization,锅炉回路自动运行控制方案设计流程,设计锅炉自动运行控制方案，要能自动调整,输入表述形态多样性,口语化简化表述,2013/3/4,0,0,0,锅炉与电解槽AI智能控制方案设计流程,锅炉与电解槽AI智能控制方案设计流程,锅炉与电解槽AI智能控制方案设计流程,锅炉与电解槽AI智能控制方案设计流程,锅炉与电解槽AI智能控制方案设计流程,锅炉与电解槽AI智能控制方案设计流程,锅炉与电解槽AI智能控制方案设计流程,锅炉与电解槽AI智能控制方案设计流程,锅炉与电解槽AI智能控制方案设计流程,锅炉与电解槽AI智能控制方案设计流程,锅炉与电解槽AI智能控制方案设计流程,锅炉与电解槽AI智能控制方案设计流程,锅炉与电解槽AI智能控制方案设计流程,锅炉与电解槽AI智能控制方案设计流程,锅炉与电解槽AI智能控制方案设计流程,锅炉与电解槽AI智能控制方案设计流程,锅炉与电解槽AI智能控制方案设计流程,锅炉与电解槽AI智能控制方案设计流程
optimization_ds.csv,13,optimization,锅炉回路自动运行控制方案设计流程,锅炉回路自动运行，控制方案快点设计,输入表述形态多样性,口语化简化表述,2013/3/5,0,0,0,锅炉与电解槽AI智能控制方案设计流程,锅炉与电解槽AI智能控制方案设计流程,锅炉与电解槽AI智能控制方案设计流程,锅炉与电解槽AI智能控制方案设计流程,锅炉与电解槽AI智能控制方案设计流程,锅炉与电解槽AI智能控制方案设计流程,锅炉与电解槽AI智能控制方案设计流程,锅炉与电解槽AI智能控制方案设计流程,锅炉与电解槽AI智能控制方案设计流程,锅炉与电解槽AI智能控制方案设计流程,锅炉与电解槽AI智能控制方案设计流程,锅炉与电解槽AI智能控制方案设计流程,锅炉与电解槽AI智能控制方案设计流程,锅炉与电解槽AI智能控制方案设计流程,锅炉与电解槽AI智能控制方案设计流程,锅炉与电解槽AI智能控制方案设计流程,锅炉与电解槽AI智能控制方案设计流程,锅炉与电解槽AI智能控制方案设计流程
optimization_ds.csv,13,optimization,锅炉回路自动运行控制方案设计流程,查询锅炉回路当前控制方案（非设计新方案）,意图边界与歧义性,相似意图区分,2013/4/1,0,0,0,,,,,,,,,,,,锅炉与电解槽AI智能控制方案设计流程,锅炉与电解槽AI智能控制方案设计流程,,,,,锅炉与电解槽AI智能控制方案设计流程
optimization_ds.csv,13,optimization,锅炉回路自动运行控制方案设计流程,我想实现锅炉回路的自动运行调整，能否帮我设计控制方案（核心意图）,意图边界与歧义性,相似意图区分,2013/4/2,18,9,9,锅炉回路自动运行控制方案设计流程,锅炉回路自动运行控制方案设计流程,锅炉回路自动运行控制方案设计流程,锅炉回路自动运行控制方案设计流程,锅炉回路自动运行控制方案设计流程,锅炉回路自动运行控制方案设计流程,锅炉回路自动运行控制方案设计流程,锅炉回路自动运行控制方案设计流程,锅炉回路自动运行控制方案设计流程,锅炉回路自动运行控制方案设计流程,锅炉回路自动运行控制方案设计流程,锅炉回路自动运行控制方案设计流程,锅炉回路自动运行控制方案设计流程,锅炉回路自动运行控制方案设计流程,锅炉回路自动运行控制方案设计流程,锅炉回路自动运行控制方案设计流程,锅炉回路自动运行控制方案设计流程,锅炉回路自动运行控制方案设计流程
optimization_ds.csv,13,optimization,锅炉回路自动运行控制方案设计流程,修改锅炉回路现有控制方案（非设计新方案）,意图边界与歧义性,相似意图区分,2013/4/3,0,0,0,锅炉与电解槽AI智能控制方案设计流程,锅炉与电解槽AI智能控制方案设计流程,锅炉与电解槽AI智能控制方案设计流程,锅炉与电解槽AI智能控制方案设计流程,锅炉与电解槽AI智能控制方案设计流程,锅炉与电解槽AI智能控制方案设计流程,锅炉与电解槽AI智能控制方案设计流程,锅炉与电解槽AI智能控制方案设计流程,锅炉与电解槽AI智能控制方案设计流程,锅炉与电解槽AI智能控制方案设计流程,锅炉与电解槽AI智能控制方案设计流程,锅炉与电解槽AI智能控制方案设计流程,锅炉与电解槽AI智能控制方案设计流程,锅炉与电解槽AI智能控制方案设计流程,锅炉与电解槽AI智能控制方案设计流程,锅炉与电解槽AI智能控制方案设计流程,锅炉与电解槽AI智能控制方案设计流程,锅炉与电解槽AI智能控制方案设计流程
optimization_ds.csv,13,optimization,锅炉回路自动运行控制方案设计流程,优化锅炉回路控制参数（非设计方案）,意图边界与歧义性,相似意图区分,2013/4/4,0,0,0,,,,,,,,,,,,,,,,,,
optimization_ds.csv,13,optimization,锅炉回路自动运行控制方案设计流程,停用锅炉回路自动控制（非设计方案）,意图边界与歧义性,相似意图区分,2013/4/5,0,0,0,PID回路参数查询与基础信息维护流程,PID回路参数查询与基础信息维护流程,PID回路参数查询与基础信息维护流程,PID回路参数查询与基础信息维护流程,PID回路参数查询与基础信息维护流程,PID回路参数查询与基础信息维护流程,PID回路参数查询与基础信息维护流程,PID回路参数查询与基础信息维护流程,PID回路参数查询与基础信息维护流程,,,,,,,,,
optimization_ds.csv,13,optimization,锅炉回路自动运行控制方案设计流程,现在是冬季供暖期，锅炉负荷较高，我想实现锅炉回路的自动运行调整，能否帮我设计控制方案_,干扰因素与鲁棒性,冗余信息叠加,2013/5/1,18,9,9,锅炉回路自动运行控制方案设计流程,锅炉回路自动运行控制方案设计流程,锅炉回路自动运行控制方案设计流程,锅炉回路自动运行控制方案设计流程,锅炉回路自动运行控制方案设计流程,锅炉回路自动运行控制方案设计流程,锅炉回路自动运行控制方案设计流程,锅炉回路自动运行控制方案设计流程,锅炉回路自动运行控制方案设计流程,锅炉回路自动运行控制方案设计流程,锅炉回路自动运行控制方案设计流程,锅炉回路自动运行控制方案设计流程,锅炉回路自动运行控制方案设计流程,锅炉回路自动运行控制方案设计流程,锅炉回路自动运行控制方案设计流程,锅炉回路自动运行控制方案设计流程,锅炉回路自动运行控制方案设计流程,锅炉回路自动运行控制方案设计流程
optimization_ds.csv,13,optimization,锅炉回路自动运行控制方案设计流程,刚完成锅炉大修，设备状态良好，能否帮我设计锅炉回路的自动运行调整的控制方案_,干扰因素与鲁棒性,冗余信息叠加,2013/5/2,18,9,9,锅炉回路自动运行控制方案设计流程,锅炉回路自动运行控制方案设计流程,锅炉回路自动运行控制方案设计流程,锅炉回路自动运行控制方案设计流程,锅炉回路自动运行控制方案设计流程,锅炉回路自动运行控制方案设计流程,锅炉回路自动运行控制方案设计流程,锅炉回路自动运行控制方案设计流程,锅炉回路自动运行控制方案设计流程,锅炉回路自动运行控制方案设计流程,锅炉回路自动运行控制方案设计流程,锅炉回路自动运行控制方案设计流程,锅炉回路自动运行控制方案设计流程,锅炉回路自动运行控制方案设计流程,锅炉回路自动运行控制方案设计流程,锅炉回路自动运行控制方案设计流程,锅炉回路自动运行控制方案设计流程,锅炉回路自动运行控制方案设计流程
optimization_ds.csv,13,optimization,锅炉回路自动运行控制方案设计流程,操作员反映手动调整频繁，工作量大，我想实现锅炉回路的自动运行调整，能否帮我设计控制方案_,干扰因素与鲁棒性,冗余信息叠加,2013/5/3,18,9,9,锅炉回路自动运行控制方案设计流程,锅炉回路自动运行控制方案设计流程,锅炉回路自动运行控制方案设计流程,锅炉回路自动运行控制方案设计流程,锅炉回路自动运行控制方案设计流程,锅炉回路自动运行控制方案设计流程,锅炉回路自动运行控制方案设计流程,锅炉回路自动运行控制方案设计流程,锅炉回路自动运行控制方案设计流程,锅炉回路自动运行控制方案设计流程,锅炉回路自动运行控制方案设计流程,锅炉回路自动运行控制方案设计流程,锅炉回路自动运行控制方案设计流程,锅炉回路自动运行控制方案设计流程,锅炉回路自动运行控制方案设计流程,锅炉回路自动运行控制方案设计流程,锅炉回路自动运行控制方案设计流程,锅炉回路自动运行控制方案设计流程
optimization_ds.csv,13,optimization,锅炉回路自动运行控制方案设计流程,锅炉运行参数波动较大，影响稳定性，能否帮我设计锅炉回路的自动运行调整的控制方案_,干扰因素与鲁棒性,冗余信息叠加,2013/5/4,18,9,9,锅炉回路自动运行控制方案设计流程,锅炉回路自动运行控制方案设计流程,锅炉回路自动运行控制方案设计流程,锅炉回路自动运行控制方案设计流程,锅炉回路自动运行控制方案设计流程,锅炉回路自动运行控制方案设计流程,锅炉回路自动运行控制方案设计流程,锅炉回路自动运行控制方案设计流程,锅炉回路自动运行控制方案设计流程,锅炉回路自动运行控制方案设计流程,锅炉回路自动运行控制方案设计流程,锅炉回路自动运行控制方案设计流程,锅炉回路自动运行控制方案设计流程,锅炉回路自动运行控制方案设计流程,锅炉回路自动运行控制方案设计流程,锅炉回路自动运行控制方案设计流程,锅炉回路自动运行控制方案设计流程,锅炉回路自动运行控制方案设计流程
optimization_ds.csv,13,optimization,锅炉回路自动运行控制方案设计流程,能源管理部门要求提升自动化水平，我想实现锅炉回路的自动运行调整，能否帮我设计控制方案_,干扰因素与鲁棒性,冗余信息叠加,2013/5/5,18,9,9,锅炉回路自动运行控制方案设计流程,锅炉回路自动运行控制方案设计流程,锅炉回路自动运行控制方案设计流程,锅炉回路自动运行控制方案设计流程,锅炉回路自动运行控制方案设计流程,锅炉回路自动运行控制方案设计流程,锅炉回路自动运行控制方案设计流程,锅炉回路自动运行控制方案设计流程,锅炉回路自动运行控制方案设计流程,锅炉回路自动运行控制方案设计流程,锅炉回路自动运行控制方案设计流程,锅炉回路自动运行控制方案设计流程,锅炉回路自动运行控制方案设计流程,锅炉回路自动运行控制方案设计流程,锅炉回路自动运行控制方案设计流程,锅炉回路自动运行控制方案设计流程,锅炉回路自动运行控制方案设计流程,锅炉回路自动运行控制方案设计流程
optimization_ds.csv,13,optimization,锅炉回路自动运行控制方案设计流程,新锅炉投运前，我想实现锅炉回路的自动运行调整，能否帮我设计控制方案_,实际工况适配性,全工况场景,2013/6/1,18,9,9,锅炉回路自动运行控制方案设计流程,锅炉回路自动运行控制方案设计流程,锅炉回路自动运行控制方案设计流程,锅炉回路自动运行控制方案设计流程,锅炉回路自动运行控制方案设计流程,锅炉回路自动运行控制方案设计流程,锅炉回路自动运行控制方案设计流程,锅炉回路自动运行控制方案设计流程,锅炉回路自动运行控制方案设计流程,锅炉回路自动运行控制方案设计流程,锅炉回路自动运行控制方案设计流程,锅炉回路自动运行控制方案设计流程,锅炉回路自动运行控制方案设计流程,锅炉回路自动运行控制方案设计流程,锅炉回路自动运行控制方案设计流程,锅炉回路自动运行控制方案设计流程,锅炉回路自动运行控制方案设计流程,锅炉回路自动运行控制方案设计流程
optimization_ds.csv,13,optimization,锅炉回路自动运行控制方案设计流程,锅炉负荷变化频繁时，能否帮我设计锅炉回路的自动运行调整的控制方案_,实际工况适配性,全工况场景,2013/6/2,18,9,9,锅炉回路自动运行控制方案设计流程,锅炉回路自动运行控制方案设计流程,锅炉回路自动运行控制方案设计流程,锅炉回路自动运行控制方案设计流程,锅炉回路自动运行控制方案设计流程,锅炉回路自动运行控制方案设计流程,锅炉回路自动运行控制方案设计流程,锅炉回路自动运行控制方案设计流程,锅炉回路自动运行控制方案设计流程,锅炉回路自动运行控制方案设计流程,锅炉回路自动运行控制方案设计流程,锅炉回路自动运行控制方案设计流程,锅炉回路自动运行控制方案设计流程,锅炉回路自动运行控制方案设计流程,锅炉回路自动运行控制方案设计流程,锅炉回路自动运行控制方案设计流程,锅炉回路自动运行控制方案设计流程,锅炉回路自动运行控制方案设计流程
optimization_ds.csv,13,optimization,锅炉回路自动运行控制方案设计流程,燃料品质波动期，我想实现锅炉回路的自动运行调整，能否帮我设计控制方案_,实际工况适配性,全工况场景,2013/6/3,18,9,9,锅炉回路自动运行控制方案设计流程,锅炉回路自动运行控制方案设计流程,锅炉回路自动运行控制方案设计流程,锅炉回路自动运行控制方案设计流程,锅炉回路自动运行控制方案设计流程,锅炉回路自动运行控制方案设计流程,锅炉回路自动运行控制方案设计流程,锅炉回路自动运行控制方案设计流程,锅炉回路自动运行控制方案设计流程,锅炉回路自动运行控制方案设计流程,锅炉回路自动运行控制方案设计流程,锅炉回路自动运行控制方案设计流程,锅炉回路自动运行控制方案设计流程,锅炉回路自动运行控制方案设计流程,锅炉回路自动运行控制方案设计流程,锅炉回路自动运行控制方案设计流程,锅炉回路自动运行控制方案设计流程,锅炉回路自动运行控制方案设计流程
optimization_ds.csv,13,optimization,锅炉回路自动运行控制方案设计流程,环保要求提高后，能否帮我设计锅炉回路的自动运行调整的控制方案_,实际工况适配性,全工况场景,2013/6/4,18,9,9,锅炉回路自动运行控制方案设计流程,锅炉回路自动运行控制方案设计流程,锅炉回路自动运行控制方案设计流程,锅炉回路自动运行控制方案设计流程,锅炉回路自动运行控制方案设计流程,锅炉回路自动运行控制方案设计流程,锅炉回路自动运行控制方案设计流程,锅炉回路自动运行控制方案设计流程,锅炉回路自动运行控制方案设计流程,锅炉回路自动运行控制方案设计流程,锅炉回路自动运行控制方案设计流程,锅炉回路自动运行控制方案设计流程,锅炉回路自动运行控制方案设计流程,锅炉回路自动运行控制方案设计流程,锅炉回路自动运行控制方案设计流程,锅炉回路自动运行控制方案设计流程,锅炉回路自动运行控制方案设计流程,锅炉回路自动运行控制方案设计流程
optimization_ds.csv,13,optimization,锅炉回路自动运行控制方案设计流程,设备老化性能下降时，我想实现锅炉回路的自动运行调整，能否帮我设计控制方案_,实际工况适配性,全工况场景,2013/6/5,18,9,9,锅炉回路自动运行控制方案设计流程,锅炉回路自动运行控制方案设计流程,锅炉回路自动运行控制方案设计流程,锅炉回路自动运行控制方案设计流程,锅炉回路自动运行控制方案设计流程,锅炉回路自动运行控制方案设计流程,锅炉回路自动运行控制方案设计流程,锅炉回路自动运行控制方案设计流程,锅炉回路自动运行控制方案设计流程,锅炉回路自动运行控制方案设计流程,锅炉回路自动运行控制方案设计流程,锅炉回路自动运行控制方案设计流程,锅炉回路自动运行控制方案设计流程,锅炉回路自动运行控制方案设计流程,锅炉回路自动运行控制方案设计流程,锅炉回路自动运行控制方案设计流程,锅炉回路自动运行控制方案设计流程,锅炉回路自动运行控制方案设计流程
optimization_ds.csv,18,optimization,常减压装置换热网络优化改造流程,如何对常减压装置换热网络进行优化？,场景与功能全覆盖,直接复用语料,2018/1/1,18,9,9,常减压装置换热网络优化改造流程,常减压装置换热网络优化改造流程,常减压装置换热网络优化改造流程,常减压装置换热网络优化改造流程,常减压装置换热网络优化改造流程,常减压装置换热网络优化改造流程,常减压装置换热网络优化改造流程,常减压装置换热网络优化改造流程,常减压装置换热网络优化改造流程,常减压装置换热网络优化改造流程,常减压装置换热网络优化改造流程,常减压装置换热网络优化改造流程,常减压装置换热网络优化改造流程,常减压装置换热网络优化改造流程,常减压装置换热网络优化改造流程,常减压装置换热网络优化改造流程,常减压装置换热网络优化改造流程,常减压装置换热网络优化改造流程
optimization_ds.csv,18,optimization,常减压装置换热网络优化改造流程,请帮我对换热网络进行改造,场景与功能全覆盖,直接复用语料,2018/1/2,18,9,9,常减压装置换热网络优化改造流程,常减压装置换热网络优化改造流程,常减压装置换热网络优化改造流程,常减压装置换热网络优化改造流程,常减压装置换热网络优化改造流程,常减压装置换热网络优化改造流程,常减压装置换热网络优化改造流程,常减压装置换热网络优化改造流程,常减压装置换热网络优化改造流程,常减压装置换热网络优化改造流程,常减压装置换热网络优化改造流程,常减压装置换热网络优化改造流程,常减压装置换热网络优化改造流程,常减压装置换热网络优化改造流程,常减压装置换热网络优化改造流程,常减压装置换热网络优化改造流程,常减压装置换热网络优化改造流程,常减压装置换热网络优化改造流程
optimization_ds.csv,18,optimization,常减压装置换热网络优化改造流程,如何对常减压装置换热网络进行优化？,场景与功能全覆盖,直接复用语料,2018/1/3,18,9,9,常减压装置换热网络优化改造流程,常减压装置换热网络优化改造流程,常减压装置换热网络优化改造流程,常减压装置换热网络优化改造流程,常减压装置换热网络优化改造流程,常减压装置换热网络优化改造流程,常减压装置换热网络优化改造流程,常减压装置换热网络优化改造流程,常减压装置换热网络优化改造流程,常减压装置换热网络优化改造流程,常减压装置换热网络优化改造流程,常减压装置换热网络优化改造流程,常减压装置换热网络优化改造流程,常减压装置换热网络优化改造流程,常减压装置换热网络优化改造流程,常减压装置换热网络优化改造流程,常减压装置换热网络优化改造流程,常减压装置换热网络优化改造流程
optimization_ds.csv,18,optimization,常减压装置换热网络优化改造流程,请帮我对换热网络进行改造,场景与功能全覆盖,直接复用语料,2018/1/4,18,9,9,常减压装置换热网络优化改造流程,常减压装置换热网络优化改造流程,常减压装置换热网络优化改造流程,常减压装置换热网络优化改造流程,常减压装置换热网络优化改造流程,常减压装置换热网络优化改造流程,常减压装置换热网络优化改造流程,常减压装置换热网络优化改造流程,常减压装置换热网络优化改造流程,常减压装置换热网络优化改造流程,常减压装置换热网络优化改造流程,常减压装置换热网络优化改造流程,常减压装置换热网络优化改造流程,常减压装置换热网络优化改造流程,常减压装置换热网络优化改造流程,常减压装置换热网络优化改造流程,常减压装置换热网络优化改造流程,常减压装置换热网络优化改造流程
optimization_ds.csv,18,optimization,常减压装置换热网络优化改造流程,如何对常减压装置换热网络进行优化？,场景与功能全覆盖,直接复用语料,2018/1/5,18,9,9,常减压装置换热网络优化改造流程,常减压装置换热网络优化改造流程,常减压装置换热网络优化改造流程,常减压装置换热网络优化改造流程,常减压装置换热网络优化改造流程,常减压装置换热网络优化改造流程,常减压装置换热网络优化改造流程,常减压装置换热网络优化改造流程,常减压装置换热网络优化改造流程,常减压装置换热网络优化改造流程,常减压装置换热网络优化改造流程,常减压装置换热网络优化改造流程,常减压装置换热网络优化改造流程,常减压装置换热网络优化改造流程,常减压装置换热网络优化改造流程,常减压装置换热网络优化改造流程,常减压装置换热网络优化改造流程,常减压装置换热网络优化改造流程
optimization_ds.csv,18,optimization,常减压装置换热网络优化改造流程,执行常减压装置换热网络优化改造方案设计,输入表述形态多样性,专业规范表述,2018/2/1,18,9,9,常减压装置换热网络优化改造流程,常减压装置换热网络优化改造流程,常减压装置换热网络优化改造流程,常减压装置换热网络优化改造流程,常减压装置换热网络优化改造流程,常减压装置换热网络优化改造流程,常减压装置换热网络优化改造流程,常减压装置换热网络优化改造流程,常减压装置换热网络优化改造流程,常减压装置换热网络优化改造流程,常减压装置换热网络优化改造流程,常减压装置换热网络优化改造流程,常减压装置换热网络优化改造流程,常减压装置换热网络优化改造流程,常减压装置换热网络优化改造流程,常减压装置换热网络优化改造流程,常减压装置换热网络优化改造流程,常减压装置换热网络优化改造流程
optimization_ds.csv,18,optimization,常减压装置换热网络优化改造流程,常减压装置换热网络优化改造技术方案制定,输入表述形态多样性,专业规范表述,2018/2/2,18,9,9,常减压装置换热网络优化改造流程,常减压装置换热网络优化改造流程,常减压装置换热网络优化改造流程,常减压装置换热网络优化改造流程,常减压装置换热网络优化改造流程,常减压装置换热网络优化改造流程,常减压装置换热网络优化改造流程,常减压装置换热网络优化改造流程,常减压装置换热网络优化改造流程,常减压装置换热网络优化改造流程,常减压装置换热网络优化改造流程,常减压装置换热网络优化改造流程,常减压装置换热网络优化改造流程,常减压装置换热网络优化改造流程,常减压装置换热网络优化改造流程,常减压装置换热网络优化改造流程,常减压装置换热网络优化改造流程,常减压装置换热网络优化改造流程
optimization_ds.csv,18,optimization,常减压装置换热网络优化改造流程,换热网络优化改造，针对常减压装置工艺特点,输入表述形态多样性,专业规范表述,2018/2/3,4,0,4,换热网络性能评估与改造优化流程,换热网络性能评估与改造优化流程,换热网络性能评估与改造优化流程,换热网络性能评估与改造优化流程,换热网络性能评估与改造优化流程,换热网络性能评估与改造优化流程,换热网络性能评估与改造优化流程,换热网络性能评估与改造优化流程,换热网络性能评估与改造优化流程,常减压装置换热网络优化改造流程,常减压装置换热网络优化改造流程,常减压装置换热网络优化改造流程,换热网络性能评估与改造优化流程,换热网络性能评估与改造优化流程,换热网络性能评估与改造优化流程,换热网络性能评估与改造优化流程,换热网络性能评估与改造优化流程,常减压装置换热网络优化改造流程
optimization_ds.csv,18,optimization,常减压装置换热网络优化改造流程,常减压装置换热网络性能优化与改造方案设计,输入表述形态多样性,专业规范表述,2018/2/4,18,9,9,常减压装置换热网络优化改造流程,常减压装置换热网络优化改造流程,常减压装置换热网络优化改造流程,常减压装置换热网络优化改造流程,常减压装置换热网络优化改造流程,常减压装置换热网络优化改造流程,常减压装置换热网络优化改造流程,常减压装置换热网络优化改造流程,常减压装置换热网络优化改造流程,常减压装置换热网络优化改造流程,常减压装置换热网络优化改造流程,常减压装置换热网络优化改造流程,常减压装置换热网络优化改造流程,常减压装置换热网络优化改造流程,常减压装置换热网络优化改造流程,常减压装置换热网络优化改造流程,常减压装置换热网络优化改造流程,常减压装置换热网络优化改造流程
optimization_ds.csv,18,optimization,常减压装置换热网络优化改造流程,换热网络优化改造工程方案，适配常减压装置,输入表述形态多样性,专业规范表述,2018/2/5,18,9,9,常减压装置换热网络优化改造流程,常减压装置换热网络优化改造流程,常减压装置换热网络优化改造流程,常减压装置换热网络优化改造流程,常减压装置换热网络优化改造流程,常减压装置换热网络优化改造流程,常减压装置换热网络优化改造流程,常减压装置换热网络优化改造流程,常减压装置换热网络优化改造流程,常减压装置换热网络优化改造流程,常减压装置换热网络优化改造流程,常减压装置换热网络优化改造流程,常减压装置换热网络优化改造流程,常减压装置换热网络优化改造流程,常减压装置换热网络优化改造流程,常减压装置换热网络优化改造流程,常减压装置换热网络优化改造流程,常减压装置换热网络优化改造流程
optimization_ds.csv,18,optimization,常减压装置换热网络优化改造流程,常减压装置换热网络优化一下,输入表述形态多样性,口语化简化表述,2018/3/1,18,9,9,常减压装置换热网络优化改造流程,常减压装置换热网络优化改造流程,常减压装置换热网络优化改造流程,常减压装置换热网络优化改造流程,常减压装置换热网络优化改造流程,常减压装置换热网络优化改造流程,常减压装置换热网络优化改造流程,常减压装置换热网络优化改造流程,常减压装置换热网络优化改造流程,常减压装置换热网络优化改造流程,常减压装置换热网络优化改造流程,常减压装置换热网络优化改造流程,常减压装置换热网络优化改造流程,常减压装置换热网络优化改造流程,常减压装置换热网络优化改造流程,常减压装置换热网络优化改造流程,常减压装置换热网络优化改造流程,常减压装置换热网络优化改造流程
optimization_ds.csv,18,optimization,常减压装置换热网络优化改造流程,换热网络改造，帮我对常减压装置,输入表述形态多样性,口语化简化表述,2018/3/2,18,9,9,常减压装置换热网络优化改造流程,常减压装置换热网络优化改造流程,常减压装置换热网络优化改造流程,常减压装置换热网络优化改造流程,常减压装置换热网络优化改造流程,常减压装置换热网络优化改造流程,常减压装置换热网络优化改造流程,常减压装置换热网络优化改造流程,常减压装置换热网络优化改造流程,常减压装置换热网络优化改造流程,常减压装置换热网络优化改造流程,常减压装置换热网络优化改造流程,常减压装置换热网络优化改造流程,常减压装置换热网络优化改造流程,常减压装置换热网络优化改造流程,常减压装置换热网络优化改造流程,常减压装置换热网络优化改造流程,常减压装置换热网络优化改造流程
optimization_ds.csv,18,optimization,常减压装置换热网络优化改造流程,常减压换热网络优化改造,输入表述形态多样性,口语化简化表述,2018/3/3,18,9,9,常减压装置换热网络优化改造流程,常减压装置换热网络优化改造流程,常减压装置换热网络优化改造流程,常减压装置换热网络优化改造流程,常减压装置换热网络优化改造流程,常减压装置换热网络优化改造流程,常减压装置换热网络优化改造流程,常减压装置换热网络优化改造流程,常减压装置换热网络优化改造流程,常减压装置换热网络优化改造流程,常减压装置换热网络优化改造流程,常减压装置换热网络优化改造流程,常减压装置换热网络优化改造流程,常减压装置换热网络优化改造流程,常减压装置换热网络优化改造流程,常减压装置换热网络优化改造流程,常减压装置换热网络优化改造流程,常减压装置换热网络优化改造流程
optimization_ds.csv,18,optimization,常减压装置换热网络优化改造流程,换热网络改造方案，常减压装置的,输入表述形态多样性,口语化简化表述,2018/3/4,18,9,9,常减压装置换热网络优化改造流程,常减压装置换热网络优化改造流程,常减压装置换热网络优化改造流程,常减压装置换热网络优化改造流程,常减压装置换热网络优化改造流程,常减压装置换热网络优化改造流程,常减压装置换热网络优化改造流程,常减压装置换热网络优化改造流程,常减压装置换热网络优化改造流程,常减压装置换热网络优化改造流程,常减压装置换热网络优化改造流程,常减压装置换热网络优化改造流程,常减压装置换热网络优化改造流程,常减压装置换热网络优化改造流程,常减压装置换热网络优化改造流程,常减压装置换热网络优化改造流程,常减压装置换热网络优化改造流程,常减压装置换热网络优化改造流程
optimization_ds.csv,18,optimization,常减压装置换热网络优化改造流程,常减压装置换热网络，优化改造快点,输入表述形态多样性,口语化简化表述,2018/3/5,18,9,9,常减压装置换热网络优化改造流程,常减压装置换热网络优化改造流程,常减压装置换热网络优化改造流程,常减压装置换热网络优化改造流程,常减压装置换热网络优化改造流程,常减压装置换热网络优化改造流程,常减压装置换热网络优化改造流程,常减压装置换热网络优化改造流程,常减压装置换热网络优化改造流程,常减压装置换热网络优化改造流程,常减压装置换热网络优化改造流程,常减压装置换热网络优化改造流程,常减压装置换热网络优化改造流程,常减压装置换热网络优化改造流程,常减压装置换热网络优化改造流程,常减压装置换热网络优化改造流程,常减压装置换热网络优化改造流程,常减压装置换热网络优化改造流程
optimization_ds.csv,18,optimization,常减压装置换热网络优化改造流程,查询常减压装置换热网络当前状态（非优化改造）,意图边界与歧义性,相似意图区分,2018/4/1,0,0,0,,,,,,,,,,,,,,,,,,
optimization_ds.csv,18,optimization,常减压装置换热网络优化改造流程,如何对常减压装置换热网络进行优化（核心意图）,意图边界与歧义性,相似意图区分,2018/4/2,18,9,9,常减压装置换热网络优化改造流程,常减压装置换热网络优化改造流程,常减压装置换热网络优化改造流程,常减压装置换热网络优化改造流程,常减压装置换热网络优化改造流程,常减压装置换热网络优化改造流程,常减压装置换热网络优化改造流程,常减压装置换热网络优化改造流程,常减压装置换热网络优化改造流程,常减压装置换热网络优化改造流程,常减压装置换热网络优化改造流程,常减压装置换热网络优化改造流程,常减压装置换热网络优化改造流程,常减压装置换热网络优化改造流程,常减压装置换热网络优化改造流程,常减压装置换热网络优化改造流程,常减压装置换热网络优化改造流程,常减压装置换热网络优化改造流程
optimization_ds.csv,18,optimization,常减压装置换热网络优化改造流程,维护常减压装置换热网络设备（非优化改造）,意图边界与歧义性,相似意图区分,2018/4/3,0,0,0,换热网络与换热器综合性能评估流程,换热网络与换热器综合性能评估流程,,换热网络与换热器综合性能评估流程,换热网络与换热器综合性能评估流程,换热网络与换热器综合性能评估流程,换热网络与换热器综合性能评估流程,换热网络与换热器综合性能评估流程,换热网络与换热器综合性能评估流程,,换热器性能评估与全局改造流程（最大收益最低成本目标）,换热器性能评估与全局改造流程（最大收益最低成本目标）,,换热器性能评估与全局改造流程（最大收益最低成本目标）,换热器性能评估与全局改造流程（最大收益最低成本目标）,换热器性能评估与全局改造流程（最大收益最低成本目标）,换热器性能评估与全局改造流程（最大收益最低成本目标）,
optimization_ds.csv,18,optimization,常减压装置换热网络优化改造流程,清洗常减压装置换热网络（非优化改造）,意图边界与歧义性,相似意图区分,2018/4/4,0,0,0,换热器单体性能评估流程,换热器单体性能评估流程,换热器单体性能评估流程,换热器单体性能评估流程,换热器单体性能评估流程,换热器单体性能评估流程,换热器单体性能评估流程,换热器单体性能评估流程,换热器单体性能评估流程,换热器性能评估与全局改造流程（最大收益最低成本目标）,换热器性能评估与全局改造流程（最大收益最低成本目标）,换热器性能评估与全局改造流程（最大收益最低成本目标）,换热器性能评估与全局改造流程（最大收益最低成本目标）,换热器性能评估与全局改造流程（最大收益最低成本目标）,换热器性能评估与全局改造流程（最大收益最低成本目标）,换热器性能评估与全局改造流程（最大收益最低成本目标）,换热器性能评估与全局改造流程（最大收益最低成本目标）,换热器性能评估与全局改造流程（最大收益最低成本目标）
optimization_ds.csv,18,optimization,常减压装置换热网络优化改造流程,更换常减压装置换热网络部件（非优化改造）,意图边界与歧义性,相似意图区分,2018/4/5,0,0,0,,换热器改造流程（不改变网络结构）,换热器改造流程（不改变网络结构）,换热器改造流程（不改变网络结构）,换热器改造流程（不改变网络结构）,换热器改造流程（不改变网络结构）,换热器改造流程（不改变网络结构）,换热器改造流程（不改变网络结构）,换热器改造流程（不改变网络结构）,换热网络性能评估与改造流程（不改变结构）,换热网络性能评估与改造流程（不改变结构）,,换热网络性能评估与改造流程（不改变结构）,换热网络性能评估与改造流程（不改变结构）,换热网络性能评估与改造流程（不改变结构）,换热网络性能评估与改造流程（不改变结构）,,换热网络性能评估与改造流程（不改变结构）
optimization_ds.csv,18,optimization,常减压装置换热网络优化改造流程,现在是装置大修期，时间窗口有限，如何对常减压装置换热网络进行优化？,干扰因素与鲁棒性,冗余信息叠加,2018/5/1,0,0,0,换热器改造流程（不改变网络结构）,换热器改造流程（不改变网络结构）,换热器改造流程（不改变网络结构）,换热器改造流程（不改变网络结构）,换热器改造流程（不改变网络结构）,换热器改造流程（不改变网络结构）,换热器改造流程（不改变网络结构）,换热器改造流程（不改变网络结构）,换热器改造流程（不改变网络结构）,换热网络性能评估与重新设计流程,换热网络性能评估与重新设计流程,换热网络性能评估与重新设计流程,换热网络性能评估与重新设计流程,换热网络性能评估与重新设计流程,换热网络性能评估与全局改造流程（最大效益最低费用目标）,换热网络性能评估与重新设计流程,换热网络性能评估与重新设计流程,换热网络性能评估与全局改造流程（最大效益最低费用目标）
optimization_ds.csv,18,optimization,常减压装置换热网络优化改造流程,能耗指标偏高，节能压力大，请帮我对换热网络进行改造,干扰因素与鲁棒性,冗余信息叠加,2018/5/2,18,9,9,常减压装置换热网络优化改造流程,常减压装置换热网络优化改造流程,常减压装置换热网络优化改造流程,常减压装置换热网络优化改造流程,常减压装置换热网络优化改造流程,常减压装置换热网络优化改造流程,常减压装置换热网络优化改造流程,常减压装置换热网络优化改造流程,常减压装置换热网络优化改造流程,常减压装置换热网络优化改造流程,常减压装置换热网络优化改造流程,常减压装置换热网络优化改造流程,常减压装置换热网络优化改造流程,常减压装置换热网络优化改造流程,常减压装置换热网络优化改造流程,常减压装置换热网络优化改造流程,常减压装置换热网络优化改造流程,常减压装置换热网络优化改造流程
optimization_ds.csv,18,optimization,常减压装置换热网络优化改造流程,换热效率下降，影响装置运行，如何对常减压装置换热网络进行优化？,干扰因素与鲁棒性,冗余信息叠加,2018/5/3,18,9,9,常减压装置换热网络优化改造流程,常减压装置换热网络优化改造流程,常减压装置换热网络优化改造流程,常减压装置换热网络优化改造流程,常减压装置换热网络优化改造流程,常减压装置换热网络优化改造流程,常减压装置换热网络优化改造流程,常减压装置换热网络优化改造流程,常减压装置换热网络优化改造流程,常减压装置换热网络优化改造流程,常减压装置换热网络优化改造流程,常减压装置换热网络优化改造流程,常减压装置换热网络优化改造流程,常减压装置换热网络优化改造流程,常减压装置换热网络优化改造流程,常减压装置换热网络优化改造流程,常减压装置换热网络优化改造流程,常减压装置换热网络优化改造流程
optimization_ds.csv,18,optimization,常减压装置换热网络优化改造流程,预算已经获批，改造条件成熟，请帮我对换热网络进行改造,干扰因素与鲁棒性,冗余信息叠加,2018/5/4,18,9,9,常减压装置换热网络优化改造流程,常减压装置换热网络优化改造流程,常减压装置换热网络优化改造流程,常减压装置换热网络优化改造流程,常减压装置换热网络优化改造流程,常减压装置换热网络优化改造流程,常减压装置换热网络优化改造流程,常减压装置换热网络优化改造流程,常减压装置换热网络优化改造流程,常减压装置换热网络优化改造流程,常减压装置换热网络优化改造流程,常减压装置换热网络优化改造流程,常减压装置换热网络优化改造流程,常减压装置换热网络优化改造流程,常减压装置换热网络优化改造流程,常减压装置换热网络优化改造流程,常减压装置换热网络优化改造流程,常减压装置换热网络优化改造流程
optimization_ds.csv,18,optimization,常减压装置换热网络优化改造流程,同类装置改造效果显著，我们也需要跟进，如何对常减压装置换热网络进行优化？,干扰因素与鲁棒性,冗余信息叠加,2018/5/5,18,9,9,常减压装置换热网络优化改造流程,常减压装置换热网络优化改造流程,常减压装置换热网络优化改造流程,常减压装置换热网络优化改造流程,常减压装置换热网络优化改造流程,常减压装置换热网络优化改造流程,常减压装置换热网络优化改造流程,常减压装置换热网络优化改造流程,常减压装置换热网络优化改造流程,常减压装置换热网络优化改造流程,常减压装置换热网络优化改造流程,常减压装置换热网络优化改造流程,常减压装置换热网络优化改造流程,常减压装置换热网络优化改造流程,常减压装置换热网络优化改造流程,常减压装置换热网络优化改造流程,常减压装置换热网络优化改造流程,常减压装置换热网络优化改造流程
optimization_ds.csv,18,optimization,常减压装置换热网络优化改造流程,新装置设计阶段，如何对常减压装置换热网络进行优化？,实际工况适配性,全工况场景,2018/6/1,18,9,9,常减压装置换热网络优化改造流程,常减压装置换热网络优化改造流程,常减压装置换热网络优化改造流程,常减压装置换热网络优化改造流程,常减压装置换热网络优化改造流程,常减压装置换热网络优化改造流程,常减压装置换热网络优化改造流程,常减压装置换热网络优化改造流程,常减压装置换热网络优化改造流程,常减压装置换热网络优化改造流程,常减压装置换热网络优化改造流程,常减压装置换热网络优化改造流程,常减压装置换热网络优化改造流程,常减压装置换热网络优化改造流程,常减压装置换热网络优化改造流程,常减压装置换热网络优化改造流程,常减压装置换热网络优化改造流程,常减压装置换热网络优化改造流程
optimization_ds.csv,18,optimization,常减压装置换热网络优化改造流程,装置运行多年性能下降，请帮我对换热网络进行改造,实际工况适配性,全工况场景,2018/6/2,18,9,9,常减压装置换热网络优化改造流程,常减压装置换热网络优化改造流程,常减压装置换热网络优化改造流程,常减压装置换热网络优化改造流程,常减压装置换热网络优化改造流程,常减压装置换热网络优化改造流程,常减压装置换热网络优化改造流程,常减压装置换热网络优化改造流程,常减压装置换热网络优化改造流程,常减压装置换热网络优化改造流程,常减压装置换热网络优化改造流程,常减压装置换热网络优化改造流程,常减压装置换热网络优化改造流程,常减压装置换热网络优化改造流程,常减压装置换热网络优化改造流程,常减压装置换热网络优化改造流程,常减压装置换热网络优化改造流程,常减压装置换热网络优化改造流程
optimization_ds.csv,18,optimization,常减压装置换热网络优化改造流程,原料性质变化后，如何对常减压装置换热网络进行优化？,实际工况适配性,全工况场景,2018/6/3,18,9,9,常减压装置换热网络优化改造流程,常减压装置换热网络优化改造流程,常减压装置换热网络优化改造流程,常减压装置换热网络优化改造流程,常减压装置换热网络优化改造流程,常减压装置换热网络优化改造流程,常减压装置换热网络优化改造流程,常减压装置换热网络优化改造流程,常减压装置换热网络优化改造流程,常减压装置换热网络优化改造流程,常减压装置换热网络优化改造流程,常减压装置换热网络优化改造流程,常减压装置换热网络优化改造流程,常减压装置换热网络优化改造流程,常减压装置换热网络优化改造流程,常减压装置换热网络优化改造流程,常减压装置换热网络优化改造流程,常减压装置换热网络优化改造流程
optimization_ds.csv,18,optimization,常减压装置换热网络优化改造流程,产品方案调整时，请帮我对换热网络进行改造,实际工况适配性,全工况场景,2018/6/4,18,9,9,常减压装置换热网络优化改造流程,常减压装置换热网络优化改造流程,常减压装置换热网络优化改造流程,常减压装置换热网络优化改造流程,常减压装置换热网络优化改造流程,常减压装置换热网络优化改造流程,常减压装置换热网络优化改造流程,常减压装置换热网络优化改造流程,常减压装置换热网络优化改造流程,常减压装置换热网络优化改造流程,常减压装置换热网络优化改造流程,常减压装置换热网络优化改造流程,常减压装置换热网络优化改造流程,常减压装置换热网络优化改造流程,常减压装置换热网络优化改造流程,常减压装置换热网络优化改造流程,常减压装置换热网络优化改造流程,常减压装置换热网络优化改造流程
optimization_ds.csv,18,optimization,常减压装置换热网络优化改造流程,节能环保要求提高，如何对常减压装置换热网络进行优化？,实际工况适配性,全工况场景,2018/6/5,18,9,9,常减压装置换热网络优化改造流程,常减压装置换热网络优化改造流程,常减压装置换热网络优化改造流程,常减压装置换热网络优化改造流程,常减压装置换热网络优化改造流程,常减压装置换热网络优化改造流程,常减压装置换热网络优化改造流程,常减压装置换热网络优化改造流程,常减压装置换热网络优化改造流程,常减压装置换热网络优化改造流程,常减压装置换热网络优化改造流程,常减压装置换热网络优化改造流程,常减压装置换热网络优化改造流程,常减压装置换热网络优化改造流程,常减压装置换热网络优化改造流程,常减压装置换热网络优化改造流程,常减压装置换热网络优化改造流程,常减压装置换热网络优化改造流程
optimization_ds.csv,19,optimization,装置能耗优化与气化炉有效气提升流程,如果要提升气化炉有效气含量，该如何操作？,场景与功能全覆盖,直接复用语料,2019/1/1,18,9,9,装置能耗优化与气化炉有效气提升流程,装置能耗优化与气化炉有效气提升流程,装置能耗优化与气化炉有效气提升流程,装置能耗优化与气化炉有效气提升流程,装置能耗优化与气化炉有效气提升流程,装置能耗优化与气化炉有效气提升流程,装置能耗优化与气化炉有效气提升流程,装置能耗优化与气化炉有效气提升流程,装置能耗优化与气化炉有效气提升流程,装置能耗优化与气化炉有效气提升流程,装置能耗优化与气化炉有效气提升流程,装置能耗优化与气化炉有效气提升流程,装置能耗优化与气化炉有效气提升流程,装置能耗优化与气化炉有效气提升流程,装置能耗优化与气化炉有效气提升流程,装置能耗优化与气化炉有效气提升流程,装置能耗优化与气化炉有效气提升流程,装置能耗优化与气化炉有效气提升流程
optimization_ds.csv,19,optimization,装置能耗优化与气化炉有效气提升流程,如何降低氯碱装置的能耗？,场景与功能全覆盖,直接复用语料,2019/1/2,18,9,9,装置能耗优化与气化炉有效气提升流程,装置能耗优化与气化炉有效气提升流程,装置能耗优化与气化炉有效气提升流程,装置能耗优化与气化炉有效气提升流程,装置能耗优化与气化炉有效气提升流程,装置能耗优化与气化炉有效气提升流程,装置能耗优化与气化炉有效气提升流程,装置能耗优化与气化炉有效气提升流程,装置能耗优化与气化炉有效气提升流程,装置能耗优化与气化炉有效气提升流程,装置能耗优化与气化炉有效气提升流程,装置能耗优化与气化炉有效气提升流程,装置能耗优化与气化炉有效气提升流程,装置能耗优化与气化炉有效气提升流程,装置能耗优化与气化炉有效气提升流程,装置能耗优化与气化炉有效气提升流程,装置能耗优化与气化炉有效气提升流程,装置能耗优化与气化炉有效气提升流程
optimization_ds.csv,19,optimization,装置能耗优化与气化炉有效气提升流程,怎么降低氯碱装置电解工序电耗？,场景与功能全覆盖,直接复用语料,2019/1/3,18,9,9,装置能耗优化与气化炉有效气提升流程,装置能耗优化与气化炉有效气提升流程,装置能耗优化与气化炉有效气提升流程,装置能耗优化与气化炉有效气提升流程,装置能耗优化与气化炉有效气提升流程,装置能耗优化与气化炉有效气提升流程,装置能耗优化与气化炉有效气提升流程,装置能耗优化与气化炉有效气提升流程,装置能耗优化与气化炉有效气提升流程,装置能耗优化与气化炉有效气提升流程,装置能耗优化与气化炉有效气提升流程,装置能耗优化与气化炉有效气提升流程,装置能耗优化与气化炉有效气提升流程,装置能耗优化与气化炉有效气提升流程,装置能耗优化与气化炉有效气提升流程,装置能耗优化与气化炉有效气提升流程,装置能耗优化与气化炉有效气提升流程,装置能耗优化与气化炉有效气提升流程
optimization_ds.csv,19,optimization,装置能耗优化与气化炉有效气提升流程,现在氯碱装置电解工序电耗有点高，怎么解决这个问题？,场景与功能全覆盖,直接复用语料,2019/1/4,18,9,9,装置能耗优化与气化炉有效气提升流程,装置能耗优化与气化炉有效气提升流程,装置能耗优化与气化炉有效气提升流程,装置能耗优化与气化炉有效气提升流程,装置能耗优化与气化炉有效气提升流程,装置能耗优化与气化炉有效气提升流程,装置能耗优化与气化炉有效气提升流程,装置能耗优化与气化炉有效气提升流程,装置能耗优化与气化炉有效气提升流程,装置能耗优化与气化炉有效气提升流程,装置能耗优化与气化炉有效气提升流程,装置能耗优化与气化炉有效气提升流程,装置能耗优化与气化炉有效气提升流程,装置能耗优化与气化炉有效气提升流程,装置能耗优化与气化炉有效气提升流程,装置能耗优化与气化炉有效气提升流程,装置能耗优化与气化炉有效气提升流程,装置能耗优化与气化炉有效气提升流程
optimization_ds.csv,19,optimization,装置能耗优化与气化炉有效气提升流程,如果要提升气化炉有效气含量，该如何操作？,场景与功能全覆盖,直接复用语料,2019/1/5,18,9,9,装置能耗优化与气化炉有效气提升流程,装置能耗优化与气化炉有效气提升流程,装置能耗优化与气化炉有效气提升流程,装置能耗优化与气化炉有效气提升流程,装置能耗优化与气化炉有效气提升流程,装置能耗优化与气化炉有效气提升流程,装置能耗优化与气化炉有效气提升流程,装置能耗优化与气化炉有效气提升流程,装置能耗优化与气化炉有效气提升流程,装置能耗优化与气化炉有效气提升流程,装置能耗优化与气化炉有效气提升流程,装置能耗优化与气化炉有效气提升流程,装置能耗优化与气化炉有效气提升流程,装置能耗优化与气化炉有效气提升流程,装置能耗优化与气化炉有效气提升流程,装置能耗优化与气化炉有效气提升流程,装置能耗优化与气化炉有效气提升流程,装置能耗优化与气化炉有效气提升流程
optimization_ds.csv,19,optimization,装置能耗优化与气化炉有效气提升流程,气化炉有效气含量提升操作方案制定,输入表述形态多样性,专业规范表述,2019/2/1,3,0,3,,,,,,,,,,,,装置能耗优化与气化炉有效气提升流程,装置能耗优化与气化炉有效气提升流程,,,,装置能耗优化与气化炉有效气提升流程,
optimization_ds.csv,19,optimization,装置能耗优化与气化炉有效气提升流程,氯碱装置能耗优化技术措施与实施方案,输入表述形态多样性,专业规范表述,2019/2/2,0,0,0,,,,,,,,,,,,,,,,,,
optimization_ds.csv,19,optimization,装置能耗优化与气化炉有效气提升流程,氯碱装置电解工序电耗降低优化方案设计,输入表述形态多样性,专业规范表述,2019/2/3,18,9,9,装置能耗优化与气化炉有效气提升流程,装置能耗优化与气化炉有效气提升流程,装置能耗优化与气化炉有效气提升流程,装置能耗优化与气化炉有效气提升流程,装置能耗优化与气化炉有效气提升流程,装置能耗优化与气化炉有效气提升流程,装置能耗优化与气化炉有效气提升流程,装置能耗优化与气化炉有效气提升流程,装置能耗优化与气化炉有效气提升流程,装置能耗优化与气化炉有效气提升流程,装置能耗优化与气化炉有效气提升流程,装置能耗优化与气化炉有效气提升流程,装置能耗优化与气化炉有效气提升流程,装置能耗优化与气化炉有效气提升流程,装置能耗优化与气化炉有效气提升流程,装置能耗优化与气化炉有效气提升流程,装置能耗优化与气化炉有效气提升流程,装置能耗优化与气化炉有效气提升流程
optimization_ds.csv,19,optimization,装置能耗优化与气化炉有效气提升流程,氯碱装置电解工序高电耗问题解决方案制定,输入表述形态多样性,专业规范表述,2019/2/4,18,9,9,装置能耗优化与气化炉有效气提升流程,装置能耗优化与气化炉有效气提升流程,装置能耗优化与气化炉有效气提升流程,装置能耗优化与气化炉有效气提升流程,装置能耗优化与气化炉有效气提升流程,装置能耗优化与气化炉有效气提升流程,装置能耗优化与气化炉有效气提升流程,装置能耗优化与气化炉有效气提升流程,装置能耗优化与气化炉有效气提升流程,装置能耗优化与气化炉有效气提升流程,装置能耗优化与气化炉有效气提升流程,装置能耗优化与气化炉有效气提升流程,装置能耗优化与气化炉有效气提升流程,装置能耗优化与气化炉有效气提升流程,装置能耗优化与气化炉有效气提升流程,装置能耗优化与气化炉有效气提升流程,装置能耗优化与气化炉有效气提升流程,装置能耗优化与气化炉有效气提升流程
optimization_ds.csv,19,optimization,装置能耗优化与气化炉有效气提升流程,气化炉有效气含量提升与装置能耗综合优化,输入表述形态多样性,专业规范表述,2019/2/5,18,9,9,装置能耗优化与气化炉有效气提升流程,装置能耗优化与气化炉有效气提升流程,装置能耗优化与气化炉有效气提升流程,装置能耗优化与气化炉有效气提升流程,装置能耗优化与气化炉有效气提升流程,装置能耗优化与气化炉有效气提升流程,装置能耗优化与气化炉有效气提升流程,装置能耗优化与气化炉有效气提升流程,装置能耗优化与气化炉有效气提升流程,装置能耗优化与气化炉有效气提升流程,装置能耗优化与气化炉有效气提升流程,装置能耗优化与气化炉有效气提升流程,装置能耗优化与气化炉有效气提升流程,装置能耗优化与气化炉有效气提升流程,装置能耗优化与气化炉有效气提升流程,装置能耗优化与气化炉有效气提升流程,装置能耗优化与气化炉有效气提升流程,装置能耗优化与气化炉有效气提升流程
optimization_ds.csv,19,optimization,装置能耗优化与气化炉有效气提升流程,气化炉有效气提升，怎么操作,输入表述形态多样性,口语化简化表述,2019/3/1,18,9,9,装置能耗优化与气化炉有效气提升流程,装置能耗优化与气化炉有效气提升流程,装置能耗优化与气化炉有效气提升流程,装置能耗优化与气化炉有效气提升流程,装置能耗优化与气化炉有效气提升流程,装置能耗优化与气化炉有效气提升流程,装置能耗优化与气化炉有效气提升流程,装置能耗优化与气化炉有效气提升流程,装置能耗优化与气化炉有效气提升流程,装置能耗优化与气化炉有效气提升流程,装置能耗优化与气化炉有效气提升流程,装置能耗优化与气化炉有效气提升流程,装置能耗优化与气化炉有效气提升流程,装置能耗优化与气化炉有效气提升流程,装置能耗优化与气化炉有效气提升流程,装置能耗优化与气化炉有效气提升流程,装置能耗优化与气化炉有效气提升流程,装置能耗优化与气化炉有效气提升流程
optimization_ds.csv,19,optimization,装置能耗优化与气化炉有效气提升流程,氯碱装置能耗降低，有什么办法,输入表述形态多样性,口语化简化表述,2019/3/2,18,9,9,装置能耗优化与气化炉有效气提升流程,装置能耗优化与气化炉有效气提升流程,装置能耗优化与气化炉有效气提升流程,装置能耗优化与气化炉有效气提升流程,装置能耗优化与气化炉有效气提升流程,装置能耗优化与气化炉有效气提升流程,装置能耗优化与气化炉有效气提升流程,装置能耗优化与气化炉有效气提升流程,装置能耗优化与气化炉有效气提升流程,装置能耗优化与气化炉有效气提升流程,装置能耗优化与气化炉有效气提升流程,装置能耗优化与气化炉有效气提升流程,装置能耗优化与气化炉有效气提升流程,装置能耗优化与气化炉有效气提升流程,装置能耗优化与气化炉有效气提升流程,装置能耗优化与气化炉有效气提升流程,装置能耗优化与气化炉有效气提升流程,装置能耗优化与气化炉有效气提升流程
optimization_ds.csv,19,optimization,装置能耗优化与气化炉有效气提升流程,电解工序电耗高，怎么解决,输入表述形态多样性,口语化简化表述,2019/3/3,18,9,9,装置能耗优化与气化炉有效气提升流程,装置能耗优化与气化炉有效气提升流程,装置能耗优化与气化炉有效气提升流程,装置能耗优化与气化炉有效气提升流程,装置能耗优化与气化炉有效气提升流程,装置能耗优化与气化炉有效气提升流程,装置能耗优化与气化炉有效气提升流程,装置能耗优化与气化炉有效气提升流程,装置能耗优化与气化炉有效气提升流程,装置能耗优化与气化炉有效气提升流程,装置能耗优化与气化炉有效气提升流程,装置能耗优化与气化炉有效气提升流程,装置能耗优化与气化炉有效气提升流程,装置能耗优化与气化炉有效气提升流程,装置能耗优化与气化炉有效气提升流程,装置能耗优化与气化炉有效气提升流程,装置能耗优化与气化炉有效气提升流程,装置能耗优化与气化炉有效气提升流程
optimization_ds.csv,19,optimization,装置能耗优化与气化炉有效气提升流程,氯碱装置电耗优化，给个方案,输入表述形态多样性,口语化简化表述,2019/3/4,18,9,9,装置能耗优化与气化炉有效气提升流程,装置能耗优化与气化炉有效气提升流程,装置能耗优化与气化炉有效气提升流程,装置能耗优化与气化炉有效气提升流程,装置能耗优化与气化炉有效气提升流程,装置能耗优化与气化炉有效气提升流程,装置能耗优化与气化炉有效气提升流程,装置能耗优化与气化炉有效气提升流程,装置能耗优化与气化炉有效气提升流程,装置能耗优化与气化炉有效气提升流程,装置能耗优化与气化炉有效气提升流程,装置能耗优化与气化炉有效气提升流程,装置能耗优化与气化炉有效气提升流程,装置能耗优化与气化炉有效气提升流程,装置能耗优化与气化炉有效气提升流程,装置能耗优化与气化炉有效气提升流程,装置能耗优化与气化炉有效气提升流程,装置能耗优化与气化炉有效气提升流程
optimization_ds.csv,19,optimization,装置能耗优化与气化炉有效气提升流程,气化炉有效气含量，提升操作指导,输入表述形态多样性,口语化简化表述,2019/3/5,16,7,9,装置能耗优化与气化炉有效气提升流程,,装置能耗优化与气化炉有效气提升流程,,装置能耗优化与气化炉有效气提升流程,装置能耗优化与气化炉有效气提升流程,装置能耗优化与气化炉有效气提升流程,装置能耗优化与气化炉有效气提升流程,装置能耗优化与气化炉有效气提升流程,装置能耗优化与气化炉有效气提升流程,装置能耗优化与气化炉有效气提升流程,装置能耗优化与气化炉有效气提升流程,装置能耗优化与气化炉有效气提升流程,装置能耗优化与气化炉有效气提升流程,装置能耗优化与气化炉有效气提升流程,装置能耗优化与气化炉有效气提升流程,装置能耗优化与气化炉有效气提升流程,装置能耗优化与气化炉有效气提升流程
optimization_ds.csv,19,optimization,装置能耗优化与气化炉有效气提升流程,查询气化炉当前有效气含量（非提升操作）,意图边界与歧义性,相似意图区分,2019/4/1,0,0,0,装置物料参数查询与文件异常分析流程,装置物料参数查询与文件异常分析流程,装置物料参数查询与文件异常分析流程,装置物料参数查询与文件异常分析流程,装置物料参数查询与文件异常分析流程,装置物料参数查询与文件异常分析流程,装置物料参数查询与文件异常分析流程,装置物料参数查询与文件异常分析流程,装置物料参数查询与文件异常分析流程,装置物料参数查询与文件异常分析流程,装置物料参数查询与文件异常分析流程,装置物料参数查询与文件异常分析流程,装置物料参数查询与文件异常分析流程,装置物料参数查询与文件异常分析流程,装置物料参数查询与文件异常分析流程,装置物料参数查询与文件异常分析流程,装置物料参数查询与文件异常分析流程,装置物料参数查询与文件异常分析流程
optimization_ds.csv,19,optimization,装置能耗优化与气化炉有效气提升流程,如果要提升气化炉有效气含量，该如何操作（核心意图）,意图边界与歧义性,相似意图区分,2019/4/2,18,9,9,装置能耗优化与气化炉有效气提升流程,装置能耗优化与气化炉有效气提升流程,装置能耗优化与气化炉有效气提升流程,装置能耗优化与气化炉有效气提升流程,装置能耗优化与气化炉有效气提升流程,装置能耗优化与气化炉有效气提升流程,装置能耗优化与气化炉有效气提升流程,装置能耗优化与气化炉有效气提升流程,装置能耗优化与气化炉有效气提升流程,装置能耗优化与气化炉有效气提升流程,装置能耗优化与气化炉有效气提升流程,装置能耗优化与气化炉有效气提升流程,装置能耗优化与气化炉有效气提升流程,装置能耗优化与气化炉有效气提升流程,装置能耗优化与气化炉有效气提升流程,装置能耗优化与气化炉有效气提升流程,装置能耗优化与气化炉有效气提升流程,装置能耗优化与气化炉有效气提升流程
optimization_ds.csv,19,optimization,装置能耗优化与气化炉有效气提升流程,监测气化炉有效气含量（非提升操作）,意图边界与歧义性,相似意图区分,2019/4/3,0,0,0,PID回路参数智能整定流程（含有效性检测与震荡判断）,PID回路参数智能整定流程（含有效性检测与震荡判断）,PID回路参数智能整定流程（含有效性检测与震荡判断）,PID回路参数智能整定流程（含有效性检测与震荡判断）,PID回路参数智能整定流程（含有效性检测与震荡判断）,PID回路参数智能整定流程（含有效性检测与震荡判断）,PID回路参数智能整定流程（含有效性检测与震荡判断）,PID回路参数智能整定流程（含有效性检测与震荡判断）,PID回路参数智能整定流程（含有效性检测与震荡判断）,PID回路性能评估与异常诊断流程,PID回路性能评估与异常诊断流程,PID回路性能评估与异常诊断流程,PID回路性能评估与异常诊断流程,PID回路性能评估与异常诊断流程,PID回路性能评估与异常诊断流程,PID回路性能评估与异常诊断流程,PID回路性能评估与异常诊断流程,PID回路性能评估与异常诊断流程
optimization_ds.csv,19,optimization,装置能耗优化与气化炉有效气提升流程,校准气化炉有效气测量（非提升操作）,意图边界与歧义性,相似意图区分,2019/4/4,0,0,0,PID回路性能评估与异常诊断流程,PID回路性能评估与异常诊断流程,PID回路性能评估与异常诊断流程,PID回路性能评估与异常诊断流程,PID回路性能评估与异常诊断流程,PID回路性能评估与异常诊断流程,PID回路性能评估与异常诊断流程,PID回路性能评估与异常诊断流程,PID回路性能评估与异常诊断流程,PID回路参数智能整定流程（含有效性检测与震荡判断）,PID回路性能评估与异常诊断流程,PID回路参数智能整定流程（含有效性检测与震荡判断）,PID回路参数智能整定流程（含有效性检测与震荡判断）,PID回路性能评估与异常诊断流程,PID回路参数智能整定流程（含有效性检测与震荡判断）,PID回路参数智能整定流程（含有效性检测与震荡判断）,PID回路参数智能整定流程（含有效性检测与震荡判断）,PID回路性能评估与异常诊断流程
optimization_ds.csv,19,optimization,装置能耗优化与气化炉有效气提升流程,备份气化炉操作数据（非提升操作）,意图边界与歧义性,相似意图区分,2019/4/5,0,0,0,,,,,,,,,,APC控制方案优化与设备稳定性提升流程,APC控制方案优化与设备稳定性提升流程,APC控制方案优化与设备稳定性提升流程,APC控制方案优化与设备稳定性提升流程,APC控制方案优化与设备稳定性提升流程,APC控制方案优化与设备稳定性提升流程,APC控制方案优化与设备稳定性提升流程,APC控制方案优化与设备稳定性提升流程,APC控制方案优化与设备稳定性提升流程
optimization_ds.csv,19,optimization,装置能耗优化与气化炉有效气提升流程,现在是生产旺季，负荷较高，如果要提升气化炉有效气含量，该如何操作？,干扰因素与鲁棒性,冗余信息叠加,2019/5/1,18,9,9,装置能耗优化与气化炉有效气提升流程,装置能耗优化与气化炉有效气提升流程,装置能耗优化与气化炉有效气提升流程,装置能耗优化与气化炉有效气提升流程,装置能耗优化与气化炉有效气提升流程,装置能耗优化与气化炉有效气提升流程,装置能耗优化与气化炉有效气提升流程,装置能耗优化与气化炉有效气提升流程,装置能耗优化与气化炉有效气提升流程,装置能耗优化与气化炉有效气提升流程,装置能耗优化与气化炉有效气提升流程,装置能耗优化与气化炉有效气提升流程,装置能耗优化与气化炉有效气提升流程,装置能耗优化与气化炉有效气提升流程,装置能耗优化与气化炉有效气提升流程,装置能耗优化与气化炉有效气提升流程,装置能耗优化与气化炉有效气提升流程,装置能耗优化与气化炉有效气提升流程
optimization_ds.csv,19,optimization,装置能耗优化与气化炉有效气提升流程,能源成本持续上涨，压力很大，如何降低氯碱装置的能耗？,干扰因素与鲁棒性,冗余信息叠加,2019/5/2,18,9,9,装置能耗优化与气化炉有效气提升流程,装置能耗优化与气化炉有效气提升流程,装置能耗优化与气化炉有效气提升流程,装置能耗优化与气化炉有效气提升流程,装置能耗优化与气化炉有效气提升流程,装置能耗优化与气化炉有效气提升流程,装置能耗优化与气化炉有效气提升流程,装置能耗优化与气化炉有效气提升流程,装置能耗优化与气化炉有效气提升流程,装置能耗优化与气化炉有效气提升流程,装置能耗优化与气化炉有效气提升流程,装置能耗优化与气化炉有效气提升流程,装置能耗优化与气化炉有效气提升流程,装置能耗优化与气化炉有效气提升流程,装置能耗优化与气化炉有效气提升流程,装置能耗优化与气化炉有效气提升流程,装置能耗优化与气化炉有效气提升流程,装置能耗优化与气化炉有效气提升流程
optimization_ds.csv,19,optimization,装置能耗优化与气化炉有效气提升流程,电价上调后，电费支出增加，怎么降低氯碱装置电解工序电耗？,干扰因素与鲁棒性,冗余信息叠加,2019/5/3,18,9,9,装置能耗优化与气化炉有效气提升流程,装置能耗优化与气化炉有效气提升流程,装置能耗优化与气化炉有效气提升流程,装置能耗优化与气化炉有效气提升流程,装置能耗优化与气化炉有效气提升流程,装置能耗优化与气化炉有效气提升流程,装置能耗优化与气化炉有效气提升流程,装置能耗优化与气化炉有效气提升流程,装置能耗优化与气化炉有效气提升流程,装置能耗优化与气化炉有效气提升流程,装置能耗优化与气化炉有效气提升流程,装置能耗优化与气化炉有效气提升流程,装置能耗优化与气化炉有效气提升流程,装置能耗优化与气化炉有效气提升流程,装置能耗优化与气化炉有效气提升流程,装置能耗优化与气化炉有效气提升流程,装置能耗优化与气化炉有效气提升流程,装置能耗优化与气化炉有效气提升流程
optimization_ds.csv,19,optimization,装置能耗优化与气化炉有效气提升流程,操作员反映电解槽电压不稳定，现在氯碱装置电解工序电耗有点高，怎么解决这个问题？,干扰因素与鲁棒性,冗余信息叠加,2019/5/4,18,9,9,装置能耗优化与气化炉有效气提升流程,装置能耗优化与气化炉有效气提升流程,装置能耗优化与气化炉有效气提升流程,装置能耗优化与气化炉有效气提升流程,装置能耗优化与气化炉有效气提升流程,装置能耗优化与气化炉有效气提升流程,装置能耗优化与气化炉有效气提升流程,装置能耗优化与气化炉有效气提升流程,装置能耗优化与气化炉有效气提升流程,装置能耗优化与气化炉有效气提升流程,装置能耗优化与气化炉有效气提升流程,装置能耗优化与气化炉有效气提升流程,装置能耗优化与气化炉有效气提升流程,装置能耗优化与气化炉有效气提升流程,装置能耗优化与气化炉有效气提升流程,装置能耗优化与气化炉有效气提升流程,装置能耗优化与气化炉有效气提升流程,装置能耗优化与气化炉有效气提升流程
optimization_ds.csv,19,optimization,装置能耗优化与气化炉有效气提升流程,原料煤质变化，影响气化效果，如果要提升气化炉有效气含量，该如何操作？,干扰因素与鲁棒性,冗余信息叠加,2019/5/5,18,9,9,装置能耗优化与气化炉有效气提升流程,装置能耗优化与气化炉有效气提升流程,装置能耗优化与气化炉有效气提升流程,装置能耗优化与气化炉有效气提升流程,装置能耗优化与气化炉有效气提升流程,装置能耗优化与气化炉有效气提升流程,装置能耗优化与气化炉有效气提升流程,装置能耗优化与气化炉有效气提升流程,装置能耗优化与气化炉有效气提升流程,装置能耗优化与气化炉有效气提升流程,装置能耗优化与气化炉有效气提升流程,装置能耗优化与气化炉有效气提升流程,装置能耗优化与气化炉有效气提升流程,装置能耗优化与气化炉有效气提升流程,装置能耗优化与气化炉有效气提升流程,装置能耗优化与气化炉有效气提升流程,装置能耗优化与气化炉有效气提升流程,装置能耗优化与气化炉有效气提升流程
optimization_ds.csv,19,optimization,装置能耗优化与气化炉有效气提升流程,新气化炉投运调试期，如果要提升气化炉有效气含量，该如何操作？,实际工况适配性,全工况场景,2019/6/1,18,9,9,装置能耗优化与气化炉有效气提升流程,装置能耗优化与气化炉有效气提升流程,装置能耗优化与气化炉有效气提升流程,装置能耗优化与气化炉有效气提升流程,装置能耗优化与气化炉有效气提升流程,装置能耗优化与气化炉有效气提升流程,装置能耗优化与气化炉有效气提升流程,装置能耗优化与气化炉有效气提升流程,装置能耗优化与气化炉有效气提升流程,装置能耗优化与气化炉有效气提升流程,装置能耗优化与气化炉有效气提升流程,装置能耗优化与气化炉有效气提升流程,装置能耗优化与气化炉有效气提升流程,装置能耗优化与气化炉有效气提升流程,装置能耗优化与气化炉有效气提升流程,装置能耗优化与气化炉有效气提升流程,装置能耗优化与气化炉有效气提升流程,装置能耗优化与气化炉有效气提升流程
optimization_ds.csv,19,optimization,装置能耗优化与气化炉有效气提升流程,装置长期运行能效下降，如何降低氯碱装置的能耗？,实际工况适配性,全工况场景,2019/6/2,13,8,5,装置能耗优化与气化炉有效气提升流程,装置能耗优化与气化炉有效气提升流程,装置能耗优化与气化炉有效气提升流程,装置能耗优化与气化炉有效气提升流程,,装置能耗优化与气化炉有效气提升流程,装置能耗优化与气化炉有效气提升流程,装置能耗优化与气化炉有效气提升流程,装置能耗优化与气化炉有效气提升流程,,装置能耗优化与气化炉有效气提升流程,装置能耗优化与气化炉有效气提升流程,装置能耗优化与气化炉有效气提升流程,,,装置能耗优化与气化炉有效气提升流程,装置能耗优化与气化炉有效气提升流程,
optimization_ds.csv,19,optimization,装置能耗优化与气化炉有效气提升流程,离子膜性能衰减后，怎么降低氯碱装置电解工序电耗？,实际工况适配性,全工况场景,2019/6/3,9,0,9,电解槽离子膜寿命预测与更换时机评估流程,电解槽离子膜寿命预测与更换时机评估流程,电解槽离子膜寿命预测与更换时机评估流程,电解槽离子膜寿命预测与更换时机评估流程,电解槽离子膜寿命预测与更换时机评估流程,电解槽离子膜寿命预测与更换时机评估流程,电解槽离子膜寿命预测与更换时机评估流程,电解槽离子膜寿命预测与更换时机评估流程,电解槽离子膜寿命预测与更换时机评估流程,装置能耗优化与气化炉有效气提升流程,装置能耗优化与气化炉有效气提升流程,装置能耗优化与气化炉有效气提升流程,装置能耗优化与气化炉有效气提升流程,装置能耗优化与气化炉有效气提升流程,装置能耗优化与气化炉有效气提升流程,装置能耗优化与气化炉有效气提升流程,装置能耗优化与气化炉有效气提升流程,装置能耗优化与气化炉有效气提升流程
optimization_ds.csv,19,optimization,装置能耗优化与气化炉有效气提升流程,工艺参数优化期，现在氯碱装置电解工序电耗有点高，怎么解决这个问题？,实际工况适配性,全工况场景,2019/6/4,17,9,8,装置能耗优化与气化炉有效气提升流程,装置能耗优化与气化炉有效气提升流程,装置能耗优化与气化炉有效气提升流程,装置能耗优化与气化炉有效气提升流程,装置能耗优化与气化炉有效气提升流程,装置能耗优化与气化炉有效气提升流程,装置能耗优化与气化炉有效气提升流程,装置能耗优化与气化炉有效气提升流程,装置能耗优化与气化炉有效气提升流程,装置能耗优化与气化炉有效气提升流程,装置能耗优化与气化炉有效气提升流程,装置能耗优化与气化炉有效气提升流程,装置能耗优化与气化炉有效气提升流程,装置能耗优化与气化炉有效气提升流程,装置能耗优化与气化炉有效气提升流程,,装置能耗优化与气化炉有效气提升流程,装置能耗优化与气化炉有效气提升流程
optimization_ds.csv,19,optimization,装置能耗优化与气化炉有效气提升流程,不同煤种适应性测试，如果要提升气化炉有效气含量，该如何操作？,实际工况适配性,全工况场景,2019/6/5,18,9,9,装置能耗优化与气化炉有效气提升流程,装置能耗优化与气化炉有效气提升流程,装置能耗优化与气化炉有效气提升流程,装置能耗优化与气化炉有效气提升流程,装置能耗优化与气化炉有效气提升流程,装置能耗优化与气化炉有效气提升流程,装置能耗优化与气化炉有效气提升流程,装置能耗优化与气化炉有效气提升流程,装置能耗优化与气化炉有效气提升流程,装置能耗优化与气化炉有效气提升流程,装置能耗优化与气化炉有效气提升流程,装置能耗优化与气化炉有效气提升流程,装置能耗优化与气化炉有效气提升流程,装置能耗优化与气化炉有效气提升流程,装置能耗优化与气化炉有效气提升流程,装置能耗优化与气化炉有效气提升流程,装置能耗优化与气化炉有效气提升流程,装置能耗优化与气化炉有效气提升流程
optimization_ds.csv,25,optimization,锅炉与电解槽AI智能控制方案设计流程,锅炉AI控制,场景与功能全覆盖,直接复用语料,2025/1/1,18,9,9,锅炉与电解槽AI智能控制方案设计流程,锅炉与电解槽AI智能控制方案设计流程,锅炉与电解槽AI智能控制方案设计流程,锅炉与电解槽AI智能控制方案设计流程,锅炉与电解槽AI智能控制方案设计流程,锅炉与电解槽AI智能控制方案设计流程,锅炉与电解槽AI智能控制方案设计流程,锅炉与电解槽AI智能控制方案设计流程,锅炉与电解槽AI智能控制方案设计流程,锅炉与电解槽AI智能控制方案设计流程,锅炉与电解槽AI智能控制方案设计流程,锅炉与电解槽AI智能控制方案设计流程,锅炉与电解槽AI智能控制方案设计流程,锅炉与电解槽AI智能控制方案设计流程,锅炉与电解槽AI智能控制方案设计流程,锅炉与电解槽AI智能控制方案设计流程,锅炉与电解槽AI智能控制方案设计流程,锅炉与电解槽AI智能控制方案设计流程
optimization_ds.csv,25,optimization,锅炉与电解槽AI智能控制方案设计流程,我想实现锅炉回路的智能控制，帮我设计控制方案,场景与功能全覆盖,直接复用语料,2025/1/2,18,9,9,锅炉与电解槽AI智能控制方案设计流程,锅炉与电解槽AI智能控制方案设计流程,锅炉与电解槽AI智能控制方案设计流程,锅炉与电解槽AI智能控制方案设计流程,锅炉与电解槽AI智能控制方案设计流程,锅炉与电解槽AI智能控制方案设计流程,锅炉与电解槽AI智能控制方案设计流程,锅炉与电解槽AI智能控制方案设计流程,锅炉与电解槽AI智能控制方案设计流程,锅炉与电解槽AI智能控制方案设计流程,锅炉与电解槽AI智能控制方案设计流程,锅炉与电解槽AI智能控制方案设计流程,锅炉与电解槽AI智能控制方案设计流程,锅炉与电解槽AI智能控制方案设计流程,锅炉与电解槽AI智能控制方案设计流程,锅炉与电解槽AI智能控制方案设计流程,锅炉与电解槽AI智能控制方案设计流程,锅炉与电解槽AI智能控制方案设计流程
optimization_ds.csv,25,optimization,锅炉与电解槽AI智能控制方案设计流程,当前锅炉运行效果不好，帮我用AI进行运行控制,场景与功能全覆盖,直接复用语料,2025/1/3,18,9,9,锅炉与电解槽AI智能控制方案设计流程,锅炉与电解槽AI智能控制方案设计流程,锅炉与电解槽AI智能控制方案设计流程,锅炉与电解槽AI智能控制方案设计流程,锅炉与电解槽AI智能控制方案设计流程,锅炉与电解槽AI智能控制方案设计流程,锅炉与电解槽AI智能控制方案设计流程,锅炉与电解槽AI智能控制方案设计流程,锅炉与电解槽AI智能控制方案设计流程,锅炉与电解槽AI智能控制方案设计流程,锅炉与电解槽AI智能控制方案设计流程,锅炉与电解槽AI智能控制方案设计流程,锅炉与电解槽AI智能控制方案设计流程,锅炉与电解槽AI智能控制方案设计流程,锅炉与电解槽AI智能控制方案设计流程,锅炉与电解槽AI智能控制方案设计流程,锅炉与电解槽AI智能控制方案设计流程,锅炉与电解槽AI智能控制方案设计流程
optimization_ds.csv,25,optimization,锅炉与电解槽AI智能控制方案设计流程,如何设计电解槽的闭环控制系统，使其能自主调节槽温偏差，从而显著降低人工校正的频率？,场景与功能全覆盖,直接复用语料,2025/1/4,0,0,0,APC控制方案优化与设备稳定性提升流程,APC控制方案优化与设备稳定性提升流程,APC控制方案优化与设备稳定性提升流程,APC控制方案优化与设备稳定性提升流程,APC控制方案优化与设备稳定性提升流程,APC控制方案优化与设备稳定性提升流程,APC控制方案优化与设备稳定性提升流程,APC控制方案优化与设备稳定性提升流程,APC控制方案优化与设备稳定性提升流程,APC控制方案优化与设备稳定性提升流程,APC控制方案优化与设备稳定性提升流程,APC控制方案优化与设备稳定性提升流程,APC控制方案优化与设备稳定性提升流程,APC控制方案优化与设备稳定性提升流程,APC控制方案优化与设备稳定性提升流程,APC控制方案优化与设备稳定性提升流程,,APC控制方案优化与设备稳定性提升流程
optimization_ds.csv,25,optimization,锅炉与电解槽AI智能控制方案设计流程,锅炉AI控制,场景与功能全覆盖,直接复用语料,2025/1/5,18,9,9,锅炉与电解槽AI智能控制方案设计流程,锅炉与电解槽AI智能控制方案设计流程,锅炉与电解槽AI智能控制方案设计流程,锅炉与电解槽AI智能控制方案设计流程,锅炉与电解槽AI智能控制方案设计流程,锅炉与电解槽AI智能控制方案设计流程,锅炉与电解槽AI智能控制方案设计流程,锅炉与电解槽AI智能控制方案设计流程,锅炉与电解槽AI智能控制方案设计流程,锅炉与电解槽AI智能控制方案设计流程,锅炉与电解槽AI智能控制方案设计流程,锅炉与电解槽AI智能控制方案设计流程,锅炉与电解槽AI智能控制方案设计流程,锅炉与电解槽AI智能控制方案设计流程,锅炉与电解槽AI智能控制方案设计流程,锅炉与电解槽AI智能控制方案设计流程,锅炉与电解槽AI智能控制方案设计流程,锅炉与电解槽AI智能控制方案设计流程
optimization_ds.csv,25,optimization,锅炉与电解槽AI智能控制方案设计流程,执行锅炉与电解槽AI智能控制方案设计流程,输入表述形态多样性,专业规范表述,2025/2/1,18,9,9,锅炉与电解槽AI智能控制方案设计流程,锅炉与电解槽AI智能控制方案设计流程,锅炉与电解槽AI智能控制方案设计流程,锅炉与电解槽AI智能控制方案设计流程,锅炉与电解槽AI智能控制方案设计流程,锅炉与电解槽AI智能控制方案设计流程,锅炉与电解槽AI智能控制方案设计流程,锅炉与电解槽AI智能控制方案设计流程,锅炉与电解槽AI智能控制方案设计流程,锅炉与电解槽AI智能控制方案设计流程,锅炉与电解槽AI智能控制方案设计流程,锅炉与电解槽AI智能控制方案设计流程,锅炉与电解槽AI智能控制方案设计流程,锅炉与电解槽AI智能控制方案设计流程,锅炉与电解槽AI智能控制方案设计流程,锅炉与电解槽AI智能控制方案设计流程,锅炉与电解槽AI智能控制方案设计流程,锅炉与电解槽AI智能控制方案设计流程
optimization_ds.csv,25,optimization,锅炉与电解槽AI智能控制方案设计流程,锅炉回路智能控制方案设计，采用AI技术优化运行,输入表述形态多样性,专业规范表述,2025/2/2,18,9,9,锅炉与电解槽AI智能控制方案设计流程,锅炉与电解槽AI智能控制方案设计流程,锅炉与电解槽AI智能控制方案设计流程,锅炉与电解槽AI智能控制方案设计流程,锅炉与电解槽AI智能控制方案设计流程,锅炉与电解槽AI智能控制方案设计流程,锅炉与电解槽AI智能控制方案设计流程,锅炉与电解槽AI智能控制方案设计流程,锅炉与电解槽AI智能控制方案设计流程,锅炉与电解槽AI智能控制方案设计流程,锅炉与电解槽AI智能控制方案设计流程,锅炉与电解槽AI智能控制方案设计流程,锅炉与电解槽AI智能控制方案设计流程,锅炉与电解槽AI智能控制方案设计流程,锅炉与电解槽AI智能控制方案设计流程,锅炉与电解槽AI智能控制方案设计流程,锅炉与电解槽AI智能控制方案设计流程,锅炉与电解槽AI智能控制方案设计流程
optimization_ds.csv,25,optimization,锅炉与电解槽AI智能控制方案设计流程,基于AI的锅炉运行控制方案设计，提升运行效果,输入表述形态多样性,专业规范表述,2025/2/3,18,9,9,锅炉与电解槽AI智能控制方案设计流程,锅炉与电解槽AI智能控制方案设计流程,锅炉与电解槽AI智能控制方案设计流程,锅炉与电解槽AI智能控制方案设计流程,锅炉与电解槽AI智能控制方案设计流程,锅炉与电解槽AI智能控制方案设计流程,锅炉与电解槽AI智能控制方案设计流程,锅炉与电解槽AI智能控制方案设计流程,锅炉与电解槽AI智能控制方案设计流程,锅炉与电解槽AI智能控制方案设计流程,锅炉与电解槽AI智能控制方案设计流程,锅炉与电解槽AI智能控制方案设计流程,锅炉与电解槽AI智能控制方案设计流程,锅炉与电解槽AI智能控制方案设计流程,锅炉与电解槽AI智能控制方案设计流程,锅炉与电解槽AI智能控制方案设计流程,锅炉与电解槽AI智能控制方案设计流程,锅炉与电解槽AI智能控制方案设计流程
optimization_ds.csv,25,optimization,锅炉与电解槽AI智能控制方案设计流程,电解槽闭环控制系统设计，实现槽温偏差自主调节,输入表述形态多样性,专业规范表述,2025/2/4,18,9,9,锅炉与电解槽AI智能控制方案设计流程,锅炉与电解槽AI智能控制方案设计流程,锅炉与电解槽AI智能控制方案设计流程,锅炉与电解槽AI智能控制方案设计流程,锅炉与电解槽AI智能控制方案设计流程,锅炉与电解槽AI智能控制方案设计流程,锅炉与电解槽AI智能控制方案设计流程,锅炉与电解槽AI智能控制方案设计流程,锅炉与电解槽AI智能控制方案设计流程,锅炉与电解槽AI智能控制方案设计流程,锅炉与电解槽AI智能控制方案设计流程,锅炉与电解槽AI智能控制方案设计流程,锅炉与电解槽AI智能控制方案设计流程,锅炉与电解槽AI智能控制方案设计流程,锅炉与电解槽AI智能控制方案设计流程,锅炉与电解槽AI智能控制方案设计流程,锅炉与电解槽AI智能控制方案设计流程,锅炉与电解槽AI智能控制方案设计流程
optimization_ds.csv,25,optimization,锅炉与电解槽AI智能控制方案设计流程,锅炉与电解槽AI智能控制综合方案设计,输入表述形态多样性,专业规范表述,2025/2/5,18,9,9,锅炉与电解槽AI智能控制方案设计流程,锅炉与电解槽AI智能控制方案设计流程,锅炉与电解槽AI智能控制方案设计流程,锅炉与电解槽AI智能控制方案设计流程,锅炉与电解槽AI智能控制方案设计流程,锅炉与电解槽AI智能控制方案设计流程,锅炉与电解槽AI智能控制方案设计流程,锅炉与电解槽AI智能控制方案设计流程,锅炉与电解槽AI智能控制方案设计流程,锅炉与电解槽AI智能控制方案设计流程,锅炉与电解槽AI智能控制方案设计流程,锅炉与电解槽AI智能控制方案设计流程,锅炉与电解槽AI智能控制方案设计流程,锅炉与电解槽AI智能控制方案设计流程,锅炉与电解槽AI智能控制方案设计流程,锅炉与电解槽AI智能控制方案设计流程,锅炉与电解槽AI智能控制方案设计流程,锅炉与电解槽AI智能控制方案设计流程
optimization_ds.csv,25,optimization,锅炉与电解槽AI智能控制方案设计流程,锅炉AI控制方案设计,输入表述形态多样性,口语化简化表述,2025/3/1,18,9,9,锅炉与电解槽AI智能控制方案设计流程,锅炉与电解槽AI智能控制方案设计流程,锅炉与电解槽AI智能控制方案设计流程,锅炉与电解槽AI智能控制方案设计流程,锅炉与电解槽AI智能控制方案设计流程,锅炉与电解槽AI智能控制方案设计流程,锅炉与电解槽AI智能控制方案设计流程,锅炉与电解槽AI智能控制方案设计流程,锅炉与电解槽AI智能控制方案设计流程,锅炉与电解槽AI智能控制方案设计流程,锅炉与电解槽AI智能控制方案设计流程,锅炉与电解槽AI智能控制方案设计流程,锅炉与电解槽AI智能控制方案设计流程,锅炉与电解槽AI智能控制方案设计流程,锅炉与电解槽AI智能控制方案设计流程,锅炉与电解槽AI智能控制方案设计流程,锅炉与电解槽AI智能控制方案设计流程,锅炉与电解槽AI智能控制方案设计流程
optimization_ds.csv,25,optimization,锅炉与电解槽AI智能控制方案设计流程,锅炉智能控制，AI方案帮我设计,输入表述形态多样性,口语化简化表述,2025/3/2,0,0,0,,,,,,,,,,,,,,,,,,
optimization_ds.csv,25,optimization,锅炉与电解槽AI智能控制方案设计流程,锅炉运行不好，用AI控制优化,输入表述形态多样性,口语化简化表述,2025/3/3,18,9,9,锅炉与电解槽AI智能控制方案设计流程,锅炉与电解槽AI智能控制方案设计流程,锅炉与电解槽AI智能控制方案设计流程,锅炉与电解槽AI智能控制方案设计流程,锅炉与电解槽AI智能控制方案设计流程,锅炉与电解槽AI智能控制方案设计流程,锅炉与电解槽AI智能控制方案设计流程,锅炉与电解槽AI智能控制方案设计流程,锅炉与电解槽AI智能控制方案设计流程,锅炉与电解槽AI智能控制方案设计流程,锅炉与电解槽AI智能控制方案设计流程,锅炉与电解槽AI智能控制方案设计流程,锅炉与电解槽AI智能控制方案设计流程,锅炉与电解槽AI智能控制方案设计流程,锅炉与电解槽AI智能控制方案设计流程,锅炉与电解槽AI智能控制方案设计流程,锅炉与电解槽AI智能控制方案设计流程,锅炉与电解槽AI智能控制方案设计流程
optimization_ds.csv,25,optimization,锅炉与电解槽AI智能控制方案设计流程,电解槽闭环控制，自动调温,输入表述形态多样性,口语化简化表述,2025/3/4,0,0,0,,,,,,,,,,,,,,,,,,
optimization_ds.csv,25,optimization,锅炉与电解槽AI智能控制方案设计流程,锅炉电解槽AI控制方案，快点设计,输入表述形态多样性,口语化简化表述,2025/3/5,18,9,9,锅炉与电解槽AI智能控制方案设计流程,锅炉与电解槽AI智能控制方案设计流程,锅炉与电解槽AI智能控制方案设计流程,锅炉与电解槽AI智能控制方案设计流程,锅炉与电解槽AI智能控制方案设计流程,锅炉与电解槽AI智能控制方案设计流程,锅炉与电解槽AI智能控制方案设计流程,锅炉与电解槽AI智能控制方案设计流程,锅炉与电解槽AI智能控制方案设计流程,锅炉与电解槽AI智能控制方案设计流程,锅炉与电解槽AI智能控制方案设计流程,锅炉与电解槽AI智能控制方案设计流程,锅炉与电解槽AI智能控制方案设计流程,锅炉与电解槽AI智能控制方案设计流程,锅炉与电解槽AI智能控制方案设计流程,锅炉与电解槽AI智能控制方案设计流程,锅炉与电解槽AI智能控制方案设计流程,锅炉与电解槽AI智能控制方案设计流程
optimization_ds.csv,25,optimization,锅炉与电解槽AI智能控制方案设计流程,查询锅炉当前控制方案（非AI智能控制设计）,意图边界与歧义性,相似意图区分,2025/4/1,18,9,9,锅炉与电解槽AI智能控制方案设计流程,锅炉与电解槽AI智能控制方案设计流程,锅炉与电解槽AI智能控制方案设计流程,锅炉与电解槽AI智能控制方案设计流程,锅炉与电解槽AI智能控制方案设计流程,锅炉与电解槽AI智能控制方案设计流程,锅炉与电解槽AI智能控制方案设计流程,锅炉与电解槽AI智能控制方案设计流程,锅炉与电解槽AI智能控制方案设计流程,锅炉与电解槽AI智能控制方案设计流程,锅炉与电解槽AI智能控制方案设计流程,锅炉与电解槽AI智能控制方案设计流程,锅炉与电解槽AI智能控制方案设计流程,锅炉与电解槽AI智能控制方案设计流程,锅炉与电解槽AI智能控制方案设计流程,锅炉与电解槽AI智能控制方案设计流程,锅炉与电解槽AI智能控制方案设计流程,锅炉与电解槽AI智能控制方案设计流程
optimization_ds.csv,25,optimization,锅炉与电解槽AI智能控制方案设计流程,锅炉AI控制（核心意图）,意图边界与歧义性,相似意图区分,2025/4/2,16,7,9,,锅炉与电解槽AI智能控制方案设计流程,锅炉与电解槽AI智能控制方案设计流程,锅炉与电解槽AI智能控制方案设计流程,,锅炉与电解槽AI智能控制方案设计流程,锅炉与电解槽AI智能控制方案设计流程,锅炉与电解槽AI智能控制方案设计流程,锅炉与电解槽AI智能控制方案设计流程,锅炉与电解槽AI智能控制方案设计流程,锅炉与电解槽AI智能控制方案设计流程,锅炉与电解槽AI智能控制方案设计流程,锅炉与电解槽AI智能控制方案设计流程,锅炉与电解槽AI智能控制方案设计流程,锅炉与电解槽AI智能控制方案设计流程,锅炉与电解槽AI智能控制方案设计流程,锅炉与电解槽AI智能控制方案设计流程,锅炉与电解槽AI智能控制方案设计流程
optimization_ds.csv,25,optimization,锅炉与电解槽AI智能控制方案设计流程,修改锅炉传统控制参数（非AI智能控制）,意图边界与歧义性,相似意图区分,2025/4/3,0,0,0,,,,,,,,,,PID回路参数智能整定流程（含有效性检测与震荡判断）,PID回路参数智能整定流程（含有效性检测与震荡判断）,PID回路参数智能整定流程（含有效性检测与震荡判断）,PID回路参数智能整定流程（含有效性检测与震荡判断）,PID回路参数智能整定流程（含有效性检测与震荡判断）,PID回路参数智能整定流程（含有效性检测与震荡判断）,PID回路参数智能整定流程（含有效性检测与震荡判断）,PID回路参数智能整定流程（含有效性检测与震荡判断）,PID回路参数智能整定流程（含有效性检测与震荡判断）
optimization_ds.csv,25,optimization,锅炉与电解槽AI智能控制方案设计流程,优化锅炉PID控制（非AI智能控制）,意图边界与歧义性,相似意图区分,2025/4/4,0,0,0,PID回路参数智能整定流程（含有效性检测与震荡判断）,PID回路参数智能整定流程（含有效性检测与震荡判断）,PID回路参数智能整定流程（含有效性检测与震荡判断）,PID回路参数智能整定流程（含有效性检测与震荡判断）,PID回路参数智能整定流程（含有效性检测与震荡判断）,PID回路参数智能整定流程（含有效性检测与震荡判断）,PID回路参数智能整定流程（含有效性检测与震荡判断）,PID回路参数智能整定流程（含有效性检测与震荡判断）,PID回路参数智能整定流程（含有效性检测与震荡判断）,,,,,PID参数AI自整定优化流程,PID参数AI自整定优化流程,PID参数AI自整定优化流程,,
optimization_ds.csv,25,optimization,锅炉与电解槽AI智能控制方案设计流程,停用锅炉自动控制（非AI智能控制）,意图边界与歧义性,相似意图区分,2025/4/5,0,0,0,PID回路参数查询与基础信息维护流程,PID回路参数查询与基础信息维护流程,PID回路参数查询与基础信息维护流程,PID回路参数查询与基础信息维护流程,PID回路参数查询与基础信息维护流程,PID回路参数查询与基础信息维护流程,PID回路参数查询与基础信息维护流程,PID回路参数查询与基础信息维护流程,PID回路参数查询与基础信息维护流程,PID回路参数查询与基础信息维护流程,PID回路参数查询与基础信息维护流程,PID回路参数查询与基础信息维护流程,PID回路参数查询与基础信息维护流程,PID回路参数查询与基础信息维护流程,PID回路参数查询与基础信息维护流程,PID回路参数查询与基础信息维护流程,PID回路参数查询与基础信息维护流程,PID回路参数查询与基础信息维护流程
optimization_ds.csv,25,optimization,锅炉与电解槽AI智能控制方案设计流程,现在是能源管理关键期，锅炉AI控制,干扰因素与鲁棒性,冗余信息叠加,2025/5/1,18,9,9,锅炉与电解槽AI智能控制方案设计流程,锅炉与电解槽AI智能控制方案设计流程,锅炉与电解槽AI智能控制方案设计流程,锅炉与电解槽AI智能控制方案设计流程,锅炉与电解槽AI智能控制方案设计流程,锅炉与电解槽AI智能控制方案设计流程,锅炉与电解槽AI智能控制方案设计流程,锅炉与电解槽AI智能控制方案设计流程,锅炉与电解槽AI智能控制方案设计流程,锅炉与电解槽AI智能控制方案设计流程,锅炉与电解槽AI智能控制方案设计流程,锅炉与电解槽AI智能控制方案设计流程,锅炉与电解槽AI智能控制方案设计流程,锅炉与电解槽AI智能控制方案设计流程,锅炉与电解槽AI智能控制方案设计流程,锅炉与电解槽AI智能控制方案设计流程,锅炉与电解槽AI智能控制方案设计流程,锅炉与电解槽AI智能控制方案设计流程
optimization_ds.csv,25,optimization,锅炉与电解槽AI智能控制方案设计流程,设备运行数据完整，我想实现锅炉回路的智能控制，帮我设计控制方案,干扰因素与鲁棒性,冗余信息叠加,2025/5/2,18,9,9,锅炉与电解槽AI智能控制方案设计流程,锅炉与电解槽AI智能控制方案设计流程,锅炉与电解槽AI智能控制方案设计流程,锅炉与电解槽AI智能控制方案设计流程,锅炉与电解槽AI智能控制方案设计流程,锅炉与电解槽AI智能控制方案设计流程,锅炉与电解槽AI智能控制方案设计流程,锅炉与电解槽AI智能控制方案设计流程,锅炉与电解槽AI智能控制方案设计流程,锅炉与电解槽AI智能控制方案设计流程,锅炉与电解槽AI智能控制方案设计流程,锅炉与电解槽AI智能控制方案设计流程,锅炉与电解槽AI智能控制方案设计流程,锅炉与电解槽AI智能控制方案设计流程,锅炉与电解槽AI智能控制方案设计流程,锅炉与电解槽AI智能控制方案设计流程,锅炉与电解槽AI智能控制方案设计流程,锅炉与电解槽AI智能控制方案设计流程
optimization_ds.csv,25,optimization,锅炉与电解槽AI智能控制方案设计流程,操作员技能提升需求，当前锅炉运行效果不好，帮我用AI进行运行控制,干扰因素与鲁棒性,冗余信息叠加,2025/5/3,18,9,9,锅炉与电解槽AI智能控制方案设计流程,锅炉与电解槽AI智能控制方案设计流程,锅炉与电解槽AI智能控制方案设计流程,锅炉与电解槽AI智能控制方案设计流程,锅炉与电解槽AI智能控制方案设计流程,锅炉与电解槽AI智能控制方案设计流程,锅炉与电解槽AI智能控制方案设计流程,锅炉与电解槽AI智能控制方案设计流程,锅炉与电解槽AI智能控制方案设计流程,锅炉与电解槽AI智能控制方案设计流程,锅炉与电解槽AI智能控制方案设计流程,锅炉与电解槽AI智能控制方案设计流程,锅炉与电解槽AI智能控制方案设计流程,锅炉与电解槽AI智能控制方案设计流程,锅炉与电解槽AI智能控制方案设计流程,锅炉与电解槽AI智能控制方案设计流程,锅炉与电解槽AI智能控制方案设计流程,锅炉与电解槽AI智能控制方案设计流程
optimization_ds.csv,25,optimization,锅炉与电解槽AI智能控制方案设计流程,自动化水平要求提高，如何设计电解槽的闭环控制系统，使其能自主调节槽温偏差，从而显著降低人工校正的频率？,干扰因素与鲁棒性,冗余信息叠加,2025/5/4,9,9,0,锅炉与电解槽AI智能控制方案设计流程,锅炉与电解槽AI智能控制方案设计流程,锅炉与电解槽AI智能控制方案设计流程,锅炉与电解槽AI智能控制方案设计流程,锅炉与电解槽AI智能控制方案设计流程,锅炉与电解槽AI智能控制方案设计流程,锅炉与电解槽AI智能控制方案设计流程,锅炉与电解槽AI智能控制方案设计流程,锅炉与电解槽AI智能控制方案设计流程,,,,,,,,,
optimization_ds.csv,25,optimization,锅炉与电解槽AI智能控制方案设计流程,项目资源到位，锅炉AI控制,干扰因素与鲁棒性,冗余信息叠加,2025/5/5,18,9,9,锅炉与电解槽AI智能控制方案设计流程,锅炉与电解槽AI智能控制方案设计流程,锅炉与电解槽AI智能控制方案设计流程,锅炉与电解槽AI智能控制方案设计流程,锅炉与电解槽AI智能控制方案设计流程,锅炉与电解槽AI智能控制方案设计流程,锅炉与电解槽AI智能控制方案设计流程,锅炉与电解槽AI智能控制方案设计流程,锅炉与电解槽AI智能控制方案设计流程,锅炉与电解槽AI智能控制方案设计流程,锅炉与电解槽AI智能控制方案设计流程,锅炉与电解槽AI智能控制方案设计流程,锅炉与电解槽AI智能控制方案设计流程,锅炉与电解槽AI智能控制方案设计流程,锅炉与电解槽AI智能控制方案设计流程,锅炉与电解槽AI智能控制方案设计流程,锅炉与电解槽AI智能控制方案设计流程,锅炉与电解槽AI智能控制方案设计流程
optimization_ds.csv,25,optimization,锅炉与电解槽AI智能控制方案设计流程,新锅炉投运前，锅炉AI控制,实际工况适配性,全工况场景,2025/6/1,18,9,9,锅炉与电解槽AI智能控制方案设计流程,锅炉与电解槽AI智能控制方案设计流程,锅炉与电解槽AI智能控制方案设计流程,锅炉与电解槽AI智能控制方案设计流程,锅炉与电解槽AI智能控制方案设计流程,锅炉与电解槽AI智能控制方案设计流程,锅炉与电解槽AI智能控制方案设计流程,锅炉与电解槽AI智能控制方案设计流程,锅炉与电解槽AI智能控制方案设计流程,锅炉与电解槽AI智能控制方案设计流程,锅炉与电解槽AI智能控制方案设计流程,锅炉与电解槽AI智能控制方案设计流程,锅炉与电解槽AI智能控制方案设计流程,锅炉与电解槽AI智能控制方案设计流程,锅炉与电解槽AI智能控制方案设计流程,锅炉与电解槽AI智能控制方案设计流程,锅炉与电解槽AI智能控制方案设计流程,锅炉与电解槽AI智能控制方案设计流程
optimization_ds.csv,25,optimization,锅炉与电解槽AI智能控制方案设计流程,锅炉性能下降期，我想实现锅炉回路的智能控制，帮我设计控制方案,实际工况适配性,全工况场景,2025/6/2,9,9,0,锅炉与电解槽AI智能控制方案设计流程,锅炉与电解槽AI智能控制方案设计流程,锅炉与电解槽AI智能控制方案设计流程,锅炉与电解槽AI智能控制方案设计流程,锅炉与电解槽AI智能控制方案设计流程,锅炉与电解槽AI智能控制方案设计流程,锅炉与电解槽AI智能控制方案设计流程,锅炉与电解槽AI智能控制方案设计流程,锅炉与电解槽AI智能控制方案设计流程,,,,,,,,,
optimization_ds.csv,25,optimization,锅炉与电解槽AI智能控制方案设计流程,燃料变化适应需求，当前锅炉运行效果不好，帮我用AI进行运行控制,实际工况适配性,全工况场景,2025/6/3,0,0,0,复杂回路AI智能控制方案构建流程,复杂回路AI智能控制方案构建流程,复杂回路AI智能控制方案构建流程,复杂回路AI智能控制方案构建流程,复杂回路AI智能控制方案构建流程,复杂回路AI智能控制方案构建流程,复杂回路AI智能控制方案构建流程,复杂回路AI智能控制方案构建流程,复杂回路AI智能控制方案构建流程,复杂回路AI智能控制方案构建流程,复杂回路AI智能控制方案构建流程,复杂回路AI智能控制方案构建流程,复杂回路AI智能控制方案构建流程,复杂回路AI智能控制方案构建流程,复杂回路AI智能控制方案构建流程,复杂回路AI智能控制方案构建流程,复杂回路AI智能控制方案构建流程,复杂回路AI智能控制方案构建流程
optimization_ds.csv,25,optimization,锅炉与电解槽AI智能控制方案设计流程,电解槽运行不稳定，如何设计电解槽的闭环控制系统，使其能自主调节槽温偏差，从而显著降低人工校正的频率？,实际工况适配性,全工况场景,2025/6/4,6,0,6,APC控制方案优化与设备稳定性提升流程,APC控制方案优化与设备稳定性提升流程,APC控制方案优化与设备稳定性提升流程,APC控制方案优化与设备稳定性提升流程,APC控制方案优化与设备稳定性提升流程,APC控制方案优化与设备稳定性提升流程,APC控制方案优化与设备稳定性提升流程,APC控制方案优化与设备稳定性提升流程,APC控制方案优化与设备稳定性提升流程,锅炉与电解槽AI智能控制方案设计流程,APC控制方案优化与设备稳定性提升流程,APC控制方案优化与设备稳定性提升流程,锅炉与电解槽AI智能控制方案设计流程,锅炉与电解槽AI智能控制方案设计流程,APC控制方案优化与设备稳定性提升流程,锅炉与电解槽AI智能控制方案设计流程,锅炉与电解槽AI智能控制方案设计流程,锅炉与电解槽AI智能控制方案设计流程
optimization_ds.csv,25,optimization,锅炉与电解槽AI智能控制方案设计流程,智能化改造项目，锅炉AI控制,实际工况适配性,全工况场景,2025/6/5,18,9,9,锅炉与电解槽AI智能控制方案设计流程,锅炉与电解槽AI智能控制方案设计流程,锅炉与电解槽AI智能控制方案设计流程,锅炉与电解槽AI智能控制方案设计流程,锅炉与电解槽AI智能控制方案设计流程,锅炉与电解槽AI智能控制方案设计流程,锅炉与电解槽AI智能控制方案设计流程,锅炉与电解槽AI智能控制方案设计流程,锅炉与电解槽AI智能控制方案设计流程,锅炉与电解槽AI智能控制方案设计流程,锅炉与电解槽AI智能控制方案设计流程,锅炉与电解槽AI智能控制方案设计流程,锅炉与电解槽AI智能控制方案设计流程,锅炉与电解槽AI智能控制方案设计流程,锅炉与电解槽AI智能控制方案设计流程,锅炉与电解槽AI智能控制方案设计流程,锅炉与电解槽AI智能控制方案设计流程,锅炉与电解槽AI智能控制方案设计流程
optimization_ds.csv,26,optimization,换热网络性能评估与改造优化流程,常减压装置热换网络还有优化的空间吗？,场景与功能全覆盖,直接复用语料,2026/1/1,0,0,0,换热网络性能评估与全局改造流程（无现场限制）,换热网络性能评估与全局改造流程（无现场限制）,换热网络性能评估与全局改造流程（无现场限制）,换热网络性能评估与全局改造流程（无现场限制）,换热网络性能评估与全局改造流程（无现场限制）,换热网络性能评估与全局改造流程（无现场限制）,换热网络性能评估与全局改造流程（无现场限制）,换热网络性能评估与全局改造流程（无现场限制）,换热网络性能评估与全局改造流程（无现场限制）,换热网络性能评估与全局改造流程（无现场限制）,换热网络性能评估与全局改造流程（无现场限制）,换热网络性能评估与全局改造流程（无现场限制）,换热网络性能评估与全局改造流程（无现场限制）,换热网络性能评估与全局改造流程（无现场限制）,换热网络性能评估与全局改造流程（无现场限制）,换热网络性能评估与全局改造流程（无现场限制）,换热网络性能评估与全局改造流程（无现场限制）,换热网络性能评估与全局改造流程（无现场限制）
optimization_ds.csv,26,optimization,换热网络性能评估与改造优化流程,请帮我评估整个换热网络的性能，并进行改造,场景与功能全覆盖,直接复用语料,2026/1/2,18,9,9,换热网络性能评估与改造优化流程,换热网络性能评估与改造优化流程,换热网络性能评估与改造优化流程,换热网络性能评估与改造优化流程,换热网络性能评估与改造优化流程,换热网络性能评估与改造优化流程,换热网络性能评估与改造优化流程,换热网络性能评估与改造优化流程,换热网络性能评估与改造优化流程,换热网络性能评估与改造优化流程,换热网络性能评估与改造优化流程,换热网络性能评估与改造优化流程,换热网络性能评估与改造优化流程,换热网络性能评估与改造优化流程,换热网络性能评估与改造优化流程,换热网络性能评估与改造优化流程,换热网络性能评估与改造优化流程,换热网络性能评估与改造优化流程
optimization_ds.csv,26,optimization,换热网络性能评估与改造优化流程,常减压装置热换网络还有优化的空间吗？,场景与功能全覆盖,直接复用语料,2026/1/3,0,0,0,换热网络性能评估与全局改造流程（无现场限制）,换热网络性能评估与全局改造流程（无现场限制）,换热网络性能评估与全局改造流程（无现场限制）,换热网络性能评估与全局改造流程（无现场限制）,换热网络性能评估与全局改造流程（无现场限制）,换热网络性能评估与全局改造流程（无现场限制）,换热网络性能评估与全局改造流程（无现场限制）,换热网络性能评估与全局改造流程（无现场限制）,换热网络性能评估与全局改造流程（无现场限制）,换热网络性能评估与全局改造流程（无现场限制）,换热网络性能评估与全局改造流程（无现场限制）,换热网络性能评估与全局改造流程（无现场限制）,换热网络性能评估与全局改造流程（无现场限制）,换热网络性能评估与全局改造流程（无现场限制）,换热网络性能评估与全局改造流程（无现场限制）,换热网络性能评估与全局改造流程（无现场限制）,换热网络性能评估与全局改造流程（无现场限制）,换热网络性能评估与全局改造流程（无现场限制）
optimization_ds.csv,26,optimization,换热网络性能评估与改造优化流程,请帮我评估整个换热网络的性能，并进行改造,场景与功能全覆盖,直接复用语料,2026/1/4,18,9,9,换热网络性能评估与改造优化流程,换热网络性能评估与改造优化流程,换热网络性能评估与改造优化流程,换热网络性能评估与改造优化流程,换热网络性能评估与改造优化流程,换热网络性能评估与改造优化流程,换热网络性能评估与改造优化流程,换热网络性能评估与改造优化流程,换热网络性能评估与改造优化流程,换热网络性能评估与改造优化流程,换热网络性能评估与改造优化流程,换热网络性能评估与改造优化流程,换热网络性能评估与改造优化流程,换热网络性能评估与改造优化流程,换热网络性能评估与改造优化流程,换热网络性能评估与改造优化流程,换热网络性能评估与改造优化流程,换热网络性能评估与改造优化流程
optimization_ds.csv,26,optimization,换热网络性能评估与改造优化流程,常减压装置热换网络还有优化的空间吗？,场景与功能全覆盖,直接复用语料,2026/1/5,0,0,0,换热网络性能评估与全局改造流程（无现场限制）,换热网络性能评估与全局改造流程（无现场限制）,换热网络性能评估与全局改造流程（无现场限制）,换热网络性能评估与全局改造流程（无现场限制）,换热网络性能评估与全局改造流程（无现场限制）,换热网络性能评估与全局改造流程（无现场限制）,换热网络性能评估与全局改造流程（无现场限制）,换热网络性能评估与全局改造流程（无现场限制）,换热网络性能评估与全局改造流程（无现场限制）,换热网络性能评估与全局改造流程（无现场限制）,换热网络性能评估与全局改造流程（无现场限制）,换热网络性能评估与全局改造流程（无现场限制）,换热网络性能评估与全局改造流程（无现场限制）,换热网络性能评估与全局改造流程（无现场限制）,换热网络性能评估与全局改造流程（无现场限制）,换热网络性能评估与全局改造流程（无现场限制）,换热网络性能评估与全局改造流程（无现场限制）,换热网络性能评估与全局改造流程（无现场限制）
optimization_ds.csv,26,optimization,换热网络性能评估与改造优化流程,执行换热网络性能评估与改造优化综合流程,输入表述形态多样性,专业规范表述,2026/2/1,18,9,9,换热网络性能评估与改造优化流程,换热网络性能评估与改造优化流程,换热网络性能评估与改造优化流程,换热网络性能评估与改造优化流程,换热网络性能评估与改造优化流程,换热网络性能评估与改造优化流程,换热网络性能评估与改造优化流程,换热网络性能评估与改造优化流程,换热网络性能评估与改造优化流程,换热网络性能评估与改造优化流程,换热网络性能评估与改造优化流程,换热网络性能评估与改造优化流程,换热网络性能评估与改造优化流程,换热网络性能评估与改造优化流程,换热网络性能评估与改造优化流程,换热网络性能评估与改造优化流程,换热网络性能评估与改造优化流程,换热网络性能评估与改造优化流程
optimization_ds.csv,26,optimization,换热网络性能评估与改造优化流程,常减压装置换热网络优化空间评估及改造方案设计,输入表述形态多样性,专业规范表述,2026/2/2,0,0,0,常减压装置换热网络优化改造流程,常减压装置换热网络优化改造流程,常减压装置换热网络优化改造流程,常减压装置换热网络优化改造流程,常减压装置换热网络优化改造流程,常减压装置换热网络优化改造流程,常减压装置换热网络优化改造流程,常减压装置换热网络优化改造流程,常减压装置换热网络优化改造流程,常减压装置换热网络优化改造流程,常减压装置换热网络优化改造流程,常减压装置换热网络优化改造流程,常减压装置换热网络优化改造流程,常减压装置换热网络优化改造流程,常减压装置换热网络优化改造流程,常减压装置换热网络优化改造流程,常减压装置换热网络优化改造流程,常减压装置换热网络优化改造流程
optimization_ds.csv,26,optimization,换热网络性能评估与改造优化流程,换热网络性能评估与改造优化一体化流程,输入表述形态多样性,专业规范表述,2026/2/3,0,0,0,,,,,,,,,,,,,,,,,,
optimization_ds.csv,26,optimization,换热网络性能评估与改造优化流程,整个换热网络性能评估及后续改造方案制定,输入表述形态多样性,专业规范表述,2026/2/4,18,9,9,换热网络性能评估与改造优化流程,换热网络性能评估与改造优化流程,换热网络性能评估与改造优化流程,换热网络性能评估与改造优化流程,换热网络性能评估与改造优化流程,换热网络性能评估与改造优化流程,换热网络性能评估与改造优化流程,换热网络性能评估与改造优化流程,换热网络性能评估与改造优化流程,换热网络性能评估与改造优化流程,换热网络性能评估与改造优化流程,换热网络性能评估与改造优化流程,换热网络性能评估与改造优化流程,换热网络性能评估与改造优化流程,换热网络性能评估与改造优化流程,换热网络性能评估与改造优化流程,换热网络性能评估与改造优化流程,换热网络性能评估与改造优化流程
optimization_ds.csv,26,optimization,换热网络性能评估与改造优化流程,换热网络性能评估与优化改造综合方案,输入表述形态多样性,专业规范表述,2026/2/5,18,9,9,换热网络性能评估与改造优化流程,换热网络性能评估与改造优化流程,换热网络性能评估与改造优化流程,换热网络性能评估与改造优化流程,换热网络性能评估与改造优化流程,换热网络性能评估与改造优化流程,换热网络性能评估与改造优化流程,换热网络性能评估与改造优化流程,换热网络性能评估与改造优化流程,换热网络性能评估与改造优化流程,换热网络性能评估与改造优化流程,换热网络性能评估与改造优化流程,换热网络性能评估与改造优化流程,换热网络性能评估与改造优化流程,换热网络性能评估与改造优化流程,换热网络性能评估与改造优化流程,换热网络性能评估与改造优化流程,换热网络性能评估与改造优化流程
optimization_ds.csv,26,optimization,换热网络性能评估与改造优化流程,换热网络还有优化空间吗，评估一下,输入表述形态多样性,口语化简化表述,2026/3/1,0,0,0,,,,,,,,,,,,,,,,,,
optimization_ds.csv,26,optimization,换热网络性能评估与改造优化流程,评估换热网络性能，然后改造,输入表述形态多样性,口语化简化表述,2026/3/2,0,0,0,常减压装置换热网络优化改造流程,常减压装置换热网络优化改造流程,常减压装置换热网络优化改造流程,常减压装置换热网络优化改造流程,常减压装置换热网络优化改造流程,常减压装置换热网络优化改造流程,常减压装置换热网络优化改造流程,常减压装置换热网络优化改造流程,常减压装置换热网络优化改造流程,常减压装置换热网络优化改造流程,常减压装置换热网络优化改造流程,常减压装置换热网络优化改造流程,常减压装置换热网络优化改造流程,常减压装置换热网络优化改造流程,常减压装置换热网络优化改造流程,常减压装置换热网络优化改造流程,常减压装置换热网络优化改造流程,常减压装置换热网络优化改造流程
optimization_ds.csv,26,optimization,换热网络性能评估与改造优化流程,换热网络优化空间评估和改造,输入表述形态多样性,口语化简化表述,2026/3/3,9,0,9,换热网络性能评估与全局改造流程（无现场限制）,换热网络性能评估与全局改造流程（无现场限制）,换热网络性能评估与全局改造流程（无现场限制）,换热网络性能评估与全局改造流程（无现场限制）,换热网络性能评估与全局改造流程（无现场限制）,换热网络性能评估与全局改造流程（无现场限制）,换热网络性能评估与全局改造流程（无现场限制）,换热网络性能评估与全局改造流程（无现场限制）,换热网络性能评估与全局改造流程（无现场限制）,换热网络性能评估与改造优化流程,换热网络性能评估与改造优化流程,换热网络性能评估与改造优化流程,换热网络性能评估与改造优化流程,换热网络性能评估与改造优化流程,换热网络性能评估与改造优化流程,换热网络性能评估与改造优化流程,换热网络性能评估与改造优化流程,换热网络性能评估与改造优化流程
optimization_ds.csv,26,optimization,换热网络性能评估与改造优化流程,评估整个换热网络性能，进行改造,输入表述形态多样性,口语化简化表述,2026/3/4,18,9,9,换热网络性能评估与改造优化流程,换热网络性能评估与改造优化流程,换热网络性能评估与改造优化流程,换热网络性能评估与改造优化流程,换热网络性能评估与改造优化流程,换热网络性能评估与改造优化流程,换热网络性能评估与改造优化流程,换热网络性能评估与改造优化流程,换热网络性能评估与改造优化流程,换热网络性能评估与改造优化流程,换热网络性能评估与改造优化流程,换热网络性能评估与改造优化流程,换热网络性能评估与改造优化流程,换热网络性能评估与改造优化流程,换热网络性能评估与改造优化流程,换热网络性能评估与改造优化流程,换热网络性能评估与改造优化流程,换热网络性能评估与改造优化流程
optimization_ds.csv,26,optimization,换热网络性能评估与改造优化流程,换热网络性能评估改造一体化,输入表述形态多样性,口语化简化表述,2026/3/5,0,0,0,常减压装置换热网络优化改造流程,常减压装置换热网络优化改造流程,常减压装置换热网络优化改造流程,常减压装置换热网络优化改造流程,常减压装置换热网络优化改造流程,常减压装置换热网络优化改造流程,常减压装置换热网络优化改造流程,常减压装置换热网络优化改造流程,常减压装置换热网络优化改造流程,常减压装置换热网络优化改造流程,常减压装置换热网络优化改造流程,常减压装置换热网络优化改造流程,常减压装置换热网络优化改造流程,常减压装置换热网络优化改造流程,常减压装置换热网络优化改造流程,常减压装置换热网络优化改造流程,常减压装置换热网络优化改造流程,常减压装置换热网络优化改造流程
optimization_ds.csv,26,optimization,换热网络性能评估与改造优化流程,查询换热网络当前性能数据（非评估改造）,意图边界与歧义性,相似意图区分,2026/4/1,0,0,0,,,,,,,,,,换热网络与换热器综合性能评估流程,换热网络与换热器综合性能评估流程,换热网络与换热器综合性能评估流程,,换热网络与换热器综合性能评估流程,换热网络与换热器综合性能评估流程,换热网络与换热器综合性能评估流程,换热网络与换热器综合性能评估流程,
optimization_ds.csv,26,optimization,换热网络性能评估与改造优化流程,常减压装置热换网络还有优化的空间吗（核心意图）,意图边界与歧义性,相似意图区分,2026/4/2,0,0,0,换热网络与换热器综合性能评估流程,换热网络与换热器综合性能评估流程,换热网络与换热器综合性能评估流程,换热网络与换热器综合性能评估流程,换热网络与换热器综合性能评估流程,换热网络与换热器综合性能评估流程,换热网络与换热器综合性能评估流程,换热网络与换热器综合性能评估流程,换热网络与换热器综合性能评估流程,换热网络与换热器综合性能评估流程,换热网络与换热器综合性能评估流程,换热网络与换热器综合性能评估流程,换热网络与换热器综合性能评估流程,换热网络与换热器综合性能评估流程,换热网络性能评估与重新设计流程,换热网络性能评估与重新设计流程,换热网络与换热器综合性能评估流程,换热网络与换热器综合性能评估流程
optimization_ds.csv,26,optimization,换热网络性能评估与改造优化流程,维护换热网络设备（非评估改造）,意图边界与歧义性,相似意图区分,2026/4/3,0,0,0,换热器单体性能评估流程,换热器单体性能评估流程,换热器单体性能评估流程,换热器单体性能评估流程,换热器单体性能评估流程,换热器单体性能评估流程,换热器单体性能评估流程,换热器单体性能评估流程,换热器单体性能评估流程,换热器单体性能评估流程,换热器单体性能评估流程,换热器单体性能评估流程,换热器单体性能评估流程,换热器单体性能评估流程,换热器单体性能评估流程,换热器单体性能评估流程,换热器单体性能评估流程,换热器单体性能评估流程
optimization_ds.csv,26,optimization,换热网络性能评估与改造优化流程,清洗换热网络（非评估改造）,意图边界与歧义性,相似意图区分,2026/4/4,0,0,0,换热器改造流程（不改变网络结构）,换热器改造流程（不改变网络结构）,换热器改造流程（不改变网络结构）,换热器改造流程（不改变网络结构）,换热器改造流程（不改变网络结构）,换热器改造流程（不改变网络结构）,换热器改造流程（不改变网络结构）,换热器改造流程（不改变网络结构）,换热器改造流程（不改变网络结构）,换热器单体性能评估流程,,,换热器单体性能评估流程,换热器改造流程（不改变网络结构）,换热器单体性能评估流程,换热器单体性能评估流程,换热器单体性能评估流程,
optimization_ds.csv,26,optimization,换热网络性能评估与改造优化流程,更换换热网络部件（非评估改造）,意图边界与歧义性,相似意图区分,2026/4/5,0,0,0,换热器改造流程（不改变网络结构）,换热器改造流程（不改变网络结构）,换热器改造流程（不改变网络结构）,换热器改造流程（不改变网络结构）,换热器改造流程（不改变网络结构）,换热器改造流程（不改变网络结构）,换热器改造流程（不改变网络结构）,换热器改造流程（不改变网络结构）,换热器改造流程（不改变网络结构）,常减压装置换热网络优化改造流程,,,常减压装置换热网络优化改造流程,常减压装置换热网络优化改造流程,常减压装置换热网络优化改造流程,常减压装置换热网络优化改造流程,常减压装置换热网络优化改造流程,常减压装置换热网络优化改造流程
optimization_ds.csv,26,optimization,换热网络性能评估与改造优化流程,能耗审计发现能效偏低，常减压装置热换网络还有优化的空间吗？,干扰因素与鲁棒性,冗余信息叠加,2026/5/1,9,9,0,换热网络性能评估与改造优化流程,换热网络性能评估与改造优化流程,换热网络性能评估与改造优化流程,换热网络性能评估与改造优化流程,换热网络性能评估与改造优化流程,换热网络性能评估与改造优化流程,换热网络性能评估与改造优化流程,换热网络性能评估与改造优化流程,换热网络性能评估与改造优化流程,,,,,,,,,
optimization_ds.csv,26,optimization,换热网络性能评估与改造优化流程,运行数据表明换热效率下降，请帮我评估整个换热网络的性能，并进行改造,干扰因素与鲁棒性,冗余信息叠加,2026/5/2,18,9,9,换热网络性能评估与改造优化流程,换热网络性能评估与改造优化流程,换热网络性能评估与改造优化流程,换热网络性能评估与改造优化流程,换热网络性能评估与改造优化流程,换热网络性能评估与改造优化流程,换热网络性能评估与改造优化流程,换热网络性能评估与改造优化流程,换热网络性能评估与改造优化流程,换热网络性能评估与改造优化流程,换热网络性能评估与改造优化流程,换热网络性能评估与改造优化流程,换热网络性能评估与改造优化流程,换热网络性能评估与改造优化流程,换热网络性能评估与改造优化流程,换热网络性能评估与改造优化流程,换热网络性能评估与改造优化流程,换热网络性能评估与改造优化流程
optimization_ds.csv,26,optimization,换热网络性能评估与改造优化流程,同类装置改造效果明显，常减压装置热换网络还有优化的空间吗？,干扰因素与鲁棒性,冗余信息叠加,2026/5/3,0,0,0,换热网络性能评估与全局改造流程（最大效益最低费用目标）,换热网络性能评估与全局改造流程（最大效益最低费用目标）,换热网络性能评估与全局改造流程（最大效益最低费用目标）,换热网络性能评估与全局改造流程（最大效益最低费用目标）,换热网络性能评估与全局改造流程（最大效益最低费用目标）,换热网络性能评估与全局改造流程（最大效益最低费用目标）,换热网络性能评估与全局改造流程（最大效益最低费用目标）,换热网络性能评估与全局改造流程（最大效益最低费用目标）,换热网络性能评估与全局改造流程（最大效益最低费用目标）,换热网络性能评估与全局改造流程（最大效益最低费用目标）,换热网络性能评估与全局改造流程（最大效益最低费用目标）,换热网络性能评估与全局改造流程（最大效益最低费用目标）,换热网络性能评估与全局改造流程（最大效益最低费用目标）,换热网络性能评估与全局改造流程（最大效益最低费用目标）,换热网络性能评估与全局改造流程（最大效益最低费用目标）,换热网络性能评估与全局改造流程（最大效益最低费用目标）,换热网络性能评估与全局改造流程（最大效益最低费用目标）,换热网络性能评估与全局改造流程（最大效益最低费用目标）
optimization_ds.csv,26,optimization,换热网络性能评估与改造优化流程,节能指标要求提高，请帮我评估整个换热网络的性能，并进行改造,干扰因素与鲁棒性,冗余信息叠加,2026/5/4,18,9,9,换热网络性能评估与改造优化流程,换热网络性能评估与改造优化流程,换热网络性能评估与改造优化流程,换热网络性能评估与改造优化流程,换热网络性能评估与改造优化流程,换热网络性能评估与改造优化流程,换热网络性能评估与改造优化流程,换热网络性能评估与改造优化流程,换热网络性能评估与改造优化流程,换热网络性能评估与改造优化流程,换热网络性能评估与改造优化流程,换热网络性能评估与改造优化流程,换热网络性能评估与改造优化流程,换热网络性能评估与改造优化流程,换热网络性能评估与改造优化流程,换热网络性能评估与改造优化流程,换热网络性能评估与改造优化流程,换热网络性能评估与改造优化流程
optimization_ds.csv,26,optimization,换热网络性能评估与改造优化流程,大修窗口即将开启，常减压装置热换网络还有优化的空间吗？,干扰因素与鲁棒性,冗余信息叠加,2026/5/5,9,0,9,常减压装置换热网络优化改造流程,常减压装置换热网络优化改造流程,常减压装置换热网络优化改造流程,常减压装置换热网络优化改造流程,常减压装置换热网络优化改造流程,常减压装置换热网络优化改造流程,常减压装置换热网络优化改造流程,常减压装置换热网络优化改造流程,常减压装置换热网络优化改造流程,换热网络性能评估与改造优化流程,换热网络性能评估与改造优化流程,换热网络性能评估与改造优化流程,换热网络性能评估与改造优化流程,换热网络性能评估与改造优化流程,换热网络性能评估与改造优化流程,换热网络性能评估与改造优化流程,换热网络性能评估与改造优化流程,换热网络性能评估与改造优化流程
optimization_ds.csv,26,optimization,换热网络性能评估与改造优化流程,装置设计阶段，常减压装置热换网络还有优化的空间吗？,实际工况适配性,全工况场景,2026/6/1,9,0,9,换热器性能评估与全局改造流程,换热器性能评估与全局改造流程,换热器性能评估与全局改造流程,换热器性能评估与全局改造流程,换热器性能评估与全局改造流程,换热器性能评估与全局改造流程,换热器性能评估与全局改造流程,换热器性能评估与全局改造流程,换热器性能评估与全局改造流程,换热网络性能评估与改造优化流程,换热网络性能评估与改造优化流程,换热网络性能评估与改造优化流程,换热网络性能评估与改造优化流程,换热网络性能评估与改造优化流程,换热网络性能评估与改造优化流程,换热网络性能评估与改造优化流程,换热网络性能评估与改造优化流程,换热网络性能评估与改造优化流程
optimization_ds.csv,26,optimization,换热网络性能评估与改造优化流程,运行多年性能衰减，请帮我评估整个换热网络的性能，并进行改造,实际工况适配性,全工况场景,2026/6/2,18,9,9,换热网络性能评估与改造优化流程,换热网络性能评估与改造优化流程,换热网络性能评估与改造优化流程,换热网络性能评估与改造优化流程,换热网络性能评估与改造优化流程,换热网络性能评估与改造优化流程,换热网络性能评估与改造优化流程,换热网络性能评估与改造优化流程,换热网络性能评估与改造优化流程,换热网络性能评估与改造优化流程,换热网络性能评估与改造优化流程,换热网络性能评估与改造优化流程,换热网络性能评估与改造优化流程,换热网络性能评估与改造优化流程,换热网络性能评估与改造优化流程,换热网络性能评估与改造优化流程,换热网络性能评估与改造优化流程,换热网络性能评估与改造优化流程
optimization_ds.csv,26,optimization,换热网络性能评估与改造优化流程,原料性质变化后，常减压装置热换网络还有优化的空间吗？,实际工况适配性,全工况场景,2026/6/3,0,0,0,换热网络性能评估与全局改造流程（无现场限制）,换热网络性能评估与全局改造流程（无现场限制）,换热网络性能评估与全局改造流程（无现场限制）,换热网络性能评估与全局改造流程（无现场限制）,换热网络性能评估与全局改造流程（无现场限制）,换热网络性能评估与全局改造流程（无现场限制）,换热网络性能评估与全局改造流程（无现场限制）,换热网络性能评估与全局改造流程（无现场限制）,换热网络性能评估与全局改造流程（无现场限制）,换热网络性能评估与重新设计流程,换热网络性能评估与重新设计流程,换热网络性能评估与重新设计流程,换热网络性能评估与重新设计流程,换热网络性能评估与重新设计流程,换热网络性能评估与重新设计流程,换热网络性能评估与重新设计流程,换热网络性能评估与重新设计流程,换热网络性能评估与重新设计流程
optimization_ds.csv,26,optimization,换热网络性能评估与改造优化流程,产品方案调整需求，请帮我评估整个换热网络的性能，并进行改造,实际工况适配性,全工况场景,2026/6/4,18,9,9,换热网络性能评估与改造优化流程,换热网络性能评估与改造优化流程,换热网络性能评估与改造优化流程,换热网络性能评估与改造优化流程,换热网络性能评估与改造优化流程,换热网络性能评估与改造优化流程,换热网络性能评估与改造优化流程,换热网络性能评估与改造优化流程,换热网络性能评估与改造优化流程,换热网络性能评估与改造优化流程,换热网络性能评估与改造优化流程,换热网络性能评估与改造优化流程,换热网络性能评估与改造优化流程,换热网络性能评估与改造优化流程,换热网络性能评估与改造优化流程,换热网络性能评估与改造优化流程,换热网络性能评估与改造优化流程,换热网络性能评估与改造优化流程
optimization_ds.csv,26,optimization,换热网络性能评估与改造优化流程,节能技术改造项目，常减压装置热换网络还有优化的空间吗？,实际工况适配性,全工况场景,2026/6/5,0,0,0,换热网络性能评估与重新设计流程,换热网络性能评估与重新设计流程,换热网络性能评估与重新设计流程,换热网络性能评估与重新设计流程,换热网络性能评估与重新设计流程,换热网络性能评估与重新设计流程,换热网络性能评估与重新设计流程,换热网络性能评估与重新设计流程,换热网络性能评估与重新设计流程,换热网络性能评估与重新设计流程,换热网络性能评估与重新设计流程,换热网络性能评估与重新设计流程,换热网络性能评估与重新设计流程,换热网络性能评估与重新设计流程,换热网络性能评估与重新设计流程,换热网络性能评估与重新设计流程,换热网络性能评估与重新设计流程,换热网络性能评估与重新设计流程
optimization_ds.csv,27,optimization,换热网络重新设计流程（含限制条件）,重新设计换热网络,场景与功能全覆盖,直接复用语料,2027/1/1,18,9,9,换热网络重新设计流程（含限制条件）,换热网络重新设计流程（含限制条件）,换热网络重新设计流程（含限制条件）,换热网络重新设计流程（含限制条件）,换热网络重新设计流程（含限制条件）,换热网络重新设计流程（含限制条件）,换热网络重新设计流程（含限制条件）,换热网络重新设计流程（含限制条件）,换热网络重新设计流程（含限制条件）,换热网络重新设计流程（含限制条件）,换热网络重新设计流程（含限制条件）,换热网络重新设计流程（含限制条件）,换热网络重新设计流程（含限制条件）,换热网络重新设计流程（含限制条件）,换热网络重新设计流程（含限制条件）,换热网络重新设计流程（含限制条件）,换热网络重新设计流程（含限制条件）,换热网络重新设计流程（含限制条件）
optimization_ds.csv,27,optimization,换热网络重新设计流程（含限制条件）,重新设计换热网络,场景与功能全覆盖,直接复用语料,2027/1/2,18,9,9,换热网络重新设计流程（含限制条件）,换热网络重新设计流程（含限制条件）,换热网络重新设计流程（含限制条件）,换热网络重新设计流程（含限制条件）,换热网络重新设计流程（含限制条件）,换热网络重新设计流程（含限制条件）,换热网络重新设计流程（含限制条件）,换热网络重新设计流程（含限制条件）,换热网络重新设计流程（含限制条件）,换热网络重新设计流程（含限制条件）,换热网络重新设计流程（含限制条件）,换热网络重新设计流程（含限制条件）,换热网络重新设计流程（含限制条件）,换热网络重新设计流程（含限制条件）,换热网络重新设计流程（含限制条件）,换热网络重新设计流程（含限制条件）,换热网络重新设计流程（含限制条件）,换热网络重新设计流程（含限制条件）
optimization_ds.csv,27,optimization,换热网络重新设计流程（含限制条件）,重新设计换热网络,场景与功能全覆盖,直接复用语料,2027/1/3,18,9,9,换热网络重新设计流程（含限制条件）,换热网络重新设计流程（含限制条件）,换热网络重新设计流程（含限制条件）,换热网络重新设计流程（含限制条件）,换热网络重新设计流程（含限制条件）,换热网络重新设计流程（含限制条件）,换热网络重新设计流程（含限制条件）,换热网络重新设计流程（含限制条件）,换热网络重新设计流程（含限制条件）,换热网络重新设计流程（含限制条件）,换热网络重新设计流程（含限制条件）,换热网络重新设计流程（含限制条件）,换热网络重新设计流程（含限制条件）,换热网络重新设计流程（含限制条件）,换热网络重新设计流程（含限制条件）,换热网络重新设计流程（含限制条件）,换热网络重新设计流程（含限制条件）,换热网络重新设计流程（含限制条件）
optimization_ds.csv,27,optimization,换热网络重新设计流程（含限制条件）,重新设计换热网络,场景与功能全覆盖,直接复用语料,2027/1/4,18,9,9,换热网络重新设计流程（含限制条件）,换热网络重新设计流程（含限制条件）,换热网络重新设计流程（含限制条件）,换热网络重新设计流程（含限制条件）,换热网络重新设计流程（含限制条件）,换热网络重新设计流程（含限制条件）,换热网络重新设计流程（含限制条件）,换热网络重新设计流程（含限制条件）,换热网络重新设计流程（含限制条件）,换热网络重新设计流程（含限制条件）,换热网络重新设计流程（含限制条件）,换热网络重新设计流程（含限制条件）,换热网络重新设计流程（含限制条件）,换热网络重新设计流程（含限制条件）,换热网络重新设计流程（含限制条件）,换热网络重新设计流程（含限制条件）,换热网络重新设计流程（含限制条件）,换热网络重新设计流程（含限制条件）
optimization_ds.csv,27,optimization,换热网络重新设计流程（含限制条件）,重新设计换热网络,场景与功能全覆盖,直接复用语料,2027/1/5,18,9,9,换热网络重新设计流程（含限制条件）,换热网络重新设计流程（含限制条件）,换热网络重新设计流程（含限制条件）,换热网络重新设计流程（含限制条件）,换热网络重新设计流程（含限制条件）,换热网络重新设计流程（含限制条件）,换热网络重新设计流程（含限制条件）,换热网络重新设计流程（含限制条件）,换热网络重新设计流程（含限制条件）,换热网络重新设计流程（含限制条件）,换热网络重新设计流程（含限制条件）,换热网络重新设计流程（含限制条件）,换热网络重新设计流程（含限制条件）,换热网络重新设计流程（含限制条件）,换热网络重新设计流程（含限制条件）,换热网络重新设计流程（含限制条件）,换热网络重新设计流程（含限制条件）,换热网络重新设计流程（含限制条件）
optimization_ds.csv,27,optimization,换热网络重新设计流程（含限制条件）,执行换热网络重新设计流程，考虑现场限制条件,输入表述形态多样性,专业规范表述,2027/2/1,0,0,0,常减压装置换热网络优化改造流程,常减压装置换热网络优化改造流程,常减压装置换热网络优化改造流程,常减压装置换热网络优化改造流程,常减压装置换热网络优化改造流程,常减压装置换热网络优化改造流程,常减压装置换热网络优化改造流程,常减压装置换热网络优化改造流程,常减压装置换热网络优化改造流程,常减压装置换热网络优化改造流程,常减压装置换热网络优化改造流程,常减压装置换热网络优化改造流程,常减压装置换热网络优化改造流程,常减压装置换热网络优化改造流程,常减压装置换热网络优化改造流程,常减压装置换热网络优化改造流程,常减压装置换热网络优化改造流程,常减压装置换热网络优化改造流程
optimization_ds.csv,27,optimization,换热网络重新设计流程（含限制条件）,换热网络重新设计方案制定，包含限制条件分析,输入表述形态多样性,专业规范表述,2027/2/2,0,0,0,常减压装置换热网络优化改造流程,常减压装置换热网络优化改造流程,常减压装置换热网络优化改造流程,常减压装置换热网络优化改造流程,常减压装置换热网络优化改造流程,常减压装置换热网络优化改造流程,常减压装置换热网络优化改造流程,常减压装置换热网络优化改造流程,常减压装置换热网络优化改造流程,常减压装置换热网络优化改造流程,常减压装置换热网络优化改造流程,常减压装置换热网络优化改造流程,常减压装置换热网络优化改造流程,常减压装置换热网络优化改造流程,常减压装置换热网络优化改造流程,常减压装置换热网络优化改造流程,常减压装置换热网络优化改造流程,常减压装置换热网络优化改造流程
optimization_ds.csv,27,optimization,换热网络重新设计流程（含限制条件）,基于现场限制条件的换热网络重新设计,输入表述形态多样性,专业规范表述,2027/2/3,0,0,0,常减压装置换热网络优化改造流程,常减压装置换热网络优化改造流程,常减压装置换热网络优化改造流程,常减压装置换热网络优化改造流程,常减压装置换热网络优化改造流程,常减压装置换热网络优化改造流程,常减压装置换热网络优化改造流程,常减压装置换热网络优化改造流程,常减压装置换热网络优化改造流程,换热网络性能评估与改造优化流程,换热网络性能评估与改造优化流程,换热网络性能评估与改造优化流程,换热网络性能评估与改造优化流程,换热网络性能评估与改造优化流程,换热网络性能评估与改造优化流程,换热网络性能评估与改造优化流程,换热网络性能评估与改造优化流程,换热网络性能评估与改造优化流程
optimization_ds.csv,27,optimization,换热网络重新设计流程（含限制条件）,换热网络重新设计，综合考虑各类限制因素,输入表述形态多样性,专业规范表述,2027/2/4,18,9,9,换热网络重新设计流程（含限制条件）,换热网络重新设计流程（含限制条件）,换热网络重新设计流程（含限制条件）,换热网络重新设计流程（含限制条件）,换热网络重新设计流程（含限制条件）,换热网络重新设计流程（含限制条件）,换热网络重新设计流程（含限制条件）,换热网络重新设计流程（含限制条件）,换热网络重新设计流程（含限制条件）,换热网络重新设计流程（含限制条件）,换热网络重新设计流程（含限制条件）,换热网络重新设计流程（含限制条件）,换热网络重新设计流程（含限制条件）,换热网络重新设计流程（含限制条件）,换热网络重新设计流程（含限制条件）,换热网络重新设计流程（含限制条件）,换热网络重新设计流程（含限制条件）,换热网络重新设计流程（含限制条件）
optimization_ds.csv,27,optimization,换热网络重新设计流程（含限制条件）,含限制条件的换热网络重新设计方案,输入表述形态多样性,专业规范表述,2027/2/5,0,0,0,,,,,,,,,,换热器改造流程（不改变网络结构）,换热器改造流程（不改变网络结构）,换热器改造流程（不改变网络结构）,换热器改造流程（不改变网络结构）,换热器改造流程（不改变网络结构）,换热器改造流程（不改变网络结构）,换热器改造流程（不改变网络结构）,换热器改造流程（不改变网络结构）,换热器改造流程（不改变网络结构）
optimization_ds.csv,27,optimization,换热网络重新设计流程（含限制条件）,重新设计换热网络，考虑限制条件,输入表述形态多样性,口语化简化表述,2027/3/1,9,0,9,常减压装置换热网络优化改造流程,常减压装置换热网络优化改造流程,常减压装置换热网络优化改造流程,常减压装置换热网络优化改造流程,常减压装置换热网络优化改造流程,常减压装置换热网络优化改造流程,常减压装置换热网络优化改造流程,常减压装置换热网络优化改造流程,常减压装置换热网络优化改造流程,换热网络重新设计流程（含限制条件）,换热网络重新设计流程（含限制条件）,换热网络重新设计流程（含限制条件）,换热网络重新设计流程（含限制条件）,换热网络重新设计流程（含限制条件）,换热网络重新设计流程（含限制条件）,换热网络重新设计流程（含限制条件）,换热网络重新设计流程（含限制条件）,换热网络重新设计流程（含限制条件）
optimization_ds.csv,27,optimization,换热网络重新设计流程（含限制条件）,换热网络重新设计，有现场限制,输入表述形态多样性,口语化简化表述,2027/3/2,13,9,4,换热网络重新设计流程（含限制条件）,换热网络重新设计流程（含限制条件）,换热网络重新设计流程（含限制条件）,换热网络重新设计流程（含限制条件）,换热网络重新设计流程（含限制条件）,换热网络重新设计流程（含限制条件）,换热网络重新设计流程（含限制条件）,换热网络重新设计流程（含限制条件）,换热网络重新设计流程（含限制条件）,常减压装置换热网络优化改造流程,换热网络重新设计流程（含限制条件）,换热网络重新设计流程（含限制条件）,换热网络重新设计流程（含限制条件）,常减压装置换热网络优化改造流程,常减压装置换热网络优化改造流程,换热网络重新设计流程（含限制条件）,常减压装置换热网络优化改造流程,常减压装置换热网络优化改造流程
optimization_ds.csv,27,optimization,换热网络重新设计流程（含限制条件）,重新设计换热网络，限制条件要考虑,输入表述形态多样性,口语化简化表述,2027/3/3,0,0,0,常减压装置换热网络优化改造流程,常减压装置换热网络优化改造流程,常减压装置换热网络优化改造流程,常减压装置换热网络优化改造流程,常减压装置换热网络优化改造流程,常减压装置换热网络优化改造流程,常减压装置换热网络优化改造流程,常减压装置换热网络优化改造流程,常减压装置换热网络优化改造流程,常减压装置换热网络优化改造流程,常减压装置换热网络优化改造流程,常减压装置换热网络优化改造流程,常减压装置换热网络优化改造流程,常减压装置换热网络优化改造流程,常减压装置换热网络优化改造流程,常减压装置换热网络优化改造流程,常减压装置换热网络优化改造流程,常减压装置换热网络优化改造流程
optimization_ds.csv,27,optimization,换热网络重新设计流程（含限制条件）,换热网络重新设计方案，含限制,输入表述形态多样性,口语化简化表述,2027/3/4,0,0,0,常减压装置换热网络优化改造流程,常减压装置换热网络优化改造流程,常减压装置换热网络优化改造流程,常减压装置换热网络优化改造流程,常减压装置换热网络优化改造流程,常减压装置换热网络优化改造流程,常减压装置换热网络优化改造流程,常减压装置换热网络优化改造流程,常减压装置换热网络优化改造流程,常减压装置换热网络优化改造流程,常减压装置换热网络优化改造流程,常减压装置换热网络优化改造流程,常减压装置换热网络优化改造流程,常减压装置换热网络优化改造流程,常减压装置换热网络优化改造流程,常减压装置换热网络优化改造流程,常减压装置换热网络优化改造流程,常减压装置换热网络优化改造流程
optimization_ds.csv,27,optimization,换热网络重新设计流程（含限制条件）,重新设计换热网络，快点,输入表述形态多样性,口语化简化表述,2027/3/5,0,0,0,常减压装置换热网络优化改造流程,常减压装置换热网络优化改造流程,常减压装置换热网络优化改造流程,常减压装置换热网络优化改造流程,常减压装置换热网络优化改造流程,常减压装置换热网络优化改造流程,常减压装置换热网络优化改造流程,常减压装置换热网络优化改造流程,常减压装置换热网络优化改造流程,,,,常减压装置换热网络优化改造流程,,常减压装置换热网络优化改造流程,常减压装置换热网络优化改造流程,常减压装置换热网络优化改造流程,常减压装置换热网络优化改造流程
optimization_ds.csv,27,optimization,换热网络重新设计流程（含限制条件）,查询换热网络当前设计（非重新设计）,意图边界与歧义性,相似意图区分,2027/4/1,0,0,0,换热器单体性能评估流程,换热器单体性能评估流程,换热器单体性能评估流程,换热器单体性能评估流程,换热器单体性能评估流程,换热器单体性能评估流程,换热器单体性能评估流程,换热器单体性能评估流程,换热器单体性能评估流程,,,,,,,,,
optimization_ds.csv,27,optimization,换热网络重新设计流程（含限制条件）,重新设计换热网络（核心意图）,意图边界与歧义性,相似意图区分,2027/4/2,18,9,9,换热网络重新设计流程（含限制条件）,换热网络重新设计流程（含限制条件）,换热网络重新设计流程（含限制条件）,换热网络重新设计流程（含限制条件）,换热网络重新设计流程（含限制条件）,换热网络重新设计流程（含限制条件）,换热网络重新设计流程（含限制条件）,换热网络重新设计流程（含限制条件）,换热网络重新设计流程（含限制条件）,换热网络重新设计流程（含限制条件）,换热网络重新设计流程（含限制条件）,换热网络重新设计流程（含限制条件）,换热网络重新设计流程（含限制条件）,换热网络重新设计流程（含限制条件）,换热网络重新设计流程（含限制条件）,换热网络重新设计流程（含限制条件）,换热网络重新设计流程（含限制条件）,换热网络重新设计流程（含限制条件）
optimization_ds.csv,27,optimization,换热网络重新设计流程（含限制条件）,优化换热网络参数（非重新设计）,意图边界与歧义性,相似意图区分,2027/4/3,0,0,0,,,,,,,,,,,,,,,,,,
optimization_ds.csv,27,optimization,换热网络重新设计流程（含限制条件）,维护换热网络（非重新设计）,意图边界与歧义性,相似意图区分,2027/4/4,0,0,0,,,,,,,,,,换热器改造流程（不改变网络结构）,换热器改造流程（不改变网络结构）,换热器改造流程（不改变网络结构）,换热器改造流程（不改变网络结构）,换热器改造流程（不改变网络结构）,换热器改造流程（不改变网络结构）,换热器改造流程（不改变网络结构）,换热器改造流程（不改变网络结构）,换热器改造流程（不改变网络结构）
optimization_ds.csv,27,optimization,换热网络重新设计流程（含限制条件）,更换换热网络设备（非重新设计）,意图边界与歧义性,相似意图区分,2027/4/5,0,0,0,换热器改造流程（不改变网络结构）,换热器改造流程（不改变网络结构）,换热器改造流程（不改变网络结构）,换热器改造流程（不改变网络结构）,换热器改造流程（不改变网络结构）,换热器改造流程（不改变网络结构）,换热器改造流程（不改变网络结构）,换热器改造流程（不改变网络结构）,换热器改造流程（不改变网络结构）,换热器改造流程（不改变网络结构）,换热器改造流程（不改变网络结构）,换热器改造流程（不改变网络结构）,换热器改造流程（不改变网络结构）,换热器改造流程（不改变网络结构）,换热器改造流程（不改变网络结构）,换热器改造流程（不改变网络结构）,换热器改造流程（不改变网络结构）,换热器改造流程（不改变网络结构）
optimization_ds.csv,27,optimization,换热网络重新设计流程（含限制条件）,装置布局限制较多，重新设计换热网络,干扰因素与鲁棒性,冗余信息叠加,2027/5/1,2,0,2,换热器性能评估与全局改造流程,换热器性能评估与全局改造流程,换热器性能评估与全局改造流程,换热器性能评估与全局改造流程,换热器性能评估与全局改造流程,换热器性能评估与全局改造流程,换热器性能评估与全局改造流程,换热器性能评估与全局改造流程,换热器性能评估与全局改造流程,换热网络性能评估与重新设计流程,换热器性能评估与全局改造流程,换热网络性能评估与重新设计流程,换热网络性能评估与重新设计流程,换热网络重新设计流程（含限制条件）,换热网络重新设计流程（含限制条件）,换热网络性能评估与重新设计流程,换热网络性能评估与重新设计流程,换热网络性能评估与重新设计流程
optimization_ds.csv,27,optimization,换热网络重新设计流程（含限制条件）,场地空间有限，重新设计换热网络,干扰因素与鲁棒性,冗余信息叠加,2027/5/2,18,9,9,换热网络重新设计流程（含限制条件）,换热网络重新设计流程（含限制条件）,换热网络重新设计流程（含限制条件）,换热网络重新设计流程（含限制条件）,换热网络重新设计流程（含限制条件）,换热网络重新设计流程（含限制条件）,换热网络重新设计流程（含限制条件）,换热网络重新设计流程（含限制条件）,换热网络重新设计流程（含限制条件）,换热网络重新设计流程（含限制条件）,换热网络重新设计流程（含限制条件）,换热网络重新设计流程（含限制条件）,换热网络重新设计流程（含限制条件）,换热网络重新设计流程（含限制条件）,换热网络重新设计流程（含限制条件）,换热网络重新设计流程（含限制条件）,换热网络重新设计流程（含限制条件）,换热网络重新设计流程（含限制条件）
optimization_ds.csv,27,optimization,换热网络重新设计流程（含限制条件）,投资预算有约束，重新设计换热网络,干扰因素与鲁棒性,冗余信息叠加,2027/5/3,18,9,9,换热网络重新设计流程（含限制条件）,换热网络重新设计流程（含限制条件）,换热网络重新设计流程（含限制条件）,换热网络重新设计流程（含限制条件）,换热网络重新设计流程（含限制条件）,换热网络重新设计流程（含限制条件）,换热网络重新设计流程（含限制条件）,换热网络重新设计流程（含限制条件）,换热网络重新设计流程（含限制条件）,换热网络重新设计流程（含限制条件）,换热网络重新设计流程（含限制条件）,换热网络重新设计流程（含限制条件）,换热网络重新设计流程（含限制条件）,换热网络重新设计流程（含限制条件）,换热网络重新设计流程（含限制条件）,换热网络重新设计流程（含限制条件）,换热网络重新设计流程（含限制条件）,换热网络重新设计流程（含限制条件）
optimization_ds.csv,27,optimization,换热网络重新设计流程（含限制条件）,施工周期紧张，重新设计换热网络,干扰因素与鲁棒性,冗余信息叠加,2027/5/4,0,0,0,换热器改造流程（不改变网络结构）,换热器改造流程（不改变网络结构）,换热器改造流程（不改变网络结构）,换热器改造流程（不改变网络结构）,换热器改造流程（不改变网络结构）,换热器改造流程（不改变网络结构）,换热器改造流程（不改变网络结构）,换热器改造流程（不改变网络结构）,换热器改造流程（不改变网络结构）,换热器性能评估与全局改造流程,换热器性能评估与全局改造流程,换热器性能评估与全局改造流程,换热器性能评估与全局改造流程,换热器性能评估与全局改造流程,换热器性能评估与全局改造流程,换热器性能评估与全局改造流程,换热器性能评估与全局改造流程,换热器性能评估与全局改造流程
optimization_ds.csv,27,optimization,换热网络重新设计流程（含限制条件）,环保要求严格，重新设计换热网络,干扰因素与鲁棒性,冗余信息叠加,2027/5/5,18,9,9,换热网络重新设计流程（含限制条件）,换热网络重新设计流程（含限制条件）,换热网络重新设计流程（含限制条件）,换热网络重新设计流程（含限制条件）,换热网络重新设计流程（含限制条件）,换热网络重新设计流程（含限制条件）,换热网络重新设计流程（含限制条件）,换热网络重新设计流程（含限制条件）,换热网络重新设计流程（含限制条件）,换热网络重新设计流程（含限制条件）,换热网络重新设计流程（含限制条件）,换热网络重新设计流程（含限制条件）,换热网络重新设计流程（含限制条件）,换热网络重新设计流程（含限制条件）,换热网络重新设计流程（含限制条件）,换热网络重新设计流程（含限制条件）,换热网络重新设计流程（含限制条件）,换热网络重新设计流程（含限制条件）
optimization_ds.csv,27,optimization,换热网络重新设计流程（含限制条件）,装置扩能改造，重新设计换热网络,实际工况适配性,全工况场景,2027/6/1,18,9,9,换热网络重新设计流程（含限制条件）,换热网络重新设计流程（含限制条件）,换热网络重新设计流程（含限制条件）,换热网络重新设计流程（含限制条件）,换热网络重新设计流程（含限制条件）,换热网络重新设计流程（含限制条件）,换热网络重新设计流程（含限制条件）,换热网络重新设计流程（含限制条件）,换热网络重新设计流程（含限制条件）,换热网络重新设计流程（含限制条件）,换热网络重新设计流程（含限制条件）,换热网络重新设计流程（含限制条件）,换热网络重新设计流程（含限制条件）,换热网络重新设计流程（含限制条件）,换热网络重新设计流程（含限制条件）,换热网络重新设计流程（含限制条件）,换热网络重新设计流程（含限制条件）,换热网络重新设计流程（含限制条件）
optimization_ds.csv,27,optimization,换热网络重新设计流程（含限制条件）,工艺路线变更，重新设计换热网络,实际工况适配性,全工况场景,2027/6/2,0,0,0,换热器改造流程（不改变网络结构）,换热器改造流程（不改变网络结构）,换热器改造流程（不改变网络结构）,换热器改造流程（不改变网络结构）,换热器改造流程（不改变网络结构）,换热器改造流程（不改变网络结构）,换热器改造流程（不改变网络结构）,换热器改造流程（不改变网络结构）,换热器改造流程（不改变网络结构）,换热器改造流程（不改变网络结构）,换热器改造流程（不改变网络结构）,换热器改造流程（不改变网络结构）,换热器改造流程（不改变网络结构）,换热器改造流程（不改变网络结构）,换热器改造流程（不改变网络结构）,换热器改造流程（不改变网络结构）,换热器改造流程（不改变网络结构）,换热器改造流程（不改变网络结构）
optimization_ds.csv,27,optimization,换热网络重新设计流程（含限制条件）,能效提升需求，重新设计换热网络,实际工况适配性,全工况场景,2027/6/3,18,9,9,换热网络重新设计流程（含限制条件）,换热网络重新设计流程（含限制条件）,换热网络重新设计流程（含限制条件）,换热网络重新设计流程（含限制条件）,换热网络重新设计流程（含限制条件）,换热网络重新设计流程（含限制条件）,换热网络重新设计流程（含限制条件）,换热网络重新设计流程（含限制条件）,换热网络重新设计流程（含限制条件）,换热网络重新设计流程（含限制条件）,换热网络重新设计流程（含限制条件）,换热网络重新设计流程（含限制条件）,换热网络重新设计流程（含限制条件）,换热网络重新设计流程（含限制条件）,换热网络重新设计流程（含限制条件）,换热网络重新设计流程（含限制条件）,换热网络重新设计流程（含限制条件）,换热网络重新设计流程（含限制条件）
optimization_ds.csv,27,optimization,换热网络重新设计流程（含限制条件）,设备更新换代，重新设计换热网络,实际工况适配性,全工况场景,2027/6/4,9,0,9,换热网络全局改造流程（最大收益目标）,换热网络全局改造流程（最大收益目标）,换热网络全局改造流程（最大收益目标）,换热网络全局改造流程（最大收益目标）,换热网络全局改造流程（最大收益目标）,换热网络全局改造流程（最大收益目标）,换热网络全局改造流程（最大收益目标）,换热网络全局改造流程（最大收益目标）,换热网络全局改造流程（最大收益目标）,换热网络重新设计流程（含限制条件）,换热网络重新设计流程（含限制条件）,换热网络重新设计流程（含限制条件）,换热网络重新设计流程（含限制条件）,换热网络重新设计流程（含限制条件）,换热网络重新设计流程（含限制条件）,换热网络重新设计流程（含限制条件）,换热网络重新设计流程（含限制条件）,换热网络重新设计流程（含限制条件）
optimization_ds.csv,27,optimization,换热网络重新设计流程（含限制条件）,安全生产要求，重新设计换热网络,实际工况适配性,全工况场景,2027/6/5,0,0,0,换热器改造流程（不改变网络结构）,换热器改造流程（不改变网络结构）,换热器改造流程（不改变网络结构）,换热器改造流程（不改变网络结构）,换热器改造流程（不改变网络结构）,换热器改造流程（不改变网络结构）,换热器改造流程（不改变网络结构）,换热器改造流程（不改变网络结构）,换热器改造流程（不改变网络结构）,换热器改造流程（不改变网络结构）,换热器改造流程（不改变网络结构）,换热器改造流程（不改变网络结构）,换热器改造流程（不改变网络结构）,换热器改造流程（不改变网络结构）,换热器改造流程（不改变网络结构）,换热器改造流程（不改变网络结构）,换热器改造流程（不改变网络结构）,换热器改造流程（不改变网络结构）
optimization_ds.csv,28,optimization,换热网络及换热器性能评估流程,帮我评估整个换热网络的性能,场景与功能全覆盖,直接复用语料,2028/1/1,0,0,0,,,,,,,,,,,,,,,,,,
optimization_ds.csv,28,optimization,换热网络及换热器性能评估流程,帮我评估整个换热网络的性能,场景与功能全覆盖,直接复用语料,2028/1/2,0,0,0,,,,,,,,,,,,,,,,,,
optimization_ds.csv,28,optimization,换热网络及换热器性能评估流程,帮我评估整个换热网络的性能,场景与功能全覆盖,直接复用语料,2028/1/3,0,0,0,,,,,,,,,,,,,,,,,,
optimization_ds.csv,28,optimization,换热网络及换热器性能评估流程,帮我评估整个换热网络的性能,场景与功能全覆盖,直接复用语料,2028/1/4,0,0,0,,,,,,,,,,,,,,,,,,
optimization_ds.csv,28,optimization,换热网络及换热器性能评估流程,帮我评估整个换热网络的性能,场景与功能全覆盖,直接复用语料,2028/1/5,0,0,0,,,,,,,,,,,,,,,,,,
optimization_ds.csv,28,optimization,换热网络及换热器性能评估流程,执行换热网络及换热器综合性能评估,输入表述形态多样性,专业规范表述,2028/2/1,0,0,0,,,,,,,,,,,,,,,,,,
optimization_ds.csv,28,optimization,换热网络及换热器性能评估流程,整个换热网络性能评估，包含换热器单体分析,输入表述形态多样性,专业规范表述,2028/2/2,0,0,0,换热网络与换热器综合性能评估流程,换热网络与换热器综合性能评估流程,换热网络与换热器综合性能评估流程,换热网络与换热器综合性能评估流程,换热网络与换热器综合性能评估流程,换热网络与换热器综合性能评估流程,换热网络与换热器综合性能评估流程,换热网络与换热器综合性能评估流程,换热网络与换热器综合性能评估流程,换热网络与换热器综合性能评估流程,换热网络与换热器综合性能评估流程,换热网络与换热器综合性能评估流程,换热网络与换热器综合性能评估流程,换热网络与换热器综合性能评估流程,换热网络与换热器综合性能评估流程,换热网络与换热器综合性能评估流程,换热网络与换热器综合性能评估流程,换热网络与换热器综合性能评估流程
optimization_ds.csv,28,optimization,换热网络及换热器性能评估流程,换热网络与换热器一体化性能评估,输入表述形态多样性,专业规范表述,2028/2/3,0,0,0,换热网络与换热器综合性能评估流程,换热网络与换热器综合性能评估流程,换热网络与换热器综合性能评估流程,换热网络与换热器综合性能评估流程,换热网络与换热器综合性能评估流程,换热网络与换热器综合性能评估流程,换热网络与换热器综合性能评估流程,换热网络与换热器综合性能评估流程,换热网络与换热器综合性能评估流程,,,,,,,,,
optimization_ds.csv,28,optimization,换热网络及换热器性能评估流程,换热系统综合性能评估，网络与设备协同分析,输入表述形态多样性,专业规范表述,2028/2/4,0,0,0,,,,,,,,,,,,,,,,,,
optimization_ds.csv,28,optimization,换热网络及换热器性能评估流程,换热网络及换热器性能全面评估,输入表述形态多样性,专业规范表述,2028/2/5,0,0,0,换热网络与换热器综合性能评估流程,换热网络与换热器综合性能评估流程,换热网络与换热器综合性能评估流程,换热网络与换热器综合性能评估流程,换热网络与换热器综合性能评估流程,换热网络与换热器综合性能评估流程,换热网络与换热器综合性能评估流程,换热网络与换热器综合性能评估流程,换热网络与换热器综合性能评估流程,换热网络与换热器综合性能评估流程,换热网络与换热器综合性能评估流程,换热网络与换热器综合性能评估流程,换热网络与换热器综合性能评估流程,换热网络与换热器综合性能评估流程,换热网络与换热器综合性能评估流程,换热网络与换热器综合性能评估流程,换热网络与换热器综合性能评估流程,换热网络与换热器综合性能评估流程
optimization_ds.csv,28,optimization,换热网络及换热器性能评估流程,评估换热网络和换热器性能,输入表述形态多样性,口语化简化表述,2028/3/1,0,0,0,换热网络与换热器综合性能评估流程,换热网络与换热器综合性能评估流程,换热网络与换热器综合性能评估流程,换热网络与换热器综合性能评估流程,换热网络与换热器综合性能评估流程,换热网络与换热器综合性能评估流程,换热网络与换热器综合性能评估流程,换热网络与换热器综合性能评估流程,换热网络与换热器综合性能评估流程,换热网络与换热器综合性能评估流程,换热网络与换热器综合性能评估流程,换热网络与换热器综合性能评估流程,换热网络与换热器综合性能评估流程,换热网络与换热器综合性能评估流程,换热网络与换热器综合性能评估流程,换热网络与换热器综合性能评估流程,换热网络与换热器综合性能评估流程,换热网络与换热器综合性能评估流程
optimization_ds.csv,28,optimization,换热网络及换热器性能评估流程,换热网络性能评估，包含换热器,输入表述形态多样性,口语化简化表述,2028/3/2,0,0,0,换热网络与换热器综合性能评估流程,换热网络与换热器综合性能评估流程,换热网络与换热器综合性能评估流程,换热网络与换热器综合性能评估流程,换热网络与换热器综合性能评估流程,换热网络与换热器综合性能评估流程,换热网络与换热器综合性能评估流程,换热网络与换热器综合性能评估流程,换热网络与换热器综合性能评估流程,换热网络与换热器综合性能评估流程,换热网络与换热器综合性能评估流程,换热网络与换热器综合性能评估流程,换热网络与换热器综合性能评估流程,换热网络与换热器综合性能评估流程,换热网络与换热器综合性能评估流程,换热网络与换热器综合性能评估流程,换热网络与换热器综合性能评估流程,换热网络性能评估与改造流程（不改变结构）
optimization_ds.csv,28,optimization,换热网络及换热器性能评估流程,评估整个换热网络性能,输入表述形态多样性,口语化简化表述,2028/3/3,0,0,0,,,,,,,,,,,,,,,,,,
optimization_ds.csv,28,optimization,换热网络及换热器性能评估流程,换热网络和换热器一起评估,输入表述形态多样性,口语化简化表述,2028/3/4,0,0,0,换热网络与换热器综合性能评估流程,换热网络与换热器综合性能评估流程,换热网络与换热器综合性能评估流程,换热网络与换热器综合性能评估流程,换热网络与换热器综合性能评估流程,换热网络与换热器综合性能评估流程,换热网络与换热器综合性能评估流程,换热网络与换热器综合性能评估流程,换热网络与换热器综合性能评估流程,换热网络与换热器综合性能评估流程,换热网络与换热器综合性能评估流程,换热网络与换热器综合性能评估流程,换热网络与换热器综合性能评估流程,换热网络与换热器综合性能评估流程,换热网络与换热器综合性能评估流程,换热网络与换热器综合性能评估流程,换热网络与换热器综合性能评估流程,换热网络与换热器综合性能评估流程
optimization_ds.csv,28,optimization,换热网络及换热器性能评估流程,换热系统性能全面评估,输入表述形态多样性,口语化简化表述,2028/3/5,0,0,0,,,,,,,,,,,,,,,,,,
optimization_ds.csv,28,optimization,换热网络及换热器性能评估流程,查询换热网络历史性能数据（非评估）,意图边界与歧义性,相似意图区分,2028/4/1,0,0,0,,,,,,,,,,,,,,,,,,
optimization_ds.csv,28,optimization,换热网络及换热器性能评估流程,帮我评估整个换热网络的性能（核心意图）,意图边界与歧义性,相似意图区分,2028/4/2,0,0,0,,,,,,,,,,,,,,,,,,
optimization_ds.csv,28,optimization,换热网络及换热器性能评估流程,优化换热网络参数（非评估）,意图边界与歧义性,相似意图区分,2028/4/3,0,0,0,常减压装置换热网络优化改造流程,常减压装置换热网络优化改造流程,常减压装置换热网络优化改造流程,常减压装置换热网络优化改造流程,常减压装置换热网络优化改造流程,常减压装置换热网络优化改造流程,常减压装置换热网络优化改造流程,常减压装置换热网络优化改造流程,常减压装置换热网络优化改造流程,常减压装置换热网络优化改造流程,常减压装置换热网络优化改造流程,常减压装置换热网络优化改造流程,常减压装置换热网络优化改造流程,常减压装置换热网络优化改造流程,常减压装置换热网络优化改造流程,常减压装置换热网络优化改造流程,常减压装置换热网络优化改造流程,常减压装置换热网络优化改造流程
optimization_ds.csv,28,optimization,换热网络及换热器性能评估流程,改造换热网络（非评估）,意图边界与歧义性,相似意图区分,2028/4/4,0,0,0,常减压装置换热网络优化改造流程,常减压装置换热网络优化改造流程,常减压装置换热网络优化改造流程,常减压装置换热网络优化改造流程,常减压装置换热网络优化改造流程,常减压装置换热网络优化改造流程,常减压装置换热网络优化改造流程,常减压装置换热网络优化改造流程,常减压装置换热网络优化改造流程,常减压装置换热网络优化改造流程,常减压装置换热网络优化改造流程,常减压装置换热网络优化改造流程,常减压装置换热网络优化改造流程,常减压装置换热网络优化改造流程,常减压装置换热网络优化改造流程,常减压装置换热网络优化改造流程,常减压装置换热网络优化改造流程,常减压装置换热网络优化改造流程
optimization_ds.csv,28,optimization,换热网络及换热器性能评估流程,维护换热网络设备（非评估）,意图边界与歧义性,相似意图区分,2028/4/5,0,0,0,,,,,,,,,,,,,,,,,,
optimization_ds.csv,28,optimization,换热网络及换热器性能评估流程,运行数据表明能效下降，帮我评估整个换热网络的性能,干扰因素与鲁棒性,冗余信息叠加,2028/5/1,0,0,0,,,,,,,,,,,,,,,,,,
optimization_ds.csv,28,optimization,换热网络及换热器性能评估流程,装置长期运行未评估，帮我评估整个换热网络的性能,干扰因素与鲁棒性,冗余信息叠加,2028/5/2,0,0,0,换热网络与换热器综合性能评估流程,换热网络与换热器综合性能评估流程,换热网络与换热器综合性能评估流程,换热网络与换热器综合性能评估流程,换热网络与换热器综合性能评估流程,换热网络与换热器综合性能评估流程,换热网络与换热器综合性能评估流程,换热网络与换热器综合性能评估流程,换热网络与换热器综合性能评估流程,,,,,,,,,
optimization_ds.csv,28,optimization,换热网络及换热器性能评估流程,节能改造项目前期，帮我评估整个换热网络的性能,干扰因素与鲁棒性,冗余信息叠加,2028/5/3,0,0,0,,,,,,,,,,,,,,,,,,
optimization_ds.csv,28,optimization,换热网络及换热器性能评估流程,同类装置评估效果明显，帮我评估整个换热网络的性能,干扰因素与鲁棒性,冗余信息叠加,2028/5/4,0,0,0,,,,,,,,,,,,,,,,,,
optimization_ds.csv,28,optimization,换热网络及换热器性能评估流程,大修计划制定需要，帮我评估整个换热网络的性能,干扰因素与鲁棒性,冗余信息叠加,2028/5/5,0,0,0,,,,,,,,,,,,,,,,,,
optimization_ds.csv,28,optimization,换热网络及换热器性能评估流程,新装置投运前，帮我评估整个换热网络的性能,实际工况适配性,全工况场景,2028/6/1,0,0,0,,,,,,,,,,,,,,,,,,
optimization_ds.csv,28,optimization,换热网络及换热器性能评估流程,运行多年性能基准，帮我评估整个换热网络的性能,实际工况适配性,全工况场景,2028/6/2,0,0,0,换热网络与换热器综合性能评估流程,换热网络与换热器综合性能评估流程,换热网络与换热器综合性能评估流程,换热网络与换热器综合性能评估流程,换热网络与换热器综合性能评估流程,换热网络与换热器综合性能评估流程,换热网络与换热器综合性能评估流程,换热网络与换热器综合性能评估流程,换热网络与换热器综合性能评估流程,,,,,,,,,
optimization_ds.csv,28,optimization,换热网络及换热器性能评估流程,原料变化适应期，帮我评估整个换热网络的性能,实际工况适配性,全工况场景,2028/6/3,0,0,0,,,,,,,,,,,,,,,,,,
optimization_ds.csv,28,optimization,换热网络及换热器性能评估流程,产品方案调整后，帮我评估整个换热网络的性能,实际工况适配性,全工况场景,2028/6/4,0,0,0,换热网络与换热器综合性能评估流程,换热网络与换热器综合性能评估流程,换热网络与换热器综合性能评估流程,换热网络与换热器综合性能评估流程,换热网络与换热器综合性能评估流程,换热网络与换热器综合性能评估流程,换热网络与换热器综合性能评估流程,换热网络与换热器综合性能评估流程,换热网络与换热器综合性能评估流程,换热网络与换热器综合性能评估流程,换热网络与换热器综合性能评估流程,换热网络与换热器综合性能评估流程,换热网络与换热器综合性能评估流程,换热网络与换热器综合性能评估流程,换热网络与换热器综合性能评估流程,换热网络与换热器综合性能评估流程,换热网络与换热器综合性能评估流程,换热网络与换热器综合性能评估流程
optimization_ds.csv,28,optimization,换热网络及换热器性能评估流程,能效审计要求，帮我评估整个换热网络的性能,实际工况适配性,全工况场景,2028/6/5,0,0,0,,,,,,,,,,,,,,,,,,
optimization_ds.csv,29,optimization,换热器单体性能评估流程,帮我评估换热器的性能,场景与功能全覆盖,直接复用语料,2029/1/1,18,9,9,换热器单体性能评估流程,换热器单体性能评估流程,换热器单体性能评估流程,换热器单体性能评估流程,换热器单体性能评估流程,换热器单体性能评估流程,换热器单体性能评估流程,换热器单体性能评估流程,换热器单体性能评估流程,换热器单体性能评估流程,换热器单体性能评估流程,换热器单体性能评估流程,换热器单体性能评估流程,换热器单体性能评估流程,换热器单体性能评估流程,换热器单体性能评估流程,换热器单体性能评估流程,换热器单体性能评估流程
optimization_ds.csv,29,optimization,换热器单体性能评估流程,帮我评估换热器的性能,场景与功能全覆盖,直接复用语料,2029/1/2,18,9,9,换热器单体性能评估流程,换热器单体性能评估流程,换热器单体性能评估流程,换热器单体性能评估流程,换热器单体性能评估流程,换热器单体性能评估流程,换热器单体性能评估流程,换热器单体性能评估流程,换热器单体性能评估流程,换热器单体性能评估流程,换热器单体性能评估流程,换热器单体性能评估流程,换热器单体性能评估流程,换热器单体性能评估流程,换热器单体性能评估流程,换热器单体性能评估流程,换热器单体性能评估流程,换热器单体性能评估流程
optimization_ds.csv,29,optimization,换热器单体性能评估流程,帮我评估换热器的性能,场景与功能全覆盖,直接复用语料,2029/1/3,18,9,9,换热器单体性能评估流程,换热器单体性能评估流程,换热器单体性能评估流程,换热器单体性能评估流程,换热器单体性能评估流程,换热器单体性能评估流程,换热器单体性能评估流程,换热器单体性能评估流程,换热器单体性能评估流程,换热器单体性能评估流程,换热器单体性能评估流程,换热器单体性能评估流程,换热器单体性能评估流程,换热器单体性能评估流程,换热器单体性能评估流程,换热器单体性能评估流程,换热器单体性能评估流程,换热器单体性能评估流程
optimization_ds.csv,29,optimization,换热器单体性能评估流程,帮我评估换热器的性能,场景与功能全覆盖,直接复用语料,2029/1/4,18,9,9,换热器单体性能评估流程,换热器单体性能评估流程,换热器单体性能评估流程,换热器单体性能评估流程,换热器单体性能评估流程,换热器单体性能评估流程,换热器单体性能评估流程,换热器单体性能评估流程,换热器单体性能评估流程,换热器单体性能评估流程,换热器单体性能评估流程,换热器单体性能评估流程,换热器单体性能评估流程,换热器单体性能评估流程,换热器单体性能评估流程,换热器单体性能评估流程,换热器单体性能评估流程,换热器单体性能评估流程
optimization_ds.csv,29,optimization,换热器单体性能评估流程,帮我评估换热器的性能,场景与功能全覆盖,直接复用语料,2029/1/5,18,9,9,换热器单体性能评估流程,换热器单体性能评估流程,换热器单体性能评估流程,换热器单体性能评估流程,换热器单体性能评估流程,换热器单体性能评估流程,换热器单体性能评估流程,换热器单体性能评估流程,换热器单体性能评估流程,换热器单体性能评估流程,换热器单体性能评估流程,换热器单体性能评估流程,换热器单体性能评估流程,换热器单体性能评估流程,换热器单体性能评估流程,换热器单体性能评估流程,换热器单体性能评估流程,换热器单体性能评估流程
optimization_ds.csv,29,optimization,换热器单体性能评估流程,执行换热器单体性能评估流程,输入表述形态多样性,专业规范表述,2029/2/1,18,9,9,换热器单体性能评估流程,换热器单体性能评估流程,换热器单体性能评估流程,换热器单体性能评估流程,换热器单体性能评估流程,换热器单体性能评估流程,换热器单体性能评估流程,换热器单体性能评估流程,换热器单体性能评估流程,换热器单体性能评估流程,换热器单体性能评估流程,换热器单体性能评估流程,换热器单体性能评估流程,换热器单体性能评估流程,换热器单体性能评估流程,换热器单体性能评估流程,换热器单体性能评估流程,换热器单体性能评估流程
optimization_ds.csv,29,optimization,换热器单体性能评估流程,换热器单体设备性能全面评估,输入表述形态多样性,专业规范表述,2029/2/2,18,9,9,换热器单体性能评估流程,换热器单体性能评估流程,换热器单体性能评估流程,换热器单体性能评估流程,换热器单体性能评估流程,换热器单体性能评估流程,换热器单体性能评估流程,换热器单体性能评估流程,换热器单体性能评估流程,换热器单体性能评估流程,换热器单体性能评估流程,换热器单体性能评估流程,换热器单体性能评估流程,换热器单体性能评估流程,换热器单体性能评估流程,换热器单体性能评估流程,换热器单体性能评估流程,换热器单体性能评估流程
optimization_ds.csv,29,optimization,换热器单体性能评估流程,单个换热器性能评估与分析,输入表述形态多样性,专业规范表述,2029/2/3,18,9,9,换热器单体性能评估流程,换热器单体性能评估流程,换热器单体性能评估流程,换热器单体性能评估流程,换热器单体性能评估流程,换热器单体性能评估流程,换热器单体性能评估流程,换热器单体性能评估流程,换热器单体性能评估流程,换热器单体性能评估流程,换热器单体性能评估流程,换热器单体性能评估流程,换热器单体性能评估流程,换热器单体性能评估流程,换热器单体性能评估流程,换热器单体性能评估流程,换热器单体性能评估流程,换热器单体性能评估流程
optimization_ds.csv,29,optimization,换热器单体性能评估流程,换热器单体运行性能评估,输入表述形态多样性,专业规范表述,2029/2/4,18,9,9,换热器单体性能评估流程,换热器单体性能评估流程,换热器单体性能评估流程,换热器单体性能评估流程,换热器单体性能评估流程,换热器单体性能评估流程,换热器单体性能评估流程,换热器单体性能评估流程,换热器单体性能评估流程,换热器单体性能评估流程,换热器单体性能评估流程,换热器单体性能评估流程,换热器单体性能评估流程,换热器单体性能评估流程,换热器单体性能评估流程,换热器单体性能评估流程,换热器单体性能评估流程,换热器单体性能评估流程
optimization_ds.csv,29,optimization,换热器单体性能评估流程,换热器设备性能专项评估,输入表述形态多样性,专业规范表述,2029/2/5,18,9,9,换热器单体性能评估流程,换热器单体性能评估流程,换热器单体性能评估流程,换热器单体性能评估流程,换热器单体性能评估流程,换热器单体性能评估流程,换热器单体性能评估流程,换热器单体性能评估流程,换热器单体性能评估流程,换热器单体性能评估流程,换热器单体性能评估流程,换热器单体性能评估流程,换热器单体性能评估流程,换热器单体性能评估流程,换热器单体性能评估流程,换热器单体性能评估流程,换热器单体性能评估流程,换热器单体性能评估流程
optimization_ds.csv,29,optimization,换热器单体性能评估流程,评估换热器性能,输入表述形态多样性,口语化简化表述,2029/3/1,18,9,9,换热器单体性能评估流程,换热器单体性能评估流程,换热器单体性能评估流程,换热器单体性能评估流程,换热器单体性能评估流程,换热器单体性能评估流程,换热器单体性能评估流程,换热器单体性能评估流程,换热器单体性能评估流程,换热器单体性能评估流程,换热器单体性能评估流程,换热器单体性能评估流程,换热器单体性能评估流程,换热器单体性能评估流程,换热器单体性能评估流程,换热器单体性能评估流程,换热器单体性能评估流程,换热器单体性能评估流程
optimization_ds.csv,29,optimization,换热器单体性能评估流程,换热器性能评估一下,输入表述形态多样性,口语化简化表述,2029/3/2,18,9,9,换热器单体性能评估流程,换热器单体性能评估流程,换热器单体性能评估流程,换热器单体性能评估流程,换热器单体性能评估流程,换热器单体性能评估流程,换热器单体性能评估流程,换热器单体性能评估流程,换热器单体性能评估流程,换热器单体性能评估流程,换热器单体性能评估流程,换热器单体性能评估流程,换热器单体性能评估流程,换热器单体性能评估流程,换热器单体性能评估流程,换热器单体性能评估流程,换热器单体性能评估流程,换热器单体性能评估流程
optimization_ds.csv,29,optimization,换热器单体性能评估流程,单个换热器性能评估,输入表述形态多样性,口语化简化表述,2029/3/3,18,9,9,换热器单体性能评估流程,换热器单体性能评估流程,换热器单体性能评估流程,换热器单体性能评估流程,换热器单体性能评估流程,换热器单体性能评估流程,换热器单体性能评估流程,换热器单体性能评估流程,换热器单体性能评估流程,换热器单体性能评估流程,换热器单体性能评估流程,换热器单体性能评估流程,换热器单体性能评估流程,换热器单体性能评估流程,换热器单体性能评估流程,换热器单体性能评估流程,换热器单体性能评估流程,换热器单体性能评估流程
optimization_ds.csv,29,optimization,换热器单体性能评估流程,换热器设备性能看看,输入表述形态多样性,口语化简化表述,2029/3/4,18,9,9,换热器单体性能评估流程,换热器单体性能评估流程,换热器单体性能评估流程,换热器单体性能评估流程,换热器单体性能评估流程,换热器单体性能评估流程,换热器单体性能评估流程,换热器单体性能评估流程,换热器单体性能评估流程,换热器单体性能评估流程,换热器单体性能评估流程,换热器单体性能评估流程,换热器单体性能评估流程,换热器单体性能评估流程,换热器单体性能评估流程,换热器单体性能评估流程,换热器单体性能评估流程,换热器单体性能评估流程
optimization_ds.csv,29,optimization,换热器单体性能评估流程,评估换热器运行状况,输入表述形态多样性,口语化简化表述,2029/3/5,18,9,9,换热器单体性能评估流程,换热器单体性能评估流程,换热器单体性能评估流程,换热器单体性能评估流程,换热器单体性能评估流程,换热器单体性能评估流程,换热器单体性能评估流程,换热器单体性能评估流程,换热器单体性能评估流程,换热器单体性能评估流程,换热器单体性能评估流程,换热器单体性能评估流程,换热器单体性能评估流程,换热器单体性能评估流程,换热器单体性能评估流程,换热器单体性能评估流程,换热器单体性能评估流程,换热器单体性能评估流程
optimization_ds.csv,29,optimization,换热器单体性能评估流程,查询换热器参数（非性能评估）,意图边界与歧义性,相似意图区分,2029/4/1,18,9,9,换热器单体性能评估流程,换热器单体性能评估流程,换热器单体性能评估流程,换热器单体性能评估流程,换热器单体性能评估流程,换热器单体性能评估流程,换热器单体性能评估流程,换热器单体性能评估流程,换热器单体性能评估流程,换热器单体性能评估流程,换热器单体性能评估流程,换热器单体性能评估流程,换热器单体性能评估流程,换热器单体性能评估流程,换热器单体性能评估流程,换热器单体性能评估流程,换热器单体性能评估流程,换热器单体性能评估流程
optimization_ds.csv,29,optimization,换热器单体性能评估流程,帮我评估换热器的性能（核心意图）,意图边界与歧义性,相似意图区分,2029/4/2,18,9,9,换热器单体性能评估流程,换热器单体性能评估流程,换热器单体性能评估流程,换热器单体性能评估流程,换热器单体性能评估流程,换热器单体性能评估流程,换热器单体性能评估流程,换热器单体性能评估流程,换热器单体性能评估流程,换热器单体性能评估流程,换热器单体性能评估流程,换热器单体性能评估流程,换热器单体性能评估流程,换热器单体性能评估流程,换热器单体性能评估流程,换热器单体性能评估流程,换热器单体性能评估流程,换热器单体性能评估流程
optimization_ds.csv,29,optimization,换热器单体性能评估流程,优化换热器操作（非性能评估）,意图边界与歧义性,相似意图区分,2029/4/3,14,9,5,换热器单体性能评估流程,换热器单体性能评估流程,换热器单体性能评估流程,换热器单体性能评估流程,换热器单体性能评估流程,换热器单体性能评估流程,换热器单体性能评估流程,换热器单体性能评估流程,换热器单体性能评估流程,,,,换热器单体性能评估流程,换热器单体性能评估流程,换热器单体性能评估流程,换热器单体性能评估流程,,换热器单体性能评估流程
optimization_ds.csv,29,optimization,换热器单体性能评估流程,清洗换热器（非性能评估）,意图边界与歧义性,相似意图区分,2029/4/4,9,9,0,换热器单体性能评估流程,换热器单体性能评估流程,换热器单体性能评估流程,换热器单体性能评估流程,换热器单体性能评估流程,换热器单体性能评估流程,换热器单体性能评估流程,换热器单体性能评估流程,换热器单体性能评估流程,换热器改造流程（不改变网络结构）,换热器改造流程（不改变网络结构）,换热器改造流程（不改变网络结构）,换热器改造流程（不改变网络结构）,换热器改造流程（不改变网络结构）,换热器改造流程（不改变网络结构）,换热器改造流程（不改变网络结构）,换热器改造流程（不改变网络结构）,换热器改造流程（不改变网络结构）
optimization_ds.csv,29,optimization,换热器单体性能评估流程,更换换热器（非性能评估）,意图边界与歧义性,相似意图区分,2029/4/5,0,0,0,换热网络全局改造流程（最大收益目标）,换热网络全局改造流程（最大收益目标）,换热网络全局改造流程（最大收益目标）,换热网络全局改造流程（最大收益目标）,换热网络全局改造流程（最大收益目标）,换热网络全局改造流程（最大收益目标）,换热网络全局改造流程（最大收益目标）,换热网络全局改造流程（最大收益目标）,换热网络全局改造流程（最大收益目标）,,,,,,,,,
optimization_ds.csv,29,optimization,换热器单体性能评估流程,换热器运行数据异常，帮我评估换热器的性能,干扰因素与鲁棒性,冗余信息叠加,2029/5/1,18,9,9,换热器单体性能评估流程,换热器单体性能评估流程,换热器单体性能评估流程,换热器单体性能评估流程,换热器单体性能评估流程,换热器单体性能评估流程,换热器单体性能评估流程,换热器单体性能评估流程,换热器单体性能评估流程,换热器单体性能评估流程,换热器单体性能评估流程,换热器单体性能评估流程,换热器单体性能评估流程,换热器单体性能评估流程,换热器单体性能评估流程,换热器单体性能评估流程,换热器单体性能评估流程,换热器单体性能评估流程
optimization_ds.csv,29,optimization,换热器单体性能评估流程,装置能效分析需要，帮我评估换热器的性能,干扰因素与鲁棒性,冗余信息叠加,2029/5/2,9,0,9,换热网络与换热器综合性能评估流程,换热网络与换热器综合性能评估流程,换热网络与换热器综合性能评估流程,换热网络与换热器综合性能评估流程,换热网络与换热器综合性能评估流程,换热网络与换热器综合性能评估流程,换热网络与换热器综合性能评估流程,换热网络与换热器综合性能评估流程,换热网络与换热器综合性能评估流程,换热器单体性能评估流程,换热器单体性能评估流程,换热器单体性能评估流程,换热器单体性能评估流程,换热器单体性能评估流程,换热器单体性能评估流程,换热器单体性能评估流程,换热器单体性能评估流程,换热器单体性能评估流程
optimization_ds.csv,29,optimization,换热器单体性能评估流程,设备维护计划制定，帮我评估换热器的性能,干扰因素与鲁棒性,冗余信息叠加,2029/5/3,18,9,9,换热器单体性能评估流程,换热器单体性能评估流程,换热器单体性能评估流程,换热器单体性能评估流程,换热器单体性能评估流程,换热器单体性能评估流程,换热器单体性能评估流程,换热器单体性能评估流程,换热器单体性能评估流程,换热器单体性能评估流程,换热器单体性能评估流程,换热器单体性能评估流程,换热器单体性能评估流程,换热器单体性能评估流程,换热器单体性能评估流程,换热器单体性能评估流程,换热器单体性能评估流程,换热器单体性能评估流程
optimization_ds.csv,29,optimization,换热器单体性能评估流程,同类设备对比分析，帮我评估换热器的性能,干扰因素与鲁棒性,冗余信息叠加,2029/5/4,18,9,9,换热器单体性能评估流程,换热器单体性能评估流程,换热器单体性能评估流程,换热器单体性能评估流程,换热器单体性能评估流程,换热器单体性能评估流程,换热器单体性能评估流程,换热器单体性能评估流程,换热器单体性能评估流程,换热器单体性能评估流程,换热器单体性能评估流程,换热器单体性能评估流程,换热器单体性能评估流程,换热器单体性能评估流程,换热器单体性能评估流程,换热器单体性能评估流程,换热器单体性能评估流程,换热器单体性能评估流程
optimization_ds.csv,29,optimization,换热器单体性能评估流程,技术改造项目前期，帮我评估换热器的性能,干扰因素与鲁棒性,冗余信息叠加,2029/5/5,18,9,9,换热器单体性能评估流程,换热器单体性能评估流程,换热器单体性能评估流程,换热器单体性能评估流程,换热器单体性能评估流程,换热器单体性能评估流程,换热器单体性能评估流程,换热器单体性能评估流程,换热器单体性能评估流程,换热器单体性能评估流程,换热器单体性能评估流程,换热器单体性能评估流程,换热器单体性能评估流程,换热器单体性能评估流程,换热器单体性能评估流程,换热器单体性能评估流程,换热器单体性能评估流程,换热器单体性能评估流程
optimization_ds.csv,29,optimization,换热器单体性能评估流程,新换热器投运前，帮我评估换热器的性能,实际工况适配性,全工况场景,2029/6/1,18,9,9,换热器单体性能评估流程,换热器单体性能评估流程,换热器单体性能评估流程,换热器单体性能评估流程,换热器单体性能评估流程,换热器单体性能评估流程,换热器单体性能评估流程,换热器单体性能评估流程,换热器单体性能评估流程,换热器单体性能评估流程,换热器单体性能评估流程,换热器单体性能评估流程,换热器单体性能评估流程,换热器单体性能评估流程,换热器单体性能评估流程,换热器单体性能评估流程,换热器单体性能评估流程,换热器单体性能评估流程
optimization_ds.csv,29,optimization,换热器单体性能评估流程,运行多年基准建立，帮我评估换热器的性能,实际工况适配性,全工况场景,2029/6/2,18,9,9,换热器单体性能评估流程,换热器单体性能评估流程,换热器单体性能评估流程,换热器单体性能评估流程,换热器单体性能评估流程,换热器单体性能评估流程,换热器单体性能评估流程,换热器单体性能评估流程,换热器单体性能评估流程,换热器单体性能评估流程,换热器单体性能评估流程,换热器单体性能评估流程,换热器单体性能评估流程,换热器单体性能评估流程,换热器单体性能评估流程,换热器单体性能评估流程,换热器单体性能评估流程,换热器单体性能评估流程
optimization_ds.csv,29,optimization,换热器单体性能评估流程,工艺条件变化后，帮我评估换热器的性能,实际工况适配性,全工况场景,2029/6/3,18,9,9,换热器单体性能评估流程,换热器单体性能评估流程,换热器单体性能评估流程,换热器单体性能评估流程,换热器单体性能评估流程,换热器单体性能评估流程,换热器单体性能评估流程,换热器单体性能评估流程,换热器单体性能评估流程,换热器单体性能评估流程,换热器单体性能评估流程,换热器单体性能评估流程,换热器单体性能评估流程,换热器单体性能评估流程,换热器单体性能评估流程,换热器单体性能评估流程,换热器单体性能评估流程,换热器单体性能评估流程
optimization_ds.csv,29,optimization,换热器单体性能评估流程,设备故障修复后，帮我评估换热器的性能,实际工况适配性,全工况场景,2029/6/4,18,9,9,换热器单体性能评估流程,换热器单体性能评估流程,换热器单体性能评估流程,换热器单体性能评估流程,换热器单体性能评估流程,换热器单体性能评估流程,换热器单体性能评估流程,换热器单体性能评估流程,换热器单体性能评估流程,换热器单体性能评估流程,换热器单体性能评估流程,换热器单体性能评估流程,换热器单体性能评估流程,换热器单体性能评估流程,换热器单体性能评估流程,换热器单体性能评估流程,换热器单体性能评估流程,换热器单体性能评估流程
optimization_ds.csv,29,optimization,换热器单体性能评估流程,定期性能监测，帮我评估换热器的性能,实际工况适配性,全工况场景,2029/6/5,18,9,9,换热器单体性能评估流程,换热器单体性能评估流程,换热器单体性能评估流程,换热器单体性能评估流程,换热器单体性能评估流程,换热器单体性能评估流程,换热器单体性能评估流程,换热器单体性能评估流程,换热器单体性能评估流程,换热器单体性能评估流程,换热器单体性能评估流程,换热器单体性能评估流程,换热器单体性能评估流程,换热器单体性能评估流程,换热器单体性能评估流程,换热器单体性能评估流程,换热器单体性能评估流程,换热器单体性能评估流程
optimization_ds.csv,30,optimization,换热网络与换热器综合性能评估流程,帮我评估换热网络及换热器性能,场景与功能全覆盖,直接复用语料,2030/1/1,18,9,9,换热网络与换热器综合性能评估流程,换热网络与换热器综合性能评估流程,换热网络与换热器综合性能评估流程,换热网络与换热器综合性能评估流程,换热网络与换热器综合性能评估流程,换热网络与换热器综合性能评估流程,换热网络与换热器综合性能评估流程,换热网络与换热器综合性能评估流程,换热网络与换热器综合性能评估流程,换热网络与换热器综合性能评估流程,换热网络与换热器综合性能评估流程,换热网络与换热器综合性能评估流程,换热网络与换热器综合性能评估流程,换热网络与换热器综合性能评估流程,换热网络与换热器综合性能评估流程,换热网络与换热器综合性能评估流程,换热网络与换热器综合性能评估流程,换热网络与换热器综合性能评估流程
optimization_ds.csv,30,optimization,换热网络与换热器综合性能评估流程,帮我评估换热网络及换热器性能,场景与功能全覆盖,直接复用语料,2030/1/2,18,9,9,换热网络与换热器综合性能评估流程,换热网络与换热器综合性能评估流程,换热网络与换热器综合性能评估流程,换热网络与换热器综合性能评估流程,换热网络与换热器综合性能评估流程,换热网络与换热器综合性能评估流程,换热网络与换热器综合性能评估流程,换热网络与换热器综合性能评估流程,换热网络与换热器综合性能评估流程,换热网络与换热器综合性能评估流程,换热网络与换热器综合性能评估流程,换热网络与换热器综合性能评估流程,换热网络与换热器综合性能评估流程,换热网络与换热器综合性能评估流程,换热网络与换热器综合性能评估流程,换热网络与换热器综合性能评估流程,换热网络与换热器综合性能评估流程,换热网络与换热器综合性能评估流程
optimization_ds.csv,30,optimization,换热网络与换热器综合性能评估流程,帮我评估换热网络及换热器性能,场景与功能全覆盖,直接复用语料,2030/1/3,18,9,9,换热网络与换热器综合性能评估流程,换热网络与换热器综合性能评估流程,换热网络与换热器综合性能评估流程,换热网络与换热器综合性能评估流程,换热网络与换热器综合性能评估流程,换热网络与换热器综合性能评估流程,换热网络与换热器综合性能评估流程,换热网络与换热器综合性能评估流程,换热网络与换热器综合性能评估流程,换热网络与换热器综合性能评估流程,换热网络与换热器综合性能评估流程,换热网络与换热器综合性能评估流程,换热网络与换热器综合性能评估流程,换热网络与换热器综合性能评估流程,换热网络与换热器综合性能评估流程,换热网络与换热器综合性能评估流程,换热网络与换热器综合性能评估流程,换热网络与换热器综合性能评估流程
optimization_ds.csv,30,optimization,换热网络与换热器综合性能评估流程,帮我评估换热网络及换热器性能,场景与功能全覆盖,直接复用语料,2030/1/4,18,9,9,换热网络与换热器综合性能评估流程,换热网络与换热器综合性能评估流程,换热网络与换热器综合性能评估流程,换热网络与换热器综合性能评估流程,换热网络与换热器综合性能评估流程,换热网络与换热器综合性能评估流程,换热网络与换热器综合性能评估流程,换热网络与换热器综合性能评估流程,换热网络与换热器综合性能评估流程,换热网络与换热器综合性能评估流程,换热网络与换热器综合性能评估流程,换热网络与换热器综合性能评估流程,换热网络与换热器综合性能评估流程,换热网络与换热器综合性能评估流程,换热网络与换热器综合性能评估流程,换热网络与换热器综合性能评估流程,换热网络与换热器综合性能评估流程,换热网络与换热器综合性能评估流程
optimization_ds.csv,30,optimization,换热网络与换热器综合性能评估流程,帮我评估换热网络及换热器性能,场景与功能全覆盖,直接复用语料,2030/1/5,18,9,9,换热网络与换热器综合性能评估流程,换热网络与换热器综合性能评估流程,换热网络与换热器综合性能评估流程,换热网络与换热器综合性能评估流程,换热网络与换热器综合性能评估流程,换热网络与换热器综合性能评估流程,换热网络与换热器综合性能评估流程,换热网络与换热器综合性能评估流程,换热网络与换热器综合性能评估流程,换热网络与换热器综合性能评估流程,换热网络与换热器综合性能评估流程,换热网络与换热器综合性能评估流程,换热网络与换热器综合性能评估流程,换热网络与换热器综合性能评估流程,换热网络与换热器综合性能评估流程,换热网络与换热器综合性能评估流程,换热网络与换热器综合性能评估流程,换热网络与换热器综合性能评估流程
optimization_ds.csv,30,optimization,换热网络与换热器综合性能评估流程,执行换热网络与换热器综合性能评估,输入表述形态多样性,专业规范表述,2030/2/1,0,0,0,,,,,,,,,,,,,,,,,,
optimization_ds.csv,30,optimization,换热网络与换热器综合性能评估流程,换热网络及换热器一体化性能综合评估,输入表述形态多样性,专业规范表述,2030/2/2,9,9,0,换热网络与换热器综合性能评估流程,换热网络与换热器综合性能评估流程,换热网络与换热器综合性能评估流程,换热网络与换热器综合性能评估流程,换热网络与换热器综合性能评估流程,换热网络与换热器综合性能评估流程,换热网络与换热器综合性能评估流程,换热网络与换热器综合性能评估流程,换热网络与换热器综合性能评估流程,,,,,,,,,
optimization_ds.csv,30,optimization,换热网络与换热器综合性能评估流程,换热系统综合性能评估，网络与设备协同,输入表述形态多样性,专业规范表述,2030/2/3,0,0,0,,,,,,,,,,常减压装置高能耗原因分析流程,,,常减压装置高能耗原因分析流程,常减压装置高能耗原因分析流程,,常减压装置高能耗原因分析流程,,常减压装置高能耗原因分析流程
optimization_ds.csv,30,optimization,换热网络与换热器综合性能评估流程,换热网络与换热器性能全面综合评估,输入表述形态多样性,专业规范表述,2030/2/4,18,9,9,换热网络与换热器综合性能评估流程,换热网络与换热器综合性能评估流程,换热网络与换热器综合性能评估流程,换热网络与换热器综合性能评估流程,换热网络与换热器综合性能评估流程,换热网络与换热器综合性能评估流程,换热网络与换热器综合性能评估流程,换热网络与换热器综合性能评估流程,换热网络与换热器综合性能评估流程,换热网络与换热器综合性能评估流程,换热网络与换热器综合性能评估流程,换热网络与换热器综合性能评估流程,换热网络与换热器综合性能评估流程,换热网络与换热器综合性能评估流程,换热网络与换热器综合性能评估流程,换热网络与换热器综合性能评估流程,换热网络与换热器综合性能评估流程,换热网络与换热器综合性能评估流程
optimization_ds.csv,30,optimization,换热网络与换热器综合性能评估流程,换热系统整体性能评估与分析,输入表述形态多样性,专业规范表述,2030/2/5,0,0,0,,,,,,,,,,,,,,,,,,
optimization_ds.csv,30,optimization,换热网络与换热器综合性能评估流程,评估换热网络和换热器综合性能,输入表述形态多样性,口语化简化表述,2030/3/1,18,9,9,换热网络与换热器综合性能评估流程,换热网络与换热器综合性能评估流程,换热网络与换热器综合性能评估流程,换热网络与换热器综合性能评估流程,换热网络与换热器综合性能评估流程,换热网络与换热器综合性能评估流程,换热网络与换热器综合性能评估流程,换热网络与换热器综合性能评估流程,换热网络与换热器综合性能评估流程,换热网络与换热器综合性能评估流程,换热网络与换热器综合性能评估流程,换热网络与换热器综合性能评估流程,换热网络与换热器综合性能评估流程,换热网络与换热器综合性能评估流程,换热网络与换热器综合性能评估流程,换热网络与换热器综合性能评估流程,换热网络与换热器综合性能评估流程,换热网络与换热器综合性能评估流程
optimization_ds.csv,30,optimization,换热网络与换热器综合性能评估流程,换热网络换热器一起评估性能,输入表述形态多样性,口语化简化表述,2030/3/2,18,9,9,换热网络与换热器综合性能评估流程,换热网络与换热器综合性能评估流程,换热网络与换热器综合性能评估流程,换热网络与换热器综合性能评估流程,换热网络与换热器综合性能评估流程,换热网络与换热器综合性能评估流程,换热网络与换热器综合性能评估流程,换热网络与换热器综合性能评估流程,换热网络与换热器综合性能评估流程,换热网络与换热器综合性能评估流程,换热网络与换热器综合性能评估流程,换热网络与换热器综合性能评估流程,换热网络与换热器综合性能评估流程,换热网络与换热器综合性能评估流程,换热网络与换热器综合性能评估流程,换热网络与换热器综合性能评估流程,换热网络与换热器综合性能评估流程,换热网络与换热器综合性能评估流程
optimization_ds.csv,30,optimization,换热网络与换热器综合性能评估流程,换热系统整体性能评估,输入表述形态多样性,口语化简化表述,2030/3/3,9,9,0,换热网络与换热器综合性能评估流程,换热网络与换热器综合性能评估流程,换热网络与换热器综合性能评估流程,换热网络与换热器综合性能评估流程,换热网络与换热器综合性能评估流程,换热网络与换热器综合性能评估流程,换热网络与换热器综合性能评估流程,换热网络与换热器综合性能评估流程,换热网络与换热器综合性能评估流程,,,,,,,,,
optimization_ds.csv,30,optimization,换热网络与换热器综合性能评估流程,评估换热网络及换热器,输入表述形态多样性,口语化简化表述,2030/3/4,18,9,9,换热网络与换热器综合性能评估流程,换热网络与换热器综合性能评估流程,换热网络与换热器综合性能评估流程,换热网络与换热器综合性能评估流程,换热网络与换热器综合性能评估流程,换热网络与换热器综合性能评估流程,换热网络与换热器综合性能评估流程,换热网络与换热器综合性能评估流程,换热网络与换热器综合性能评估流程,换热网络与换热器综合性能评估流程,换热网络与换热器综合性能评估流程,换热网络与换热器综合性能评估流程,换热网络与换热器综合性能评估流程,换热网络与换热器综合性能评估流程,换热网络与换热器综合性能评估流程,换热网络与换热器综合性能评估流程,换热网络与换热器综合性能评估流程,换热网络与换热器综合性能评估流程
optimization_ds.csv,30,optimization,换热网络与换热器综合性能评估流程,换热系统性能全面看看,输入表述形态多样性,口语化简化表述,2030/3/5,0,0,0,,,,,,,,,,换热器单体性能评估流程,,,,换热器单体性能评估流程,换热器单体性能评估流程,换热器单体性能评估流程,,换热器单体性能评估流程
optimization_ds.csv,30,optimization,换热网络与换热器综合性能评估流程,查询换热网络历史数据（非综合评估）,意图边界与歧义性,相似意图区分,2030/4/1,0,0,0,,,,,,,,,,,,,,,,,,
optimization_ds.csv,30,optimization,换热网络与换热器综合性能评估流程,帮我评估换热网络及换热器性能（核心意图）,意图边界与歧义性,相似意图区分,2030/4/2,18,9,9,换热网络与换热器综合性能评估流程,换热网络与换热器综合性能评估流程,换热网络与换热器综合性能评估流程,换热网络与换热器综合性能评估流程,换热网络与换热器综合性能评估流程,换热网络与换热器综合性能评估流程,换热网络与换热器综合性能评估流程,换热网络与换热器综合性能评估流程,换热网络与换热器综合性能评估流程,换热网络与换热器综合性能评估流程,换热网络与换热器综合性能评估流程,换热网络与换热器综合性能评估流程,换热网络与换热器综合性能评估流程,换热网络与换热器综合性能评估流程,换热网络与换热器综合性能评估流程,换热网络与换热器综合性能评估流程,换热网络与换热器综合性能评估流程,换热网络与换热器综合性能评估流程
optimization_ds.csv,30,optimization,换热网络与换热器综合性能评估流程,优化换热网络参数（非综合评估）,意图边界与歧义性,相似意图区分,2030/4/3,0,0,0,,,,,,,,,,换热网络全局改造流程（最大收益目标）,换热网络全局改造流程（最大收益目标）,换热网络全局改造流程（最大收益目标）,换热网络全局改造流程（最大收益目标）,换热网络全局改造流程（最大收益目标）,换热网络全局改造流程（最大收益目标）,,换热网络全局改造流程（最大收益目标）,换热网络全局改造流程（最大收益目标）
optimization_ds.csv,30,optimization,换热网络与换热器综合性能评估流程,改造换热器设备（非综合评估）,意图边界与歧义性,相似意图区分,2030/4/4,0,0,0,,,,,,,,,,换热器改造流程（不改变网络结构）,换热器改造流程（不改变网络结构）,换热器改造流程（不改变网络结构）,换热器改造流程（不改变网络结构）,换热器改造流程（不改变网络结构）,换热器改造流程（不改变网络结构）,换热器改造流程（不改变网络结构）,换热器改造流程（不改变网络结构）,换热器改造流程（不改变网络结构）
optimization_ds.csv,30,optimization,换热网络与换热器综合性能评估流程,维护换热系统（非综合评估）,意图边界与歧义性,相似意图区分,2030/4/5,0,0,0,换热器性能评估与全局改造流程,换热器性能评估与全局改造流程,换热器性能评估与全局改造流程,换热器性能评估与全局改造流程,换热器性能评估与全局改造流程,换热器性能评估与全局改造流程,换热器性能评估与全局改造流程,换热器性能评估与全局改造流程,换热器性能评估与全局改造流程,换热器改造流程（不改变网络结构）,换热器改造流程（不改变网络结构）,换热器改造流程（不改变网络结构）,换热器改造流程（不改变网络结构）,换热器改造流程（不改变网络结构）,换热器改造流程（不改变网络结构）,换热器改造流程（不改变网络结构）,换热器改造流程（不改变网络结构）,换热器改造流程（不改变网络结构）
optimization_ds.csv,30,optimization,换热网络与换热器综合性能评估流程,能效分析项目需要，帮我评估换热网络及换热器性能,干扰因素与鲁棒性,冗余信息叠加,2030/5/1,18,9,9,换热网络与换热器综合性能评估流程,换热网络与换热器综合性能评估流程,换热网络与换热器综合性能评估流程,换热网络与换热器综合性能评估流程,换热网络与换热器综合性能评估流程,换热网络与换热器综合性能评估流程,换热网络与换热器综合性能评估流程,换热网络与换热器综合性能评估流程,换热网络与换热器综合性能评估流程,换热网络与换热器综合性能评估流程,换热网络与换热器综合性能评估流程,换热网络与换热器综合性能评估流程,换热网络与换热器综合性能评估流程,换热网络与换热器综合性能评估流程,换热网络与换热器综合性能评估流程,换热网络与换热器综合性能评估流程,换热网络与换热器综合性能评估流程,换热网络与换热器综合性能评估流程
optimization_ds.csv,30,optimization,换热网络与换热器综合性能评估流程,运行数据全面可用，帮我评估换热网络及换热器性能,干扰因素与鲁棒性,冗余信息叠加,2030/5/2,9,9,0,换热网络与换热器综合性能评估流程,换热网络与换热器综合性能评估流程,换热网络与换热器综合性能评估流程,换热网络与换热器综合性能评估流程,换热网络与换热器综合性能评估流程,换热网络与换热器综合性能评估流程,换热网络与换热器综合性能评估流程,换热网络与换热器综合性能评估流程,换热网络与换热器综合性能评估流程,,,,,,,,,
optimization_ds.csv,30,optimization,换热网络与换热器综合性能评估流程,节能改造规划前期，帮我评估换热网络及换热器性能,干扰因素与鲁棒性,冗余信息叠加,2030/5/3,18,9,9,换热网络与换热器综合性能评估流程,换热网络与换热器综合性能评估流程,换热网络与换热器综合性能评估流程,换热网络与换热器综合性能评估流程,换热网络与换热器综合性能评估流程,换热网络与换热器综合性能评估流程,换热网络与换热器综合性能评估流程,换热网络与换热器综合性能评估流程,换热网络与换热器综合性能评估流程,换热网络与换热器综合性能评估流程,换热网络与换热器综合性能评估流程,换热网络与换热器综合性能评估流程,换热网络与换热器综合性能评估流程,换热网络与换热器综合性能评估流程,换热网络与换热器综合性能评估流程,换热网络与换热器综合性能评估流程,换热网络与换热器综合性能评估流程,换热网络与换热器综合性能评估流程
optimization_ds.csv,30,optimization,换热网络与换热器综合性能评估流程,装置长期运行基准，帮我评估换热网络及换热器性能,干扰因素与鲁棒性,冗余信息叠加,2030/5/4,18,9,9,换热网络与换热器综合性能评估流程,换热网络与换热器综合性能评估流程,换热网络与换热器综合性能评估流程,换热网络与换热器综合性能评估流程,换热网络与换热器综合性能评估流程,换热网络与换热器综合性能评估流程,换热网络与换热器综合性能评估流程,换热网络与换热器综合性能评估流程,换热网络与换热器综合性能评估流程,换热网络与换热器综合性能评估流程,换热网络与换热器综合性能评估流程,换热网络与换热器综合性能评估流程,换热网络与换热器综合性能评估流程,换热网络与换热器综合性能评估流程,换热网络与换热器综合性能评估流程,换热网络与换热器综合性能评估流程,换热网络与换热器综合性能评估流程,换热网络与换热器综合性能评估流程
optimization_ds.csv,30,optimization,换热网络与换热器综合性能评估流程,设备管理优化需求，帮我评估换热网络及换热器性能,干扰因素与鲁棒性,冗余信息叠加,2030/5/5,18,9,9,换热网络与换热器综合性能评估流程,换热网络与换热器综合性能评估流程,换热网络与换热器综合性能评估流程,换热网络与换热器综合性能评估流程,换热网络与换热器综合性能评估流程,换热网络与换热器综合性能评估流程,换热网络与换热器综合性能评估流程,换热网络与换热器综合性能评估流程,换热网络与换热器综合性能评估流程,换热网络与换热器综合性能评估流程,换热网络与换热器综合性能评估流程,换热网络与换热器综合性能评估流程,换热网络与换热器综合性能评估流程,换热网络与换热器综合性能评估流程,换热网络与换热器综合性能评估流程,换热网络与换热器综合性能评估流程,换热网络与换热器综合性能评估流程,换热网络与换热器综合性能评估流程
optimization_ds.csv,30,optimization,换热网络与换热器综合性能评估流程,新装置性能验收，帮我评估换热网络及换热器性能,实际工况适配性,全工况场景,2030/6/1,18,9,9,换热网络与换热器综合性能评估流程,换热网络与换热器综合性能评估流程,换热网络与换热器综合性能评估流程,换热网络与换热器综合性能评估流程,换热网络与换热器综合性能评估流程,换热网络与换热器综合性能评估流程,换热网络与换热器综合性能评估流程,换热网络与换热器综合性能评估流程,换热网络与换热器综合性能评估流程,换热网络与换热器综合性能评估流程,换热网络与换热器综合性能评估流程,换热网络与换热器综合性能评估流程,换热网络与换热器综合性能评估流程,换热网络与换热器综合性能评估流程,换热网络与换热器综合性能评估流程,换热网络与换热器综合性能评估流程,换热网络与换热器综合性能评估流程,换热网络与换热器综合性能评估流程
optimization_ds.csv,30,optimization,换热网络与换热器综合性能评估流程,运行多年性能跟踪，帮我评估换热网络及换热器性能,实际工况适配性,全工况场景,2030/6/2,18,9,9,换热网络与换热器综合性能评估流程,换热网络与换热器综合性能评估流程,换热网络与换热器综合性能评估流程,换热网络与换热器综合性能评估流程,换热网络与换热器综合性能评估流程,换热网络与换热器综合性能评估流程,换热网络与换热器综合性能评估流程,换热网络与换热器综合性能评估流程,换热网络与换热器综合性能评估流程,换热网络与换热器综合性能评估流程,换热网络与换热器综合性能评估流程,换热网络与换热器综合性能评估流程,换热网络与换热器综合性能评估流程,换热网络与换热器综合性能评估流程,换热网络与换热器综合性能评估流程,换热网络与换热器综合性能评估流程,换热网络与换热器综合性能评估流程,换热网络与换热器综合性能评估流程
optimization_ds.csv,30,optimization,换热网络与换热器综合性能评估流程,工艺优化效果验证，帮我评估换热网络及换热器性能,实际工况适配性,全工况场景,2030/6/3,18,9,9,换热网络与换热器综合性能评估流程,换热网络与换热器综合性能评估流程,换热网络与换热器综合性能评估流程,换热网络与换热器综合性能评估流程,换热网络与换热器综合性能评估流程,换热网络与换热器综合性能评估流程,换热网络与换热器综合性能评估流程,换热网络与换热器综合性能评估流程,换热网络与换热器综合性能评估流程,换热网络与换热器综合性能评估流程,换热网络与换热器综合性能评估流程,换热网络与换热器综合性能评估流程,换热网络与换热器综合性能评估流程,换热网络与换热器综合性能评估流程,换热网络与换热器综合性能评估流程,换热网络与换热器综合性能评估流程,换热网络与换热器综合性能评估流程,换热网络与换热器综合性能评估流程
optimization_ds.csv,30,optimization,换热网络与换热器综合性能评估流程,设备更新后性能确认，帮我评估换热网络及换热器性能,实际工况适配性,全工况场景,2030/6/4,18,9,9,换热网络与换热器综合性能评估流程,换热网络与换热器综合性能评估流程,换热网络与换热器综合性能评估流程,换热网络与换热器综合性能评估流程,换热网络与换热器综合性能评估流程,换热网络与换热器综合性能评估流程,换热网络与换热器综合性能评估流程,换热网络与换热器综合性能评估流程,换热网络与换热器综合性能评估流程,换热网络与换热器综合性能评估流程,换热网络与换热器综合性能评估流程,换热网络与换热器综合性能评估流程,换热网络与换热器综合性能评估流程,换热网络与换热器综合性能评估流程,换热网络与换热器综合性能评估流程,换热网络与换热器综合性能评估流程,换热网络与换热器综合性能评估流程,换热网络与换热器综合性能评估流程
optimization_ds.csv,30,optimization,换热网络与换热器综合性能评估流程,能效提升项目评估，帮我评估换热网络及换热器性能,实际工况适配性,全工况场景,2030/6/5,18,9,9,换热网络与换热器综合性能评估流程,换热网络与换热器综合性能评估流程,换热网络与换热器综合性能评估流程,换热网络与换热器综合性能评估流程,换热网络与换热器综合性能评估流程,换热网络与换热器综合性能评估流程,换热网络与换热器综合性能评估流程,换热网络与换热器综合性能评估流程,换热网络与换热器综合性能评估流程,换热网络与换热器综合性能评估流程,换热网络与换热器综合性能评估流程,换热网络与换热器综合性能评估流程,换热网络与换热器综合性能评估流程,换热网络与换热器综合性能评估流程,换热网络与换热器综合性能评估流程,换热网络与换热器综合性能评估流程,换热网络与换热器综合性能评估流程,换热网络与换热器综合性能评估流程
optimization_ds.csv,31,optimization,换热器改造流程（不改变网络结构）,请帮我在不改变现有换热网络结构的前提下，进行改造,场景与功能全覆盖,直接复用语料,2031/1/1,18,9,9,换热器改造流程（不改变网络结构）,换热器改造流程（不改变网络结构）,换热器改造流程（不改变网络结构）,换热器改造流程（不改变网络结构）,换热器改造流程（不改变网络结构）,换热器改造流程（不改变网络结构）,换热器改造流程（不改变网络结构）,换热器改造流程（不改变网络结构）,换热器改造流程（不改变网络结构）,换热器改造流程（不改变网络结构）,换热器改造流程（不改变网络结构）,换热器改造流程（不改变网络结构）,换热器改造流程（不改变网络结构）,换热器改造流程（不改变网络结构）,换热器改造流程（不改变网络结构）,换热器改造流程（不改变网络结构）,换热器改造流程（不改变网络结构）,换热器改造流程（不改变网络结构）
optimization_ds.csv,31,optimization,换热器改造流程（不改变网络结构）,请帮我在不改变现有换热网络结构的前提下，进行改造，改造的目标是年度效益最大_运行费用最低,场景与功能全覆盖,直接复用语料,2031/1/2,0,0,0,,,,,,,,,,,,,,,,,,
optimization_ds.csv,31,optimization,换热器改造流程（不改变网络结构）,请帮我在不改变现有换热网络结构的前提下，进行改造,场景与功能全覆盖,直接复用语料,2031/1/3,18,9,9,换热器改造流程（不改变网络结构）,换热器改造流程（不改变网络结构）,换热器改造流程（不改变网络结构）,换热器改造流程（不改变网络结构）,换热器改造流程（不改变网络结构）,换热器改造流程（不改变网络结构）,换热器改造流程（不改变网络结构）,换热器改造流程（不改变网络结构）,换热器改造流程（不改变网络结构）,换热器改造流程（不改变网络结构）,换热器改造流程（不改变网络结构）,换热器改造流程（不改变网络结构）,换热器改造流程（不改变网络结构）,换热器改造流程（不改变网络结构）,换热器改造流程（不改变网络结构）,换热器改造流程（不改变网络结构）,换热器改造流程（不改变网络结构）,换热器改造流程（不改变网络结构）
optimization_ds.csv,31,optimization,换热器改造流程（不改变网络结构）,请帮我在不改变现有换热网络结构的前提下，进行改造，改造的目标是年度效益最大_运行费用最低,场景与功能全覆盖,直接复用语料,2031/1/4,0,0,0,,,,,,,,,,,,,,,,,,
optimization_ds.csv,31,optimization,换热器改造流程（不改变网络结构）,请帮我在不改变现有换热网络结构的前提下，进行改造,场景与功能全覆盖,直接复用语料,2031/1/5,18,9,9,换热器改造流程（不改变网络结构）,换热器改造流程（不改变网络结构）,换热器改造流程（不改变网络结构）,换热器改造流程（不改变网络结构）,换热器改造流程（不改变网络结构）,换热器改造流程（不改变网络结构）,换热器改造流程（不改变网络结构）,换热器改造流程（不改变网络结构）,换热器改造流程（不改变网络结构）,换热器改造流程（不改变网络结构）,换热器改造流程（不改变网络结构）,换热器改造流程（不改变网络结构）,换热器改造流程（不改变网络结构）,换热器改造流程（不改变网络结构）,换热器改造流程（不改变网络结构）,换热器改造流程（不改变网络结构）,换热器改造流程（不改变网络结构）,换热器改造流程（不改变网络结构）
optimization_ds.csv,31,optimization,换热器改造流程（不改变网络结构）,执行换热器改造流程，保持现有换热网络结构不变,输入表述形态多样性,专业规范表述,2031/2/1,18,9,9,换热器改造流程（不改变网络结构）,换热器改造流程（不改变网络结构）,换热器改造流程（不改变网络结构）,换热器改造流程（不改变网络结构）,换热器改造流程（不改变网络结构）,换热器改造流程（不改变网络结构）,换热器改造流程（不改变网络结构）,换热器改造流程（不改变网络结构）,换热器改造流程（不改变网络结构）,换热器改造流程（不改变网络结构）,换热器改造流程（不改变网络结构）,换热器改造流程（不改变网络结构）,换热器改造流程（不改变网络结构）,换热器改造流程（不改变网络结构）,换热器改造流程（不改变网络结构）,换热器改造流程（不改变网络结构）,换热器改造流程（不改变网络结构）,换热器改造流程（不改变网络结构）
optimization_ds.csv,31,optimization,换热器改造流程（不改变网络结构）,换热器改造方案设计，不改变换热网络拓扑结构,输入表述形态多样性,专业规范表述,2031/2/2,14,9,5,换热器改造流程（不改变网络结构）,换热器改造流程（不改变网络结构）,换热器改造流程（不改变网络结构）,换热器改造流程（不改变网络结构）,换热器改造流程（不改变网络结构）,换热器改造流程（不改变网络结构）,换热器改造流程（不改变网络结构）,换热器改造流程（不改变网络结构）,换热器改造流程（不改变网络结构）,,,,换热器改造流程（不改变网络结构）,换热器改造流程（不改变网络结构）,换热器改造流程（不改变网络结构）,换热器改造流程（不改变网络结构）,换热器改造流程（不改变网络结构）,
optimization_ds.csv,31,optimization,换热器改造流程（不改变网络结构）,在现有换热网络结构框架内进行换热器改造,输入表述形态多样性,专业规范表述,2031/2/3,18,9,9,换热器改造流程（不改变网络结构）,换热器改造流程（不改变网络结构）,换热器改造流程（不改变网络结构）,换热器改造流程（不改变网络结构）,换热器改造流程（不改变网络结构）,换热器改造流程（不改变网络结构）,换热器改造流程（不改变网络结构）,换热器改造流程（不改变网络结构）,换热器改造流程（不改变网络结构）,换热器改造流程（不改变网络结构）,换热器改造流程（不改变网络结构）,换热器改造流程（不改变网络结构）,换热器改造流程（不改变网络结构）,换热器改造流程（不改变网络结构）,换热器改造流程（不改变网络结构）,换热器改造流程（不改变网络结构）,换热器改造流程（不改变网络结构）,换热器改造流程（不改变网络结构）
optimization_ds.csv,31,optimization,换热器改造流程（不改变网络结构）,换热器改造优化，维持原换热网络结构,输入表述形态多样性,专业规范表述,2031/2/4,18,9,9,换热器改造流程（不改变网络结构）,换热器改造流程（不改变网络结构）,换热器改造流程（不改变网络结构）,换热器改造流程（不改变网络结构）,换热器改造流程（不改变网络结构）,换热器改造流程（不改变网络结构）,换热器改造流程（不改变网络结构）,换热器改造流程（不改变网络结构）,换热器改造流程（不改变网络结构）,换热器改造流程（不改变网络结构）,换热器改造流程（不改变网络结构）,换热器改造流程（不改变网络结构）,换热器改造流程（不改变网络结构）,换热器改造流程（不改变网络结构）,换热器改造流程（不改变网络结构）,换热器改造流程（不改变网络结构）,换热器改造流程（不改变网络结构）,换热器改造流程（不改变网络结构）
optimization_ds.csv,31,optimization,换热器改造流程（不改变网络结构）,不改变网络结构的换热器改造方案,输入表述形态多样性,专业规范表述,2031/2/5,18,9,9,换热器改造流程（不改变网络结构）,换热器改造流程（不改变网络结构）,换热器改造流程（不改变网络结构）,换热器改造流程（不改变网络结构）,换热器改造流程（不改变网络结构）,换热器改造流程（不改变网络结构）,换热器改造流程（不改变网络结构）,换热器改造流程（不改变网络结构）,换热器改造流程（不改变网络结构）,换热器改造流程（不改变网络结构）,换热器改造流程（不改变网络结构）,换热器改造流程（不改变网络结构）,换热器改造流程（不改变网络结构）,换热器改造流程（不改变网络结构）,换热器改造流程（不改变网络结构）,换热器改造流程（不改变网络结构）,换热器改造流程（不改变网络结构）,换热器改造流程（不改变网络结构）
optimization_ds.csv,31,optimization,换热器改造流程（不改变网络结构）,换热器改造，不改变网络结构,输入表述形态多样性,口语化简化表述,2031/3/1,18,9,9,换热器改造流程（不改变网络结构）,换热器改造流程（不改变网络结构）,换热器改造流程（不改变网络结构）,换热器改造流程（不改变网络结构）,换热器改造流程（不改变网络结构）,换热器改造流程（不改变网络结构）,换热器改造流程（不改变网络结构）,换热器改造流程（不改变网络结构）,换热器改造流程（不改变网络结构）,换热器改造流程（不改变网络结构）,换热器改造流程（不改变网络结构）,换热器改造流程（不改变网络结构）,换热器改造流程（不改变网络结构）,换热器改造流程（不改变网络结构）,换热器改造流程（不改变网络结构）,换热器改造流程（不改变网络结构）,换热器改造流程（不改变网络结构）,换热器改造流程（不改变网络结构）
optimization_ds.csv,31,optimization,换热器改造流程（不改变网络结构）,改造换热器，网络结构不变,输入表述形态多样性,口语化简化表述,2031/3/2,18,9,9,换热器改造流程（不改变网络结构）,换热器改造流程（不改变网络结构）,换热器改造流程（不改变网络结构）,换热器改造流程（不改变网络结构）,换热器改造流程（不改变网络结构）,换热器改造流程（不改变网络结构）,换热器改造流程（不改变网络结构）,换热器改造流程（不改变网络结构）,换热器改造流程（不改变网络结构）,换热器改造流程（不改变网络结构）,换热器改造流程（不改变网络结构）,换热器改造流程（不改变网络结构）,换热器改造流程（不改变网络结构）,换热器改造流程（不改变网络结构）,换热器改造流程（不改变网络结构）,换热器改造流程（不改变网络结构）,换热器改造流程（不改变网络结构）,换热器改造流程（不改变网络结构）
optimization_ds.csv,31,optimization,换热器改造流程（不改变网络结构）,换热器优化改造，保持原网络,输入表述形态多样性,口语化简化表述,2031/3/3,18,9,9,换热器改造流程（不改变网络结构）,换热器改造流程（不改变网络结构）,换热器改造流程（不改变网络结构）,换热器改造流程（不改变网络结构）,换热器改造流程（不改变网络结构）,换热器改造流程（不改变网络结构）,换热器改造流程（不改变网络结构）,换热器改造流程（不改变网络结构）,换热器改造流程（不改变网络结构）,换热器改造流程（不改变网络结构）,换热器改造流程（不改变网络结构）,换热器改造流程（不改变网络结构）,换热器改造流程（不改变网络结构）,换热器改造流程（不改变网络结构）,换热器改造流程（不改变网络结构）,换热器改造流程（不改变网络结构）,换热器改造流程（不改变网络结构）,换热器改造流程（不改变网络结构）
optimization_ds.csv,31,optimization,换热器改造流程（不改变网络结构）,不改变结构，只改造换热器,输入表述形态多样性,口语化简化表述,2031/3/4,18,9,9,换热器改造流程（不改变网络结构）,换热器改造流程（不改变网络结构）,换热器改造流程（不改变网络结构）,换热器改造流程（不改变网络结构）,换热器改造流程（不改变网络结构）,换热器改造流程（不改变网络结构）,换热器改造流程（不改变网络结构）,换热器改造流程（不改变网络结构）,换热器改造流程（不改变网络结构）,换热器改造流程（不改变网络结构）,换热器改造流程（不改变网络结构）,换热器改造流程（不改变网络结构）,换热器改造流程（不改变网络结构）,换热器改造流程（不改变网络结构）,换热器改造流程（不改变网络结构）,换热器改造流程（不改变网络结构）,换热器改造流程（不改变网络结构）,换热器改造流程（不改变网络结构）
optimization_ds.csv,31,optimization,换热器改造流程（不改变网络结构）,换热器改造，网络拓扑不变,输入表述形态多样性,口语化简化表述,2031/3/5,18,9,9,换热器改造流程（不改变网络结构）,换热器改造流程（不改变网络结构）,换热器改造流程（不改变网络结构）,换热器改造流程（不改变网络结构）,换热器改造流程（不改变网络结构）,换热器改造流程（不改变网络结构）,换热器改造流程（不改变网络结构）,换热器改造流程（不改变网络结构）,换热器改造流程（不改变网络结构）,换热器改造流程（不改变网络结构）,换热器改造流程（不改变网络结构）,换热器改造流程（不改变网络结构）,换热器改造流程（不改变网络结构）,换热器改造流程（不改变网络结构）,换热器改造流程（不改变网络结构）,换热器改造流程（不改变网络结构）,换热器改造流程（不改变网络结构）,换热器改造流程（不改变网络结构）
optimization_ds.csv,31,optimization,换热器改造流程（不改变网络结构）,查询换热器当前状态（非改造）,意图边界与歧义性,相似意图区分,2031/4/1,0,0,0,换热器单体性能评估流程,换热器单体性能评估流程,换热器单体性能评估流程,换热器单体性能评估流程,换热器单体性能评估流程,换热器单体性能评估流程,换热器单体性能评估流程,换热器单体性能评估流程,换热器单体性能评估流程,换热器单体性能评估流程,换热器单体性能评估流程,换热器单体性能评估流程,换热器单体性能评估流程,换热器单体性能评估流程,换热器单体性能评估流程,换热器单体性能评估流程,换热器单体性能评估流程,换热器单体性能评估流程
optimization_ds.csv,31,optimization,换热器改造流程（不改变网络结构）,请帮我在不改变现有换热网络结构的前提下，进行改造（核心意图）,意图边界与歧义性,相似意图区分,2031/4/2,18,9,9,换热器改造流程（不改变网络结构）,换热器改造流程（不改变网络结构）,换热器改造流程（不改变网络结构）,换热器改造流程（不改变网络结构）,换热器改造流程（不改变网络结构）,换热器改造流程（不改变网络结构）,换热器改造流程（不改变网络结构）,换热器改造流程（不改变网络结构）,换热器改造流程（不改变网络结构）,换热器改造流程（不改变网络结构）,换热器改造流程（不改变网络结构）,换热器改造流程（不改变网络结构）,换热器改造流程（不改变网络结构）,换热器改造流程（不改变网络结构）,换热器改造流程（不改变网络结构）,换热器改造流程（不改变网络结构）,换热器改造流程（不改变网络结构）,换热器改造流程（不改变网络结构）
optimization_ds.csv,31,optimization,换热器改造流程（不改变网络结构）,重新设计换热网络（非不改变结构改造）,意图边界与歧义性,相似意图区分,2031/4/3,18,9,9,换热器改造流程（不改变网络结构）,换热器改造流程（不改变网络结构）,换热器改造流程（不改变网络结构）,换热器改造流程（不改变网络结构）,换热器改造流程（不改变网络结构）,换热器改造流程（不改变网络结构）,换热器改造流程（不改变网络结构）,换热器改造流程（不改变网络结构）,换热器改造流程（不改变网络结构）,换热器改造流程（不改变网络结构）,换热器改造流程（不改变网络结构）,换热器改造流程（不改变网络结构）,换热器改造流程（不改变网络结构）,换热器改造流程（不改变网络结构）,换热器改造流程（不改变网络结构）,换热器改造流程（不改变网络结构）,换热器改造流程（不改变网络结构）,换热器改造流程（不改变网络结构）
optimization_ds.csv,31,optimization,换热器改造流程（不改变网络结构）,优化换热网络结构（非不改变结构改造）,意图边界与歧义性,相似意图区分,2031/4/4,18,9,9,换热器改造流程（不改变网络结构）,换热器改造流程（不改变网络结构）,换热器改造流程（不改变网络结构）,换热器改造流程（不改变网络结构）,换热器改造流程（不改变网络结构）,换热器改造流程（不改变网络结构）,换热器改造流程（不改变网络结构）,换热器改造流程（不改变网络结构）,换热器改造流程（不改变网络结构）,换热器改造流程（不改变网络结构）,换热器改造流程（不改变网络结构）,换热器改造流程（不改变网络结构）,换热器改造流程（不改变网络结构）,换热器改造流程（不改变网络结构）,换热器改造流程（不改变网络结构）,换热器改造流程（不改变网络结构）,换热器改造流程（不改变网络结构）,换热器改造流程（不改变网络结构）
optimization_ds.csv,31,optimization,换热器改造流程（不改变网络结构）,更换换热网络设备（非不改变结构改造）,意图边界与歧义性,相似意图区分,2031/4/5,9,9,0,换热器改造流程（不改变网络结构）,换热器改造流程（不改变网络结构）,换热器改造流程（不改变网络结构）,换热器改造流程（不改变网络结构）,换热器改造流程（不改变网络结构）,换热器改造流程（不改变网络结构）,换热器改造流程（不改变网络结构）,换热器改造流程（不改变网络结构）,换热器改造流程（不改变网络结构）,,,,,,,,,
optimization_ds.csv,31,optimization,换热器改造流程（不改变网络结构）,装置布局限制严格，请帮我在不改变现有换热网络结构的前提下，进行改造,干扰因素与鲁棒性,冗余信息叠加,2031/5/1,9,9,0,换热器改造流程（不改变网络结构）,换热器改造流程（不改变网络结构）,换热器改造流程（不改变网络结构）,换热器改造流程（不改变网络结构）,换热器改造流程（不改变网络结构）,换热器改造流程（不改变网络结构）,换热器改造流程（不改变网络结构）,换热器改造流程（不改变网络结构）,换热器改造流程（不改变网络结构）,,,,,,,,,
optimization_ds.csv,31,optimization,换热器改造流程（不改变网络结构）,投资预算有限，只能局部改造，请帮我在不改变现有换热网络结构的前提下，进行改造，改造的目标是年度效益最大_运行费用最低,干扰因素与鲁棒性,冗余信息叠加,2031/5/2,0,0,0,,,,,,,,,,,,,,,,,,
optimization_ds.csv,31,optimization,换热器改造流程（不改变网络结构）,施工周期紧张，请帮我在不改变现有换热网络结构的前提下，进行改造,干扰因素与鲁棒性,冗余信息叠加,2031/5/3,0,0,0,,,,,,,,,,,,,,,,,,
optimization_ds.csv,31,optimization,换热器改造流程（不改变网络结构）,管道布置复杂，请帮我在不改变现有换热网络结构的前提下，进行改造，改造的目标是年度效益最大_运行费用最低,干扰因素与鲁棒性,冗余信息叠加,2031/5/4,0,0,0,,,,,,,,,,,,,,,,,,
optimization_ds.csv,31,optimization,换热器改造流程（不改变网络结构）,工艺要求保持现有流程，请帮我在不改变现有换热网络结构的前提下，进行改造,干扰因素与鲁棒性,冗余信息叠加,2031/5/5,18,9,9,换热器改造流程（不改变网络结构）,换热器改造流程（不改变网络结构）,换热器改造流程（不改变网络结构）,换热器改造流程（不改变网络结构）,换热器改造流程（不改变网络结构）,换热器改造流程（不改变网络结构）,换热器改造流程（不改变网络结构）,换热器改造流程（不改变网络结构）,换热器改造流程（不改变网络结构）,换热器改造流程（不改变网络结构）,换热器改造流程（不改变网络结构）,换热器改造流程（不改变网络结构）,换热器改造流程（不改变网络结构）,换热器改造流程（不改变网络结构）,换热器改造流程（不改变网络结构）,换热器改造流程（不改变网络结构）,换热器改造流程（不改变网络结构）,换热器改造流程（不改变网络结构）
optimization_ds.csv,31,optimization,换热器改造流程（不改变网络结构）,装置小修期间，请帮我在不改变现有换热网络结构的前提下，进行改造,实际工况适配性,全工况场景,2031/6/1,9,9,0,换热器改造流程（不改变网络结构）,换热器改造流程（不改变网络结构）,换热器改造流程（不改变网络结构）,换热器改造流程（不改变网络结构）,换热器改造流程（不改变网络结构）,换热器改造流程（不改变网络结构）,换热器改造流程（不改变网络结构）,换热器改造流程（不改变网络结构）,换热器改造流程（不改变网络结构）,,,,,,,,,
optimization_ds.csv,31,optimization,换热器改造流程（不改变网络结构）,节能改造项目，请帮我在不改变现有换热网络结构的前提下，进行改造，改造的目标是年度效益最大_运行费用最低,实际工况适配性,全工况场景,2031/6/2,0,0,0,,,,,,,,,,,,,,,,,,
optimization_ds.csv,31,optimization,换热器改造流程（不改变网络结构）,设备更新需求，请帮我在不改变现有换热网络结构的前提下，进行改造,实际工况适配性,全工况场景,2031/6/3,16,9,7,换热器改造流程（不改变网络结构）,换热器改造流程（不改变网络结构）,换热器改造流程（不改变网络结构）,换热器改造流程（不改变网络结构）,换热器改造流程（不改变网络结构）,换热器改造流程（不改变网络结构）,换热器改造流程（不改变网络结构）,换热器改造流程（不改变网络结构）,换热器改造流程（不改变网络结构）,换热器改造流程（不改变网络结构）,,,换热器改造流程（不改变网络结构）,换热器改造流程（不改变网络结构）,换热器改造流程（不改变网络结构）,换热器改造流程（不改变网络结构）,换热器改造流程（不改变网络结构）,换热器改造流程（不改变网络结构）
optimization_ds.csv,31,optimization,换热器改造流程（不改变网络结构）,性能提升要求，请帮我在不改变现有换热网络结构的前提下，进行改造，改造的目标是年度效益最大_运行费用最低,实际工况适配性,全工况场景,2031/6/4,0,0,0,,,,,,,,,,,,,,,,,,
optimization_ds.csv,31,optimization,换热器改造流程（不改变网络结构）,运行优化期，请帮我在不改变现有换热网络结构的前提下，进行改造,实际工况适配性,全工况场景,2031/6/5,9,9,0,换热器改造流程（不改变网络结构）,换热器改造流程（不改变网络结构）,换热器改造流程（不改变网络结构）,换热器改造流程（不改变网络结构）,换热器改造流程（不改变网络结构）,换热器改造流程（不改变网络结构）,换热器改造流程（不改变网络结构）,换热器改造流程（不改变网络结构）,换热器改造流程（不改变网络结构）,,,,,,,,,
optimization_ds.csv,32,optimization,换热网络全局改造流程（最大收益目标）,请帮我对换热网络进行全局改造，目标是年度化改造收益最大,场景与功能全覆盖,直接复用语料,2032/1/1,18,9,9,换热网络全局改造流程（最大收益目标）,换热网络全局改造流程（最大收益目标）,换热网络全局改造流程（最大收益目标）,换热网络全局改造流程（最大收益目标）,换热网络全局改造流程（最大收益目标）,换热网络全局改造流程（最大收益目标）,换热网络全局改造流程（最大收益目标）,换热网络全局改造流程（最大收益目标）,换热网络全局改造流程（最大收益目标）,换热网络全局改造流程（最大收益目标）,换热网络全局改造流程（最大收益目标）,换热网络全局改造流程（最大收益目标）,换热网络全局改造流程（最大收益目标）,换热网络全局改造流程（最大收益目标）,换热网络全局改造流程（最大收益目标）,换热网络全局改造流程（最大收益目标）,换热网络全局改造流程（最大收益目标）,换热网络全局改造流程（最大收益目标）
optimization_ds.csv,32,optimization,换热网络全局改造流程（最大收益目标）,请帮我对换热网络进行全局改造，目标是年度化改造收益最大,场景与功能全覆盖,直接复用语料,2032/1/2,18,9,9,换热网络全局改造流程（最大收益目标）,换热网络全局改造流程（最大收益目标）,换热网络全局改造流程（最大收益目标）,换热网络全局改造流程（最大收益目标）,换热网络全局改造流程（最大收益目标）,换热网络全局改造流程（最大收益目标）,换热网络全局改造流程（最大收益目标）,换热网络全局改造流程（最大收益目标）,换热网络全局改造流程（最大收益目标）,换热网络全局改造流程（最大收益目标）,换热网络全局改造流程（最大收益目标）,换热网络全局改造流程（最大收益目标）,换热网络全局改造流程（最大收益目标）,换热网络全局改造流程（最大收益目标）,换热网络全局改造流程（最大收益目标）,换热网络全局改造流程（最大收益目标）,换热网络全局改造流程（最大收益目标）,换热网络全局改造流程（最大收益目标）
optimization_ds.csv,32,optimization,换热网络全局改造流程（最大收益目标）,请帮我对换热网络进行全局改造，目标是年度化改造收益最大,场景与功能全覆盖,直接复用语料,2032/1/3,18,9,9,换热网络全局改造流程（最大收益目标）,换热网络全局改造流程（最大收益目标）,换热网络全局改造流程（最大收益目标）,换热网络全局改造流程（最大收益目标）,换热网络全局改造流程（最大收益目标）,换热网络全局改造流程（最大收益目标）,换热网络全局改造流程（最大收益目标）,换热网络全局改造流程（最大收益目标）,换热网络全局改造流程（最大收益目标）,换热网络全局改造流程（最大收益目标）,换热网络全局改造流程（最大收益目标）,换热网络全局改造流程（最大收益目标）,换热网络全局改造流程（最大收益目标）,换热网络全局改造流程（最大收益目标）,换热网络全局改造流程（最大收益目标）,换热网络全局改造流程（最大收益目标）,换热网络全局改造流程（最大收益目标）,换热网络全局改造流程（最大收益目标）
optimization_ds.csv,32,optimization,换热网络全局改造流程（最大收益目标）,请帮我对换热网络进行全局改造，目标是年度化改造收益最大,场景与功能全覆盖,直接复用语料,2032/1/4,18,9,9,换热网络全局改造流程（最大收益目标）,换热网络全局改造流程（最大收益目标）,换热网络全局改造流程（最大收益目标）,换热网络全局改造流程（最大收益目标）,换热网络全局改造流程（最大收益目标）,换热网络全局改造流程（最大收益目标）,换热网络全局改造流程（最大收益目标）,换热网络全局改造流程（最大收益目标）,换热网络全局改造流程（最大收益目标）,换热网络全局改造流程（最大收益目标）,换热网络全局改造流程（最大收益目标）,换热网络全局改造流程（最大收益目标）,换热网络全局改造流程（最大收益目标）,换热网络全局改造流程（最大收益目标）,换热网络全局改造流程（最大收益目标）,换热网络全局改造流程（最大收益目标）,换热网络全局改造流程（最大收益目标）,换热网络全局改造流程（最大收益目标）
optimization_ds.csv,32,optimization,换热网络全局改造流程（最大收益目标）,请帮我对换热网络进行全局改造，目标是年度化改造收益最大,场景与功能全覆盖,直接复用语料,2032/1/5,18,9,9,换热网络全局改造流程（最大收益目标）,换热网络全局改造流程（最大收益目标）,换热网络全局改造流程（最大收益目标）,换热网络全局改造流程（最大收益目标）,换热网络全局改造流程（最大收益目标）,换热网络全局改造流程（最大收益目标）,换热网络全局改造流程（最大收益目标）,换热网络全局改造流程（最大收益目标）,换热网络全局改造流程（最大收益目标）,换热网络全局改造流程（最大收益目标）,换热网络全局改造流程（最大收益目标）,换热网络全局改造流程（最大收益目标）,换热网络全局改造流程（最大收益目标）,换热网络全局改造流程（最大收益目标）,换热网络全局改造流程（最大收益目标）,换热网络全局改造流程（最大收益目标）,换热网络全局改造流程（最大收益目标）,换热网络全局改造流程（最大收益目标）
optimization_ds.csv,32,optimization,换热网络全局改造流程（最大收益目标）,执行换热网络全局改造，目标年度化改造收益最大化,输入表述形态多样性,专业规范表述,2032/2/1,18,9,9,换热网络全局改造流程（最大收益目标）,换热网络全局改造流程（最大收益目标）,换热网络全局改造流程（最大收益目标）,换热网络全局改造流程（最大收益目标）,换热网络全局改造流程（最大收益目标）,换热网络全局改造流程（最大收益目标）,换热网络全局改造流程（最大收益目标）,换热网络全局改造流程（最大收益目标）,换热网络全局改造流程（最大收益目标）,换热网络全局改造流程（最大收益目标）,换热网络全局改造流程（最大收益目标）,换热网络全局改造流程（最大收益目标）,换热网络全局改造流程（最大收益目标）,换热网络全局改造流程（最大收益目标）,换热网络全局改造流程（最大收益目标）,换热网络全局改造流程（最大收益目标）,换热网络全局改造流程（最大收益目标）,换热网络全局改造流程（最大收益目标）
optimization_ds.csv,32,optimization,换热网络全局改造流程（最大收益目标）,换热网络全局改造方案设计，追求年度收益最大,输入表述形态多样性,专业规范表述,2032/2/2,18,9,9,换热网络全局改造流程（最大收益目标）,换热网络全局改造流程（最大收益目标）,换热网络全局改造流程（最大收益目标）,换热网络全局改造流程（最大收益目标）,换热网络全局改造流程（最大收益目标）,换热网络全局改造流程（最大收益目标）,换热网络全局改造流程（最大收益目标）,换热网络全局改造流程（最大收益目标）,换热网络全局改造流程（最大收益目标）,换热网络全局改造流程（最大收益目标）,换热网络全局改造流程（最大收益目标）,换热网络全局改造流程（最大收益目标）,换热网络全局改造流程（最大收益目标）,换热网络全局改造流程（最大收益目标）,换热网络全局改造流程（最大收益目标）,换热网络全局改造流程（最大收益目标）,换热网络全局改造流程（最大收益目标）,换热网络全局改造流程（最大收益目标）
optimization_ds.csv,32,optimization,换热网络全局改造流程（最大收益目标）,全局改造换热网络，优化目标为年度化收益最大,输入表述形态多样性,专业规范表述,2032/2/3,18,9,9,换热网络全局改造流程（最大收益目标）,换热网络全局改造流程（最大收益目标）,换热网络全局改造流程（最大收益目标）,换热网络全局改造流程（最大收益目标）,换热网络全局改造流程（最大收益目标）,换热网络全局改造流程（最大收益目标）,换热网络全局改造流程（最大收益目标）,换热网络全局改造流程（最大收益目标）,换热网络全局改造流程（最大收益目标）,换热网络全局改造流程（最大收益目标）,换热网络全局改造流程（最大收益目标）,换热网络全局改造流程（最大收益目标）,换热网络全局改造流程（最大收益目标）,换热网络全局改造流程（最大收益目标）,换热网络全局改造流程（最大收益目标）,换热网络全局改造流程（最大收益目标）,换热网络全局改造流程（最大收益目标）,换热网络全局改造流程（最大收益目标）
optimization_ds.csv,32,optimization,换热网络全局改造流程（最大收益目标）,换热网络全面改造，以年度收益最大为导向,输入表述形态多样性,专业规范表述,2032/2/4,18,9,9,换热网络全局改造流程（最大收益目标）,换热网络全局改造流程（最大收益目标）,换热网络全局改造流程（最大收益目标）,换热网络全局改造流程（最大收益目标）,换热网络全局改造流程（最大收益目标）,换热网络全局改造流程（最大收益目标）,换热网络全局改造流程（最大收益目标）,换热网络全局改造流程（最大收益目标）,换热网络全局改造流程（最大收益目标）,换热网络全局改造流程（最大收益目标）,换热网络全局改造流程（最大收益目标）,换热网络全局改造流程（最大收益目标）,换热网络全局改造流程（最大收益目标）,换热网络全局改造流程（最大收益目标）,换热网络全局改造流程（最大收益目标）,换热网络全局改造流程（最大收益目标）,换热网络全局改造流程（最大收益目标）,换热网络全局改造流程（最大收益目标）
optimization_ds.csv,32,optimization,换热网络全局改造流程（最大收益目标）,年度收益最大化的换热网络全局改造,输入表述形态多样性,专业规范表述,2032/2/5,18,9,9,换热网络全局改造流程（最大收益目标）,换热网络全局改造流程（最大收益目标）,换热网络全局改造流程（最大收益目标）,换热网络全局改造流程（最大收益目标）,换热网络全局改造流程（最大收益目标）,换热网络全局改造流程（最大收益目标）,换热网络全局改造流程（最大收益目标）,换热网络全局改造流程（最大收益目标）,换热网络全局改造流程（最大收益目标）,换热网络全局改造流程（最大收益目标）,换热网络全局改造流程（最大收益目标）,换热网络全局改造流程（最大收益目标）,换热网络全局改造流程（最大收益目标）,换热网络全局改造流程（最大收益目标）,换热网络全局改造流程（最大收益目标）,换热网络全局改造流程（最大收益目标）,换热网络全局改造流程（最大收益目标）,换热网络全局改造流程（最大收益目标）
optimization_ds.csv,32,optimization,换热网络全局改造流程（最大收益目标）,换热网络全局改造，要年度收益最大,输入表述形态多样性,口语化简化表述,2032/3/1,18,9,9,换热网络全局改造流程（最大收益目标）,换热网络全局改造流程（最大收益目标）,换热网络全局改造流程（最大收益目标）,换热网络全局改造流程（最大收益目标）,换热网络全局改造流程（最大收益目标）,换热网络全局改造流程（最大收益目标）,换热网络全局改造流程（最大收益目标）,换热网络全局改造流程（最大收益目标）,换热网络全局改造流程（最大收益目标）,换热网络全局改造流程（最大收益目标）,换热网络全局改造流程（最大收益目标）,换热网络全局改造流程（最大收益目标）,换热网络全局改造流程（最大收益目标）,换热网络全局改造流程（最大收益目标）,换热网络全局改造流程（最大收益目标）,换热网络全局改造流程（最大收益目标）,换热网络全局改造流程（最大收益目标）,换热网络全局改造流程（最大收益目标）
optimization_ds.csv,32,optimization,换热网络全局改造流程（最大收益目标）,全局改造换热网络，收益最大化,输入表述形态多样性,口语化简化表述,2032/3/2,9,0,9,常减压装置换热网络优化改造流程,常减压装置换热网络优化改造流程,常减压装置换热网络优化改造流程,常减压装置换热网络优化改造流程,常减压装置换热网络优化改造流程,常减压装置换热网络优化改造流程,常减压装置换热网络优化改造流程,常减压装置换热网络优化改造流程,常减压装置换热网络优化改造流程,换热网络全局改造流程（最大收益目标）,换热网络全局改造流程（最大收益目标）,换热网络全局改造流程（最大收益目标）,换热网络全局改造流程（最大收益目标）,换热网络全局改造流程（最大收益目标）,换热网络全局改造流程（最大收益目标）,换热网络全局改造流程（最大收益目标）,换热网络全局改造流程（最大收益目标）,换热网络全局改造流程（最大收益目标）
optimization_ds.csv,32,optimization,换热网络全局改造流程（最大收益目标）,换热网络改造，年度收益最大为目标,输入表述形态多样性,口语化简化表述,2032/3/3,0,0,0,换热网络改造流程（最低运行费用目标）,换热网络改造流程（最低运行费用目标）,换热网络改造流程（最低运行费用目标）,换热网络改造流程（最低运行费用目标）,换热网络改造流程（最低运行费用目标）,换热网络改造流程（最低运行费用目标）,换热网络改造流程（最低运行费用目标）,换热网络改造流程（最低运行费用目标）,换热网络改造流程（最低运行费用目标）,换热网络改造流程（最低运行费用目标）,换热网络改造流程（最低运行费用目标）,换热网络改造流程（最低运行费用目标）,换热网络改造流程（最低运行费用目标）,换热网络改造流程（最低运行费用目标）,换热网络改造流程（最低运行费用目标）,换热网络改造流程（最低运行费用目标）,换热网络改造流程（最低运行费用目标）,换热网络改造流程（最低运行费用目标）
optimization_ds.csv,32,optimization,换热网络全局改造流程（最大收益目标）,全局改造，收益最大,输入表述形态多样性,口语化简化表述,2032/3/4,18,9,9,换热网络全局改造流程（最大收益目标）,换热网络全局改造流程（最大收益目标）,换热网络全局改造流程（最大收益目标）,换热网络全局改造流程（最大收益目标）,换热网络全局改造流程（最大收益目标）,换热网络全局改造流程（最大收益目标）,换热网络全局改造流程（最大收益目标）,换热网络全局改造流程（最大收益目标）,换热网络全局改造流程（最大收益目标）,换热网络全局改造流程（最大收益目标）,换热网络全局改造流程（最大收益目标）,换热网络全局改造流程（最大收益目标）,换热网络全局改造流程（最大收益目标）,换热网络全局改造流程（最大收益目标）,换热网络全局改造流程（最大收益目标）,换热网络全局改造流程（最大收益目标）,换热网络全局改造流程（最大收益目标）,换热网络全局改造流程（最大收益目标）
optimization_ds.csv,32,optimization,换热网络全局改造流程（最大收益目标）,换热网络全面改造，要最大收益,输入表述形态多样性,口语化简化表述,2032/3/5,0,0,0,换热网络重新设计流程（含限制条件）,换热网络重新设计流程（含限制条件）,换热网络重新设计流程（含限制条件）,换热网络重新设计流程（含限制条件）,换热网络重新设计流程（含限制条件）,换热网络重新设计流程（含限制条件）,换热网络重新设计流程（含限制条件）,换热网络重新设计流程（含限制条件）,换热网络重新设计流程（含限制条件）,换热网络重新设计流程（含限制条件）,换热网络重新设计流程（含限制条件）,换热网络重新设计流程（含限制条件）,换热网络重新设计流程（含限制条件）,换热网络重新设计流程（含限制条件）,换热网络重新设计流程（含限制条件）,换热网络重新设计流程（含限制条件）,换热网络重新设计流程（含限制条件）,换热网络重新设计流程（含限制条件）
optimization_ds.csv,32,optimization,换热网络全局改造流程（最大收益目标）,查询换热网络当前收益（非全局改造）,意图边界与歧义性,相似意图区分,2032/4/1,0,0,0,换热器改造流程（不改变网络结构）,换热器改造流程（不改变网络结构）,换热器改造流程（不改变网络结构）,换热器改造流程（不改变网络结构）,换热器改造流程（不改变网络结构）,换热器改造流程（不改变网络结构）,换热器改造流程（不改变网络结构）,换热器改造流程（不改变网络结构）,换热器改造流程（不改变网络结构）,换热器改造流程（不改变网络结构）,换热器改造流程（不改变网络结构）,换热器改造流程（不改变网络结构）,换热器改造流程（不改变网络结构）,换热器改造流程（不改变网络结构）,换热器改造流程（不改变网络结构）,换热器改造流程（不改变网络结构）,换热器改造流程（不改变网络结构）,换热器改造流程（不改变网络结构）
optimization_ds.csv,32,optimization,换热网络全局改造流程（最大收益目标）,请帮我对换热网络进行全局改造，目标是年度化改造收益最大（核心意图）,意图边界与歧义性,相似意图区分,2032/4/2,18,9,9,换热网络全局改造流程（最大收益目标）,换热网络全局改造流程（最大收益目标）,换热网络全局改造流程（最大收益目标）,换热网络全局改造流程（最大收益目标）,换热网络全局改造流程（最大收益目标）,换热网络全局改造流程（最大收益目标）,换热网络全局改造流程（最大收益目标）,换热网络全局改造流程（最大收益目标）,换热网络全局改造流程（最大收益目标）,换热网络全局改造流程（最大收益目标）,换热网络全局改造流程（最大收益目标）,换热网络全局改造流程（最大收益目标）,换热网络全局改造流程（最大收益目标）,换热网络全局改造流程（最大收益目标）,换热网络全局改造流程（最大收益目标）,换热网络全局改造流程（最大收益目标）,换热网络全局改造流程（最大收益目标）,换热网络全局改造流程（最大收益目标）
optimization_ds.csv,32,optimization,换热网络全局改造流程（最大收益目标）,优化换热网络参数（非全局改造）,意图边界与歧义性,相似意图区分,2032/4/3,0,0,0,,,,,,,,,,换热器改造流程（不改变网络结构）,换热器改造流程（不改变网络结构）,换热器改造流程（不改变网络结构）,换热器改造流程（不改变网络结构）,换热器改造流程（不改变网络结构）,换热器改造流程（不改变网络结构）,换热器改造流程（不改变网络结构）,换热器改造流程（不改变网络结构）,换热器改造流程（不改变网络结构）
optimization_ds.csv,32,optimization,换热网络全局改造流程（最大收益目标）,维护换热网络设备（非全局改造）,意图边界与歧义性,相似意图区分,2032/4/4,0,0,0,换热器改造流程（不改变网络结构）,换热器改造流程（不改变网络结构）,换热器改造流程（不改变网络结构）,换热器改造流程（不改变网络结构）,换热器改造流程（不改变网络结构）,换热器改造流程（不改变网络结构）,换热器改造流程（不改变网络结构）,换热器改造流程（不改变网络结构）,换热器改造流程（不改变网络结构）,,,,,,,,,
optimization_ds.csv,32,optimization,换热网络全局改造流程（最大收益目标）,局部改造换热网络（非全局改造）,意图边界与歧义性,相似意图区分,2032/4/5,0,0,0,,,,,,,,,,,换热器改造流程（不改变网络结构）,换热器改造流程（不改变网络结构）,,换热器改造流程（不改变网络结构）,,,,换热器改造流程（不改变网络结构）
optimization_ds.csv,32,optimization,换热网络全局改造流程（最大收益目标）,投资回报率要求高，请帮我对换热网络进行全局改造，目标是年度化改造收益最大,干扰因素与鲁棒性,冗余信息叠加,2032/5/1,18,9,9,换热网络全局改造流程（最大收益目标）,换热网络全局改造流程（最大收益目标）,换热网络全局改造流程（最大收益目标）,换热网络全局改造流程（最大收益目标）,换热网络全局改造流程（最大收益目标）,换热网络全局改造流程（最大收益目标）,换热网络全局改造流程（最大收益目标）,换热网络全局改造流程（最大收益目标）,换热网络全局改造流程（最大收益目标）,换热网络全局改造流程（最大收益目标）,换热网络全局改造流程（最大收益目标）,换热网络全局改造流程（最大收益目标）,换热网络全局改造流程（最大收益目标）,换热网络全局改造流程（最大收益目标）,换热网络全局改造流程（最大收益目标）,换热网络全局改造流程（最大收益目标）,换热网络全局改造流程（最大收益目标）,换热网络全局改造流程（最大收益目标）
optimization_ds.csv,32,optimization,换热网络全局改造流程（最大收益目标）,经济效益考核严格，请帮我对换热网络进行全局改造，目标是年度化改造收益最大,干扰因素与鲁棒性,冗余信息叠加,2032/5/2,18,9,9,换热网络全局改造流程（最大收益目标）,换热网络全局改造流程（最大收益目标）,换热网络全局改造流程（最大收益目标）,换热网络全局改造流程（最大收益目标）,换热网络全局改造流程（最大收益目标）,换热网络全局改造流程（最大收益目标）,换热网络全局改造流程（最大收益目标）,换热网络全局改造流程（最大收益目标）,换热网络全局改造流程（最大收益目标）,换热网络全局改造流程（最大收益目标）,换热网络全局改造流程（最大收益目标）,换热网络全局改造流程（最大收益目标）,换热网络全局改造流程（最大收益目标）,换热网络全局改造流程（最大收益目标）,换热网络全局改造流程（最大收益目标）,换热网络全局改造流程（最大收益目标）,换热网络全局改造流程（最大收益目标）,换热网络全局改造流程（最大收益目标）
optimization_ds.csv,32,optimization,换热网络全局改造流程（最大收益目标）,项目资金已到位，请帮我对换热网络进行全局改造，目标是年度化改造收益最大,干扰因素与鲁棒性,冗余信息叠加,2032/5/3,18,9,9,换热网络全局改造流程（最大收益目标）,换热网络全局改造流程（最大收益目标）,换热网络全局改造流程（最大收益目标）,换热网络全局改造流程（最大收益目标）,换热网络全局改造流程（最大收益目标）,换热网络全局改造流程（最大收益目标）,换热网络全局改造流程（最大收益目标）,换热网络全局改造流程（最大收益目标）,换热网络全局改造流程（最大收益目标）,换热网络全局改造流程（最大收益目标）,换热网络全局改造流程（最大收益目标）,换热网络全局改造流程（最大收益目标）,换热网络全局改造流程（最大收益目标）,换热网络全局改造流程（最大收益目标）,换热网络全局改造流程（最大收益目标）,换热网络全局改造流程（最大收益目标）,换热网络全局改造流程（最大收益目标）,换热网络全局改造流程（最大收益目标）
optimization_ds.csv,32,optimization,换热网络全局改造流程（最大收益目标）,节能指标压力大，请帮我对换热网络进行全局改造，目标是年度化改造收益最大,干扰因素与鲁棒性,冗余信息叠加,2032/5/4,18,9,9,换热网络全局改造流程（最大收益目标）,换热网络全局改造流程（最大收益目标）,换热网络全局改造流程（最大收益目标）,换热网络全局改造流程（最大收益目标）,换热网络全局改造流程（最大收益目标）,换热网络全局改造流程（最大收益目标）,换热网络全局改造流程（最大收益目标）,换热网络全局改造流程（最大收益目标）,换热网络全局改造流程（最大收益目标）,换热网络全局改造流程（最大收益目标）,换热网络全局改造流程（最大收益目标）,换热网络全局改造流程（最大收益目标）,换热网络全局改造流程（最大收益目标）,换热网络全局改造流程（最大收益目标）,换热网络全局改造流程（最大收益目标）,换热网络全局改造流程（最大收益目标）,换热网络全局改造流程（最大收益目标）,换热网络全局改造流程（最大收益目标）
optimization_ds.csv,32,optimization,换热网络全局改造流程（最大收益目标）,运行成本持续上升，请帮我对换热网络进行全局改造，目标是年度化改造收益最大,干扰因素与鲁棒性,冗余信息叠加,2032/5/5,18,9,9,换热网络全局改造流程（最大收益目标）,换热网络全局改造流程（最大收益目标）,换热网络全局改造流程（最大收益目标）,换热网络全局改造流程（最大收益目标）,换热网络全局改造流程（最大收益目标）,换热网络全局改造流程（最大收益目标）,换热网络全局改造流程（最大收益目标）,换热网络全局改造流程（最大收益目标）,换热网络全局改造流程（最大收益目标）,换热网络全局改造流程（最大收益目标）,换热网络全局改造流程（最大收益目标）,换热网络全局改造流程（最大收益目标）,换热网络全局改造流程（最大收益目标）,换热网络全局改造流程（最大收益目标）,换热网络全局改造流程（最大收益目标）,换热网络全局改造流程（最大收益目标）,换热网络全局改造流程（最大收益目标）,换热网络全局改造流程（最大收益目标）
optimization_ds.csv,32,optimization,换热网络全局改造流程（最大收益目标）,新装置设计优化，请帮我对换热网络进行全局改造，目标是年度化改造收益最大,实际工况适配性,全工况场景,2032/6/1,9,9,0,换热网络全局改造流程（最大收益目标）,换热网络全局改造流程（最大收益目标）,换热网络全局改造流程（最大收益目标）,换热网络全局改造流程（最大收益目标）,换热网络全局改造流程（最大收益目标）,换热网络全局改造流程（最大收益目标）,换热网络全局改造流程（最大收益目标）,换热网络全局改造流程（最大收益目标）,换热网络全局改造流程（最大收益目标）,换热器性能评估与全局改造流程（最大收益最低成本目标）,换热器性能评估与全局改造流程（最大收益最低成本目标）,换热器性能评估与全局改造流程（最大收益最低成本目标）,换热器性能评估与全局改造流程（最大收益最低成本目标）,换热器性能评估与全局改造流程（最大收益最低成本目标）,换热器性能评估与全局改造流程（最大收益最低成本目标）,换热器性能评估与全局改造流程（最大收益最低成本目标）,换热器性能评估与全局改造流程（最大收益最低成本目标）,换热器性能评估与全局改造流程（最大收益最低成本目标）
optimization_ds.csv,32,optimization,换热网络全局改造流程（最大收益目标）,装置扩能改造，请帮我对换热网络进行全局改造，目标是年度化改造收益最大,实际工况适配性,全工况场景,2032/6/2,9,9,0,换热网络全局改造流程（最大收益目标）,换热网络全局改造流程（最大收益目标）,换热网络全局改造流程（最大收益目标）,换热网络全局改造流程（最大收益目标）,换热网络全局改造流程（最大收益目标）,换热网络全局改造流程（最大收益目标）,换热网络全局改造流程（最大收益目标）,换热网络全局改造流程（最大收益目标）,换热网络全局改造流程（最大收益目标）,换热器性能评估与全局改造流程（最大收益最低成本目标）,换热器性能评估与全局改造流程（最大收益最低成本目标）,换热器性能评估与全局改造流程（最大收益最低成本目标）,换热器性能评估与全局改造流程（最大收益最低成本目标）,换热器性能评估与全局改造流程（最大收益最低成本目标）,换热器性能评估与全局改造流程（最大收益最低成本目标）,换热器性能评估与全局改造流程（最大收益最低成本目标）,换热器性能评估与全局改造流程（最大收益最低成本目标）,换热器性能评估与全局改造流程（最大收益最低成本目标）
optimization_ds.csv,32,optimization,换热网络全局改造流程（最大收益目标）,能效提升项目，请帮我对换热网络进行全局改造，目标是年度化改造收益最大,实际工况适配性,全工况场景,2032/6/3,18,9,9,换热网络全局改造流程（最大收益目标）,换热网络全局改造流程（最大收益目标）,换热网络全局改造流程（最大收益目标）,换热网络全局改造流程（最大收益目标）,换热网络全局改造流程（最大收益目标）,换热网络全局改造流程（最大收益目标）,换热网络全局改造流程（最大收益目标）,换热网络全局改造流程（最大收益目标）,换热网络全局改造流程（最大收益目标）,换热网络全局改造流程（最大收益目标）,换热网络全局改造流程（最大收益目标）,换热网络全局改造流程（最大收益目标）,换热网络全局改造流程（最大收益目标）,换热网络全局改造流程（最大收益目标）,换热网络全局改造流程（最大收益目标）,换热网络全局改造流程（最大收益目标）,换热网络全局改造流程（最大收益目标）,换热网络全局改造流程（最大收益目标）
optimization_ds.csv,32,optimization,换热网络全局改造流程（最大收益目标）,工艺路线变更，请帮我对换热网络进行全局改造，目标是年度化改造收益最大,实际工况适配性,全工况场景,2032/6/4,18,9,9,换热网络全局改造流程（最大收益目标）,换热网络全局改造流程（最大收益目标）,换热网络全局改造流程（最大收益目标）,换热网络全局改造流程（最大收益目标）,换热网络全局改造流程（最大收益目标）,换热网络全局改造流程（最大收益目标）,换热网络全局改造流程（最大收益目标）,换热网络全局改造流程（最大收益目标）,换热网络全局改造流程（最大收益目标）,换热网络全局改造流程（最大收益目标）,换热网络全局改造流程（最大收益目标）,换热网络全局改造流程（最大收益目标）,换热网络全局改造流程（最大收益目标）,换热网络全局改造流程（最大收益目标）,换热网络全局改造流程（最大收益目标）,换热网络全局改造流程（最大收益目标）,换热网络全局改造流程（最大收益目标）,换热网络全局改造流程（最大收益目标）
optimization_ds.csv,32,optimization,换热网络全局改造流程（最大收益目标）,设备更新周期，请帮我对换热网络进行全局改造，目标是年度化改造收益最大,实际工况适配性,全工况场景,2032/6/5,18,9,9,换热网络全局改造流程（最大收益目标）,换热网络全局改造流程（最大收益目标）,换热网络全局改造流程（最大收益目标）,换热网络全局改造流程（最大收益目标）,换热网络全局改造流程（最大收益目标）,换热网络全局改造流程（最大收益目标）,换热网络全局改造流程（最大收益目标）,换热网络全局改造流程（最大收益目标）,换热网络全局改造流程（最大收益目标）,换热网络全局改造流程（最大收益目标）,换热网络全局改造流程（最大收益目标）,换热网络全局改造流程（最大收益目标）,换热网络全局改造流程（最大收益目标）,换热网络全局改造流程（最大收益目标）,换热网络全局改造流程（最大收益目标）,换热网络全局改造流程（最大收益目标）,换热网络全局改造流程（最大收益目标）,换热网络全局改造流程（最大收益目标）
optimization_ds.csv,33,optimization,换热网络全局改造流程（无现场限制）,请帮我对换热网络进行全局改造，不考虑现场限制条件,场景与功能全覆盖,直接复用语料,2033/1/1,18,9,9,换热网络全局改造流程（无现场限制）,换热网络全局改造流程（无现场限制）,换热网络全局改造流程（无现场限制）,换热网络全局改造流程（无现场限制）,换热网络全局改造流程（无现场限制）,换热网络全局改造流程（无现场限制）,换热网络全局改造流程（无现场限制）,换热网络全局改造流程（无现场限制）,换热网络全局改造流程（无现场限制）,换热网络全局改造流程（无现场限制）,换热网络全局改造流程（无现场限制）,换热网络全局改造流程（无现场限制）,换热网络全局改造流程（无现场限制）,换热网络全局改造流程（无现场限制）,换热网络全局改造流程（无现场限制）,换热网络全局改造流程（无现场限制）,换热网络全局改造流程（无现场限制）,换热网络全局改造流程（无现场限制）
optimization_ds.csv,33,optimization,换热网络全局改造流程（无现场限制）,请帮我对换热网络进行全局改造，不考虑现场限制条件,场景与功能全覆盖,直接复用语料,2033/1/2,18,9,9,换热网络全局改造流程（无现场限制）,换热网络全局改造流程（无现场限制）,换热网络全局改造流程（无现场限制）,换热网络全局改造流程（无现场限制）,换热网络全局改造流程（无现场限制）,换热网络全局改造流程（无现场限制）,换热网络全局改造流程（无现场限制）,换热网络全局改造流程（无现场限制）,换热网络全局改造流程（无现场限制）,换热网络全局改造流程（无现场限制）,换热网络全局改造流程（无现场限制）,换热网络全局改造流程（无现场限制）,换热网络全局改造流程（无现场限制）,换热网络全局改造流程（无现场限制）,换热网络全局改造流程（无现场限制）,换热网络全局改造流程（无现场限制）,换热网络全局改造流程（无现场限制）,换热网络全局改造流程（无现场限制）
optimization_ds.csv,33,optimization,换热网络全局改造流程（无现场限制）,请帮我对换热网络进行全局改造，不考虑现场限制条件,场景与功能全覆盖,直接复用语料,2033/1/3,18,9,9,换热网络全局改造流程（无现场限制）,换热网络全局改造流程（无现场限制）,换热网络全局改造流程（无现场限制）,换热网络全局改造流程（无现场限制）,换热网络全局改造流程（无现场限制）,换热网络全局改造流程（无现场限制）,换热网络全局改造流程（无现场限制）,换热网络全局改造流程（无现场限制）,换热网络全局改造流程（无现场限制）,换热网络全局改造流程（无现场限制）,换热网络全局改造流程（无现场限制）,换热网络全局改造流程（无现场限制）,换热网络全局改造流程（无现场限制）,换热网络全局改造流程（无现场限制）,换热网络全局改造流程（无现场限制）,换热网络全局改造流程（无现场限制）,换热网络全局改造流程（无现场限制）,换热网络全局改造流程（无现场限制）
optimization_ds.csv,33,optimization,换热网络全局改造流程（无现场限制）,请帮我对换热网络进行全局改造，不考虑现场限制条件,场景与功能全覆盖,直接复用语料,2033/1/4,18,9,9,换热网络全局改造流程（无现场限制）,换热网络全局改造流程（无现场限制）,换热网络全局改造流程（无现场限制）,换热网络全局改造流程（无现场限制）,换热网络全局改造流程（无现场限制）,换热网络全局改造流程（无现场限制）,换热网络全局改造流程（无现场限制）,换热网络全局改造流程（无现场限制）,换热网络全局改造流程（无现场限制）,换热网络全局改造流程（无现场限制）,换热网络全局改造流程（无现场限制）,换热网络全局改造流程（无现场限制）,换热网络全局改造流程（无现场限制）,换热网络全局改造流程（无现场限制）,换热网络全局改造流程（无现场限制）,换热网络全局改造流程（无现场限制）,换热网络全局改造流程（无现场限制）,换热网络全局改造流程（无现场限制）
optimization_ds.csv,33,optimization,换热网络全局改造流程（无现场限制）,请帮我对换热网络进行全局改造，不考虑现场限制条件,场景与功能全覆盖,直接复用语料,2033/1/5,18,9,9,换热网络全局改造流程（无现场限制）,换热网络全局改造流程（无现场限制）,换热网络全局改造流程（无现场限制）,换热网络全局改造流程（无现场限制）,换热网络全局改造流程（无现场限制）,换热网络全局改造流程（无现场限制）,换热网络全局改造流程（无现场限制）,换热网络全局改造流程（无现场限制）,换热网络全局改造流程（无现场限制）,换热网络全局改造流程（无现场限制）,换热网络全局改造流程（无现场限制）,换热网络全局改造流程（无现场限制）,换热网络全局改造流程（无现场限制）,换热网络全局改造流程（无现场限制）,换热网络全局改造流程（无现场限制）,换热网络全局改造流程（无现场限制）,换热网络全局改造流程（无现场限制）,换热网络全局改造流程（无现场限制）
optimization_ds.csv,33,optimization,换热网络全局改造流程（无现场限制）,执行换热网络全局改造，不考虑现场限制条件,输入表述形态多样性,专业规范表述,2033/2/1,18,9,9,换热网络全局改造流程（无现场限制）,换热网络全局改造流程（无现场限制）,换热网络全局改造流程（无现场限制）,换热网络全局改造流程（无现场限制）,换热网络全局改造流程（无现场限制）,换热网络全局改造流程（无现场限制）,换热网络全局改造流程（无现场限制）,换热网络全局改造流程（无现场限制）,换热网络全局改造流程（无现场限制）,换热网络全局改造流程（无现场限制）,换热网络全局改造流程（无现场限制）,换热网络全局改造流程（无现场限制）,换热网络全局改造流程（无现场限制）,换热网络全局改造流程（无现场限制）,换热网络全局改造流程（无现场限制）,换热网络全局改造流程（无现场限制）,换热网络全局改造流程（无现场限制）,换热网络全局改造流程（无现场限制）
optimization_ds.csv,33,optimization,换热网络全局改造流程（无现场限制）,换热网络全局改造方案设计，无现场限制条件约束,输入表述形态多样性,专业规范表述,2033/2/2,18,9,9,换热网络全局改造流程（无现场限制）,换热网络全局改造流程（无现场限制）,换热网络全局改造流程（无现场限制）,换热网络全局改造流程（无现场限制）,换热网络全局改造流程（无现场限制）,换热网络全局改造流程（无现场限制）,换热网络全局改造流程（无现场限制）,换热网络全局改造流程（无现场限制）,换热网络全局改造流程（无现场限制）,换热网络全局改造流程（无现场限制）,换热网络全局改造流程（无现场限制）,换热网络全局改造流程（无现场限制）,换热网络全局改造流程（无现场限制）,换热网络全局改造流程（无现场限制）,换热网络全局改造流程（无现场限制）,换热网络全局改造流程（无现场限制）,换热网络全局改造流程（无现场限制）,换热网络全局改造流程（无现场限制）
optimization_ds.csv,33,optimization,换热网络全局改造流程（无现场限制）,全局改造换热网络，忽略现场限制因素,输入表述形态多样性,专业规范表述,2033/2/3,0,0,0,换热网络改造流程（无现场限制）,换热网络改造流程（无现场限制）,换热网络改造流程（无现场限制）,换热网络改造流程（无现场限制）,换热网络改造流程（无现场限制）,换热网络改造流程（无现场限制）,换热网络改造流程（无现场限制）,换热网络改造流程（无现场限制）,换热网络改造流程（无现场限制）,换热网络改造流程（无现场限制）,换热网络改造流程（无现场限制）,换热网络改造流程（无现场限制）,换热网络改造流程（无现场限制）,换热网络改造流程（无现场限制）,换热网络改造流程（无现场限制）,换热网络改造流程（无现场限制）,换热网络改造流程（无现场限制）,换热网络改造流程（无现场限制）
optimization_ds.csv,33,optimization,换热网络全局改造流程（无现场限制）,无现场限制条件的换热网络全局改造,输入表述形态多样性,专业规范表述,2033/2/4,9,0,9,换热网络重新设计流程（含限制条件）,换热网络重新设计流程（含限制条件）,换热网络重新设计流程（含限制条件）,换热网络重新设计流程（含限制条件）,换热网络重新设计流程（含限制条件）,换热网络重新设计流程（含限制条件）,换热网络重新设计流程（含限制条件）,换热网络重新设计流程（含限制条件）,换热网络重新设计流程（含限制条件）,换热网络全局改造流程（无现场限制）,换热网络全局改造流程（无现场限制）,换热网络全局改造流程（无现场限制）,换热网络全局改造流程（无现场限制）,换热网络全局改造流程（无现场限制）,换热网络全局改造流程（无现场限制）,换热网络全局改造流程（无现场限制）,换热网络全局改造流程（无现场限制）,换热网络全局改造流程（无现场限制）
optimization_ds.csv,33,optimization,换热网络全局改造流程（无现场限制）,换热网络全面改造，不考虑现场约束,输入表述形态多样性,专业规范表述,2033/2/5,18,9,9,换热网络全局改造流程（无现场限制）,换热网络全局改造流程（无现场限制）,换热网络全局改造流程（无现场限制）,换热网络全局改造流程（无现场限制）,换热网络全局改造流程（无现场限制）,换热网络全局改造流程（无现场限制）,换热网络全局改造流程（无现场限制）,换热网络全局改造流程（无现场限制）,换热网络全局改造流程（无现场限制）,换热网络全局改造流程（无现场限制）,换热网络全局改造流程（无现场限制）,换热网络全局改造流程（无现场限制）,换热网络全局改造流程（无现场限制）,换热网络全局改造流程（无现场限制）,换热网络全局改造流程（无现场限制）,换热网络全局改造流程（无现场限制）,换热网络全局改造流程（无现场限制）,换热网络全局改造流程（无现场限制）
optimization_ds.csv,33,optimization,换热网络全局改造流程（无现场限制）,换热网络全局改造，不考虑现场限制,输入表述形态多样性,口语化简化表述,2033/3/1,18,9,9,换热网络全局改造流程（无现场限制）,换热网络全局改造流程（无现场限制）,换热网络全局改造流程（无现场限制）,换热网络全局改造流程（无现场限制）,换热网络全局改造流程（无现场限制）,换热网络全局改造流程（无现场限制）,换热网络全局改造流程（无现场限制）,换热网络全局改造流程（无现场限制）,换热网络全局改造流程（无现场限制）,换热网络全局改造流程（无现场限制）,换热网络全局改造流程（无现场限制）,换热网络全局改造流程（无现场限制）,换热网络全局改造流程（无现场限制）,换热网络全局改造流程（无现场限制）,换热网络全局改造流程（无现场限制）,换热网络全局改造流程（无现场限制）,换热网络全局改造流程（无现场限制）,换热网络全局改造流程（无现场限制）
optimization_ds.csv,33,optimization,换热网络全局改造流程（无现场限制）,全局改造换热网络，无限制条件,输入表述形态多样性,口语化简化表述,2033/3/2,0,0,0,换热网络性能评估与全局改造流程（无现场限制）,换热网络性能评估与全局改造流程（无现场限制）,换热网络性能评估与全局改造流程（无现场限制）,换热网络性能评估与全局改造流程（无现场限制）,换热网络性能评估与全局改造流程（无现场限制）,换热网络性能评估与全局改造流程（无现场限制）,换热网络性能评估与全局改造流程（无现场限制）,换热网络性能评估与全局改造流程（无现场限制）,换热网络性能评估与全局改造流程（无现场限制）,换热网络性能评估与全局改造流程（最大收益最低成本目标）,换热网络性能评估与全局改造流程（最大收益最低成本目标）,换热网络性能评估与全局改造流程（最大收益最低成本目标）,换热网络性能评估与全局改造流程（最大收益最低成本目标）,换热网络性能评估与全局改造流程（最大收益最低成本目标）,换热网络性能评估与全局改造流程（最大收益最低成本目标）,换热网络性能评估与全局改造流程（最大收益最低成本目标）,换热网络性能评估与全局改造流程（最大收益最低成本目标）,换热网络性能评估与全局改造流程（最大收益最低成本目标）
optimization_ds.csv,33,optimization,换热网络全局改造流程（无现场限制）,换热网络改造，不考虑现场约束,输入表述形态多样性,口语化简化表述,2033/3/3,0,0,0,换热网络改造流程（无现场限制）,换热网络改造流程（无现场限制）,换热网络改造流程（无现场限制）,换热网络改造流程（无现场限制）,换热网络改造流程（无现场限制）,换热网络改造流程（无现场限制）,换热网络改造流程（无现场限制）,换热网络改造流程（无现场限制）,换热网络改造流程（无现场限制）,换热网络改造流程（无现场限制）,换热网络改造流程（无现场限制）,换热网络改造流程（无现场限制）,换热网络改造流程（无现场限制）,换热网络改造流程（无现场限制）,换热网络改造流程（无现场限制）,换热网络改造流程（无现场限制）,换热网络改造流程（无现场限制）,换热网络改造流程（无现场限制）
optimization_ds.csv,33,optimization,换热网络全局改造流程（无现场限制）,全局改造，无现场限制,输入表述形态多样性,口语化简化表述,2033/3/4,0,0,0,换热网络性能评估与全局改造流程（无现场限制）,换热网络性能评估与全局改造流程（无现场限制）,换热网络性能评估与全局改造流程（无现场限制）,换热网络性能评估与全局改造流程（无现场限制）,换热网络性能评估与全局改造流程（无现场限制）,换热网络性能评估与全局改造流程（无现场限制）,换热网络性能评估与全局改造流程（无现场限制）,换热网络性能评估与全局改造流程（无现场限制）,换热网络性能评估与全局改造流程（无现场限制）,换热网络性能评估与全局改造流程（无现场限制）,换热网络性能评估与全局改造流程（无现场限制）,换热网络性能评估与全局改造流程（无现场限制）,换热网络性能评估与全局改造流程（无现场限制）,换热网络性能评估与全局改造流程（无现场限制）,换热网络性能评估与全局改造流程（无现场限制）,换热网络性能评估与全局改造流程（无现场限制）,换热网络性能评估与全局改造流程（无现场限制）,换热网络性能评估与全局改造流程（无现场限制）
optimization_ds.csv,33,optimization,换热网络全局改造流程（无现场限制）,换热网络全面改造，忽略限制,输入表述形态多样性,口语化简化表述,2033/3/5,9,0,9,换热网络全局改造流程（最低运行成本目标）,换热网络全局改造流程（最低运行成本目标）,换热网络全局改造流程（最低运行成本目标）,换热网络全局改造流程（最低运行成本目标）,换热网络全局改造流程（最低运行成本目标）,换热网络全局改造流程（最低运行成本目标）,换热网络全局改造流程（最低运行成本目标）,换热网络全局改造流程（最低运行成本目标）,换热网络全局改造流程（最低运行成本目标）,换热网络全局改造流程（无现场限制）,换热网络全局改造流程（无现场限制）,换热网络全局改造流程（无现场限制）,换热网络全局改造流程（无现场限制）,换热网络全局改造流程（无现场限制）,换热网络全局改造流程（无现场限制）,换热网络全局改造流程（无现场限制）,换热网络全局改造流程（无现场限制）,换热网络全局改造流程（无现场限制）
optimization_ds.csv,33,optimization,换热网络全局改造流程（无现场限制）,查询换热网络设计条件（非全局改造）,意图边界与歧义性,相似意图区分,2033/4/1,0,0,0,换热器单体性能评估流程,换热器单体性能评估流程,换热器单体性能评估流程,换热器单体性能评估流程,换热器单体性能评估流程,换热器单体性能评估流程,换热器单体性能评估流程,换热器单体性能评估流程,换热器单体性能评估流程,换热器单体性能评估流程,换热器单体性能评估流程,换热器单体性能评估流程,换热器单体性能评估流程,换热器单体性能评估流程,换热器单体性能评估流程,换热器单体性能评估流程,换热器单体性能评估流程,换热器单体性能评估流程
optimization_ds.csv,33,optimization,换热网络全局改造流程（无现场限制）,请帮我对换热网络进行全局改造，不考虑现场限制条件（核心意图）,意图边界与歧义性,相似意图区分,2033/4/2,18,9,9,换热网络全局改造流程（无现场限制）,换热网络全局改造流程（无现场限制）,换热网络全局改造流程（无现场限制）,换热网络全局改造流程（无现场限制）,换热网络全局改造流程（无现场限制）,换热网络全局改造流程（无现场限制）,换热网络全局改造流程（无现场限制）,换热网络全局改造流程（无现场限制）,换热网络全局改造流程（无现场限制）,换热网络全局改造流程（无现场限制）,换热网络全局改造流程（无现场限制）,换热网络全局改造流程（无现场限制）,换热网络全局改造流程（无现场限制）,换热网络全局改造流程（无现场限制）,换热网络全局改造流程（无现场限制）,换热网络全局改造流程（无现场限制）,换热网络全局改造流程（无现场限制）,换热网络全局改造流程（无现场限制）
optimization_ds.csv,33,optimization,换热网络全局改造流程（无现场限制）,考虑现场限制的换热网络改造（非无限制改造）,意图边界与歧义性,相似意图区分,2033/4/3,0,0,0,常减压装置换热网络优化改造流程,常减压装置换热网络优化改造流程,常减压装置换热网络优化改造流程,常减压装置换热网络优化改造流程,常减压装置换热网络优化改造流程,常减压装置换热网络优化改造流程,常减压装置换热网络优化改造流程,常减压装置换热网络优化改造流程,常减压装置换热网络优化改造流程,常减压装置换热网络优化改造流程,常减压装置换热网络优化改造流程,常减压装置换热网络优化改造流程,常减压装置换热网络优化改造流程,常减压装置换热网络优化改造流程,常减压装置换热网络优化改造流程,常减压装置换热网络优化改造流程,常减压装置换热网络优化改造流程,常减压装置换热网络优化改造流程
optimization_ds.csv,33,optimization,换热网络全局改造流程（无现场限制）,优化换热网络参数（非全局改造）,意图边界与歧义性,相似意图区分,2033/4/4,0,0,0,,,,,,,,,,换热器改造流程（不改变网络结构）,换热器改造流程（不改变网络结构）,换热器改造流程（不改变网络结构）,换热器改造流程（不改变网络结构）,换热器改造流程（不改变网络结构）,换热器改造流程（不改变网络结构）,换热器改造流程（不改变网络结构）,换热器改造流程（不改变网络结构）,换热器改造流程（不改变网络结构）
optimization_ds.csv,33,optimization,换热网络全局改造流程（无现场限制）,局部改造换热网络（非全局改造）,意图边界与歧义性,相似意图区分,2033/4/5,0,0,0,,,,,,,,,,,换热器改造流程（不改变网络结构）,换热器改造流程（不改变网络结构）,,换热器改造流程（不改变网络结构）,,,,换热器改造流程（不改变网络结构）
optimization_ds.csv,33,optimization,换热网络全局改造流程（无现场限制）,概念设计阶段，请帮我对换热网络进行全局改造，不考虑现场限制条件,干扰因素与鲁棒性,冗余信息叠加,2033/5/1,9,0,9,换热器性能评估与全局改造流程（无限制规则）,换热器性能评估与全局改造流程（无限制规则）,换热器性能评估与全局改造流程（无限制规则）,换热器性能评估与全局改造流程（无限制规则）,换热器性能评估与全局改造流程（无限制规则）,换热器性能评估与全局改造流程（无限制规则）,换热器性能评估与全局改造流程（无限制规则）,换热器性能评估与全局改造流程（无限制规则）,换热器性能评估与全局改造流程（无限制规则）,换热网络全局改造流程（无现场限制）,换热网络全局改造流程（无现场限制）,换热网络全局改造流程（无现场限制）,换热网络全局改造流程（无现场限制）,换热网络全局改造流程（无现场限制）,换热网络全局改造流程（无现场限制）,换热网络全局改造流程（无现场限制）,换热网络全局改造流程（无现场限制）,换热网络全局改造流程（无现场限制）
optimization_ds.csv,33,optimization,换热网络全局改造流程（无现场限制）,技术方案比选，请帮我对换热网络进行全局改造，不考虑现场限制条件,干扰因素与鲁棒性,冗余信息叠加,2033/5/2,18,9,9,换热网络全局改造流程（无现场限制）,换热网络全局改造流程（无现场限制）,换热网络全局改造流程（无现场限制）,换热网络全局改造流程（无现场限制）,换热网络全局改造流程（无现场限制）,换热网络全局改造流程（无现场限制）,换热网络全局改造流程（无现场限制）,换热网络全局改造流程（无现场限制）,换热网络全局改造流程（无现场限制）,换热网络全局改造流程（无现场限制）,换热网络全局改造流程（无现场限制）,换热网络全局改造流程（无现场限制）,换热网络全局改造流程（无现场限制）,换热网络全局改造流程（无现场限制）,换热网络全局改造流程（无现场限制）,换热网络全局改造流程（无现场限制）,换热网络全局改造流程（无现场限制）,换热网络全局改造流程（无现场限制）
optimization_ds.csv,33,optimization,换热网络全局改造流程（无现场限制）,理想工况分析，请帮我对换热网络进行全局改造，不考虑现场限制条件,干扰因素与鲁棒性,冗余信息叠加,2033/5/3,9,0,9,换热网络重新设计流程（含限制条件）,换热网络重新设计流程（含限制条件）,换热网络重新设计流程（含限制条件）,换热网络重新设计流程（含限制条件）,换热网络重新设计流程（含限制条件）,换热网络重新设计流程（含限制条件）,换热网络重新设计流程（含限制条件）,换热网络重新设计流程（含限制条件）,换热网络重新设计流程（含限制条件）,换热网络全局改造流程（无现场限制）,换热网络全局改造流程（无现场限制）,换热网络全局改造流程（无现场限制）,换热网络全局改造流程（无现场限制）,换热网络全局改造流程（无现场限制）,换热网络全局改造流程（无现场限制）,换热网络全局改造流程（无现场限制）,换热网络全局改造流程（无现场限制）,换热网络全局改造流程（无现场限制）
optimization_ds.csv,33,optimization,换热网络全局改造流程（无现场限制）,理论研究需要，请帮我对换热网络进行全局改造，不考虑现场限制条件,干扰因素与鲁棒性,冗余信息叠加,2033/5/4,9,0,9,换热网络性能评估与改造流程（无限制条件）,换热网络性能评估与改造流程（无限制条件）,换热网络性能评估与改造流程（无限制条件）,换热网络性能评估与改造流程（无限制条件）,换热网络性能评估与改造流程（无限制条件）,换热网络性能评估与改造流程（无限制条件）,换热网络性能评估与改造流程（无限制条件）,换热网络性能评估与改造流程（无限制条件）,换热网络性能评估与改造流程（无限制条件）,换热网络全局改造流程（无现场限制）,换热网络全局改造流程（无现场限制）,换热网络全局改造流程（无现场限制）,换热网络全局改造流程（无现场限制）,换热网络全局改造流程（无现场限制）,换热网络全局改造流程（无现场限制）,换热网络全局改造流程（无现场限制）,换热网络全局改造流程（无现场限制）,换热网络全局改造流程（无现场限制）
optimization_ds.csv,33,optimization,换热网络全局改造流程（无现场限制）,教学演示目的，请帮我对换热网络进行全局改造，不考虑现场限制条件,干扰因素与鲁棒性,冗余信息叠加,2033/5/5,18,9,9,换热网络全局改造流程（无现场限制）,换热网络全局改造流程（无现场限制）,换热网络全局改造流程（无现场限制）,换热网络全局改造流程（无现场限制）,换热网络全局改造流程（无现场限制）,换热网络全局改造流程（无现场限制）,换热网络全局改造流程（无现场限制）,换热网络全局改造流程（无现场限制）,换热网络全局改造流程（无现场限制）,换热网络全局改造流程（无现场限制）,换热网络全局改造流程（无现场限制）,换热网络全局改造流程（无现场限制）,换热网络全局改造流程（无现场限制）,换热网络全局改造流程（无现场限制）,换热网络全局改造流程（无现场限制）,换热网络全局改造流程（无现场限制）,换热网络全局改造流程（无现场限制）,换热网络全局改造流程（无现场限制）
optimization_ds.csv,33,optimization,换热网络全局改造流程（无现场限制）,新装置概念设计，请帮我对换热网络进行全局改造，不考虑现场限制条件,实际工况适配性,全工况场景,2033/6/1,18,9,9,换热网络全局改造流程（无现场限制）,换热网络全局改造流程（无现场限制）,换热网络全局改造流程（无现场限制）,换热网络全局改造流程（无现场限制）,换热网络全局改造流程（无现场限制）,换热网络全局改造流程（无现场限制）,换热网络全局改造流程（无现场限制）,换热网络全局改造流程（无现场限制）,换热网络全局改造流程（无现场限制）,换热网络全局改造流程（无现场限制）,换热网络全局改造流程（无现场限制）,换热网络全局改造流程（无现场限制）,换热网络全局改造流程（无现场限制）,换热网络全局改造流程（无现场限制）,换热网络全局改造流程（无现场限制）,换热网络全局改造流程（无现场限制）,换热网络全局改造流程（无现场限制）,换热网络全局改造流程（无现场限制）
optimization_ds.csv,33,optimization,换热网络全局改造流程（无现场限制）,技术可行性研究，请帮我对换热网络进行全局改造，不考虑现场限制条件,实际工况适配性,全工况场景,2033/6/2,18,9,9,换热网络全局改造流程（无现场限制）,换热网络全局改造流程（无现场限制）,换热网络全局改造流程（无现场限制）,换热网络全局改造流程（无现场限制）,换热网络全局改造流程（无现场限制）,换热网络全局改造流程（无现场限制）,换热网络全局改造流程（无现场限制）,换热网络全局改造流程（无现场限制）,换热网络全局改造流程（无现场限制）,换热网络全局改造流程（无现场限制）,换热网络全局改造流程（无现场限制）,换热网络全局改造流程（无现场限制）,换热网络全局改造流程（无现场限制）,换热网络全局改造流程（无现场限制）,换热网络全局改造流程（无现场限制）,换热网络全局改造流程（无现场限制）,换热网络全局改造流程（无现场限制）,换热网络全局改造流程（无现场限制）
optimization_ds.csv,33,optimization,换热网络全局改造流程（无现场限制）,工艺方案优化，请帮我对换热网络进行全局改造，不考虑现场限制条件,实际工况适配性,全工况场景,2033/6/3,18,9,9,换热网络全局改造流程（无现场限制）,换热网络全局改造流程（无现场限制）,换热网络全局改造流程（无现场限制）,换热网络全局改造流程（无现场限制）,换热网络全局改造流程（无现场限制）,换热网络全局改造流程（无现场限制）,换热网络全局改造流程（无现场限制）,换热网络全局改造流程（无现场限制）,换热网络全局改造流程（无现场限制）,换热网络全局改造流程（无现场限制）,换热网络全局改造流程（无现场限制）,换热网络全局改造流程（无现场限制）,换热网络全局改造流程（无现场限制）,换热网络全局改造流程（无现场限制）,换热网络全局改造流程（无现场限制）,换热网络全局改造流程（无现场限制）,换热网络全局改造流程（无现场限制）,换热网络全局改造流程（无现场限制）
optimization_ds.csv,33,optimization,换热网络全局改造流程（无现场限制）,设备选型分析，请帮我对换热网络进行全局改造，不考虑现场限制条件,实际工况适配性,全工况场景,2033/6/4,0,0,0,,,,,,,,,,换热网络性能评估与改造流程（无限制条件）,换热网络性能评估与改造流程（无限制条件）,换热网络性能评估与改造流程（无限制条件）,换热网络性能评估与改造流程（无限制条件）,换热网络性能评估与改造流程（无限制条件）,换热网络性能评估与改造流程（无限制条件）,换热网络性能评估与改造流程（无限制条件）,换热网络性能评估与改造流程（无限制条件）,换热网络性能评估与改造流程（无限制条件）
optimization_ds.csv,33,optimization,换热网络全局改造流程（无现场限制）,能效潜力评估，请帮我对换热网络进行全局改造，不考虑现场限制条件,实际工况适配性,全工况场景,2033/6/5,0,0,0,换热网络性能评估与全局改造流程（无现场限制）,换热网络性能评估与全局改造流程（无现场限制）,换热网络性能评估与全局改造流程（无现场限制）,换热网络性能评估与全局改造流程（无现场限制）,换热网络性能评估与全局改造流程（无现场限制）,换热网络性能评估与全局改造流程（无现场限制）,换热网络性能评估与全局改造流程（无现场限制）,换热网络性能评估与全局改造流程（无现场限制）,换热网络性能评估与全局改造流程（无现场限制）,换热网络改造流程（无现场限制）,换热网络改造流程（无现场限制）,换热网络性能评估与全局改造流程（无现场限制）,换热网络改造流程（无现场限制）,换热网络性能评估与全局改造流程（无现场限制）,换热网络改造流程（无现场限制）,换热网络改造流程（无现场限制）,换热网络性能评估与全局改造流程（无现场限制）,换热网络改造流程（无现场限制）
optimization_ds.csv,34,optimization,换热网络全局改造流程（最低运行成本目标）,请帮我对换热网络进行全局改造，改造的目标是运行成本最低，不考虑现场限制,场景与功能全覆盖,直接复用语料,2034/1/1,18,9,9,换热网络全局改造流程（最低运行成本目标）,换热网络全局改造流程（最低运行成本目标）,换热网络全局改造流程（最低运行成本目标）,换热网络全局改造流程（最低运行成本目标）,换热网络全局改造流程（最低运行成本目标）,换热网络全局改造流程（最低运行成本目标）,换热网络全局改造流程（最低运行成本目标）,换热网络全局改造流程（最低运行成本目标）,换热网络全局改造流程（最低运行成本目标）,换热网络全局改造流程（最低运行成本目标）,换热网络全局改造流程（最低运行成本目标）,换热网络全局改造流程（最低运行成本目标）,换热网络全局改造流程（最低运行成本目标）,换热网络全局改造流程（最低运行成本目标）,换热网络全局改造流程（最低运行成本目标）,换热网络全局改造流程（最低运行成本目标）,换热网络全局改造流程（最低运行成本目标）,换热网络全局改造流程（最低运行成本目标）
optimization_ds.csv,34,optimization,换热网络全局改造流程（最低运行成本目标）,请帮我对换热网络进行全局改造，改造的目标是运行成本最低，不考虑现场限制,场景与功能全覆盖,直接复用语料,2034/1/2,18,9,9,换热网络全局改造流程（最低运行成本目标）,换热网络全局改造流程（最低运行成本目标）,换热网络全局改造流程（最低运行成本目标）,换热网络全局改造流程（最低运行成本目标）,换热网络全局改造流程（最低运行成本目标）,换热网络全局改造流程（最低运行成本目标）,换热网络全局改造流程（最低运行成本目标）,换热网络全局改造流程（最低运行成本目标）,换热网络全局改造流程（最低运行成本目标）,换热网络全局改造流程（最低运行成本目标）,换热网络全局改造流程（最低运行成本目标）,换热网络全局改造流程（最低运行成本目标）,换热网络全局改造流程（最低运行成本目标）,换热网络全局改造流程（最低运行成本目标）,换热网络全局改造流程（最低运行成本目标）,换热网络全局改造流程（最低运行成本目标）,换热网络全局改造流程（最低运行成本目标）,换热网络全局改造流程（最低运行成本目标）
optimization_ds.csv,34,optimization,换热网络全局改造流程（最低运行成本目标）,请帮我对换热网络进行全局改造，改造的目标是运行成本最低，不考虑现场限制,场景与功能全覆盖,直接复用语料,2034/1/3,18,9,9,换热网络全局改造流程（最低运行成本目标）,换热网络全局改造流程（最低运行成本目标）,换热网络全局改造流程（最低运行成本目标）,换热网络全局改造流程（最低运行成本目标）,换热网络全局改造流程（最低运行成本目标）,换热网络全局改造流程（最低运行成本目标）,换热网络全局改造流程（最低运行成本目标）,换热网络全局改造流程（最低运行成本目标）,换热网络全局改造流程（最低运行成本目标）,换热网络全局改造流程（最低运行成本目标）,换热网络全局改造流程（最低运行成本目标）,换热网络全局改造流程（最低运行成本目标）,换热网络全局改造流程（最低运行成本目标）,换热网络全局改造流程（最低运行成本目标）,换热网络全局改造流程（最低运行成本目标）,换热网络全局改造流程（最低运行成本目标）,换热网络全局改造流程（最低运行成本目标）,换热网络全局改造流程（最低运行成本目标）
optimization_ds.csv,34,optimization,换热网络全局改造流程（最低运行成本目标）,请帮我对换热网络进行全局改造，改造的目标是运行成本最低，不考虑现场限制,场景与功能全覆盖,直接复用语料,2034/1/4,18,9,9,换热网络全局改造流程（最低运行成本目标）,换热网络全局改造流程（最低运行成本目标）,换热网络全局改造流程（最低运行成本目标）,换热网络全局改造流程（最低运行成本目标）,换热网络全局改造流程（最低运行成本目标）,换热网络全局改造流程（最低运行成本目标）,换热网络全局改造流程（最低运行成本目标）,换热网络全局改造流程（最低运行成本目标）,换热网络全局改造流程（最低运行成本目标）,换热网络全局改造流程（最低运行成本目标）,换热网络全局改造流程（最低运行成本目标）,换热网络全局改造流程（最低运行成本目标）,换热网络全局改造流程（最低运行成本目标）,换热网络全局改造流程（最低运行成本目标）,换热网络全局改造流程（最低运行成本目标）,换热网络全局改造流程（最低运行成本目标）,换热网络全局改造流程（最低运行成本目标）,换热网络全局改造流程（最低运行成本目标）
optimization_ds.csv,34,optimization,换热网络全局改造流程（最低运行成本目标）,请帮我对换热网络进行全局改造，改造的目标是运行成本最低，不考虑现场限制,场景与功能全覆盖,直接复用语料,2034/1/5,18,9,9,换热网络全局改造流程（最低运行成本目标）,换热网络全局改造流程（最低运行成本目标）,换热网络全局改造流程（最低运行成本目标）,换热网络全局改造流程（最低运行成本目标）,换热网络全局改造流程（最低运行成本目标）,换热网络全局改造流程（最低运行成本目标）,换热网络全局改造流程（最低运行成本目标）,换热网络全局改造流程（最低运行成本目标）,换热网络全局改造流程（最低运行成本目标）,换热网络全局改造流程（最低运行成本目标）,换热网络全局改造流程（最低运行成本目标）,换热网络全局改造流程（最低运行成本目标）,换热网络全局改造流程（最低运行成本目标）,换热网络全局改造流程（最低运行成本目标）,换热网络全局改造流程（最低运行成本目标）,换热网络全局改造流程（最低运行成本目标）,换热网络全局改造流程（最低运行成本目标）,换热网络全局改造流程（最低运行成本目标）
optimization_ds.csv,34,optimization,换热网络全局改造流程（最低运行成本目标）,执行换热网络全局改造，目标运行成本最低化,输入表述形态多样性,专业规范表述,2034/2/1,0,0,0,换热网络全局改造流程（最大收益目标）,换热网络全局改造流程（最大收益目标）,换热网络全局改造流程（最大收益目标）,换热网络全局改造流程（最大收益目标）,换热网络全局改造流程（最大收益目标）,换热网络全局改造流程（最大收益目标）,换热网络全局改造流程（最大收益目标）,换热网络全局改造流程（最大收益目标）,换热网络全局改造流程（最大收益目标）,换热网络全局改造流程（最大收益目标）,换热网络全局改造流程（最大收益目标）,换热网络全局改造流程（最大收益目标）,换热网络全局改造流程（最大收益目标）,换热网络全局改造流程（最大收益目标）,换热网络全局改造流程（最大收益目标）,换热网络全局改造流程（最大收益目标）,换热网络全局改造流程（最大收益目标）,换热网络全局改造流程（最大收益目标）
optimization_ds.csv,34,optimization,换热网络全局改造流程（最低运行成本目标）,换热网络全局改造方案设计，追求运行成本最低,输入表述形态多样性,专业规范表述,2034/2/2,0,0,0,换热网络全局改造流程（最大收益目标）,换热网络全局改造流程（最大收益目标）,换热网络全局改造流程（最大收益目标）,换热网络全局改造流程（最大收益目标）,换热网络全局改造流程（最大收益目标）,换热网络全局改造流程（最大收益目标）,换热网络全局改造流程（最大收益目标）,换热网络全局改造流程（最大收益目标）,换热网络全局改造流程（最大收益目标）,换热网络全局改造流程（最大收益目标）,换热网络全局改造流程（最大收益目标）,换热网络全局改造流程（最大收益目标）,换热网络全局改造流程（最大收益目标）,换热网络全局改造流程（最大收益目标）,换热网络全局改造流程（最大收益目标）,换热网络全局改造流程（最大收益目标）,换热网络全局改造流程（最大收益目标）,换热网络全局改造流程（最大收益目标）
optimization_ds.csv,34,optimization,换热网络全局改造流程（最低运行成本目标）,全局改造换热网络，优化目标为运行成本最低,输入表述形态多样性,专业规范表述,2034/2/3,0,0,0,换热网络全局改造流程（最大收益目标）,换热网络全局改造流程（最大收益目标）,换热网络全局改造流程（最大收益目标）,换热网络全局改造流程（最大收益目标）,换热网络全局改造流程（最大收益目标）,换热网络全局改造流程（最大收益目标）,换热网络全局改造流程（最大收益目标）,换热网络全局改造流程（最大收益目标）,换热网络全局改造流程（最大收益目标）,换热网络全局改造流程（最大收益目标）,换热网络全局改造流程（最大收益目标）,换热网络全局改造流程（最大收益目标）,换热网络全局改造流程（最大收益目标）,换热网络全局改造流程（最大收益目标）,换热网络全局改造流程（最大收益目标）,换热网络全局改造流程（最大收益目标）,换热网络全局改造流程（最大收益目标）,换热网络全局改造流程（最大收益目标）
optimization_ds.csv,34,optimization,换热网络全局改造流程（最低运行成本目标）,换热网络全面改造，以运行成本最低为导向,输入表述形态多样性,专业规范表述,2034/2/4,0,0,0,换热网络全局改造流程（最大收益目标）,换热网络全局改造流程（最大收益目标）,换热网络全局改造流程（最大收益目标）,换热网络全局改造流程（最大收益目标）,换热网络全局改造流程（最大收益目标）,换热网络全局改造流程（最大收益目标）,换热网络全局改造流程（最大收益目标）,换热网络全局改造流程（最大收益目标）,换热网络全局改造流程（最大收益目标）,换热网络全局改造流程（最大收益目标）,换热网络全局改造流程（最大收益目标）,换热网络全局改造流程（最大收益目标）,换热网络全局改造流程（最大收益目标）,换热网络全局改造流程（最大收益目标）,换热网络全局改造流程（最大收益目标）,换热网络全局改造流程（最大收益目标）,换热网络全局改造流程（最大收益目标）,换热网络全局改造流程（最大收益目标）
optimization_ds.csv,34,optimization,换热网络全局改造流程（最低运行成本目标）,运行成本最低化的换热网络全局改造,输入表述形态多样性,专业规范表述,2034/2/5,0,0,0,换热网络全局改造流程（最大收益目标）,换热网络全局改造流程（最大收益目标）,换热网络全局改造流程（最大收益目标）,换热网络全局改造流程（最大收益目标）,换热网络全局改造流程（最大收益目标）,换热网络全局改造流程（最大收益目标）,换热网络全局改造流程（最大收益目标）,换热网络全局改造流程（最大收益目标）,换热网络全局改造流程（最大收益目标）,换热网络全局改造流程（最大收益目标）,换热网络全局改造流程（最大收益目标）,换热网络全局改造流程（最大收益目标）,换热网络全局改造流程（最大收益目标）,换热网络全局改造流程（最大收益目标）,换热网络全局改造流程（最大收益目标）,换热网络全局改造流程（最大收益目标）,换热网络全局改造流程（最大收益目标）,换热网络全局改造流程（最大收益目标）
optimization_ds.csv,34,optimization,换热网络全局改造流程（最低运行成本目标）,换热网络全局改造，要运行成本最低,输入表述形态多样性,口语化简化表述,2034/3/1,0,0,0,换热网络全局改造流程（最大收益目标）,换热网络全局改造流程（最大收益目标）,换热网络全局改造流程（最大收益目标）,换热网络全局改造流程（最大收益目标）,换热网络全局改造流程（最大收益目标）,换热网络全局改造流程（最大收益目标）,换热网络全局改造流程（最大收益目标）,换热网络全局改造流程（最大收益目标）,换热网络全局改造流程（最大收益目标）,换热网络全局改造流程（最大收益目标）,换热网络全局改造流程（最大收益目标）,换热网络全局改造流程（最大收益目标）,换热网络全局改造流程（最大收益目标）,换热网络全局改造流程（最大收益目标）,换热网络全局改造流程（最大收益目标）,换热网络全局改造流程（最大收益目标）,换热网络全局改造流程（最大收益目标）,换热网络全局改造流程（最大收益目标）
optimization_ds.csv,34,optimization,换热网络全局改造流程（最低运行成本目标）,全局改造换热网络，成本最低化,输入表述形态多样性,口语化简化表述,2034/3/2,0,0,0,换热网络全局改造流程（最大收益目标）,换热网络全局改造流程（最大收益目标）,换热网络全局改造流程（最大收益目标）,换热网络全局改造流程（最大收益目标）,换热网络全局改造流程（最大收益目标）,换热网络全局改造流程（最大收益目标）,换热网络全局改造流程（最大收益目标）,换热网络全局改造流程（最大收益目标）,换热网络全局改造流程（最大收益目标）,换热网络全局改造流程（最大收益目标）,换热网络全局改造流程（最大收益目标）,换热网络全局改造流程（最大收益目标）,换热网络全局改造流程（最大收益目标）,换热网络全局改造流程（最大收益目标）,换热网络全局改造流程（最大收益目标）,换热网络全局改造流程（最大收益目标）,换热网络全局改造流程（最大收益目标）,换热网络全局改造流程（最大收益目标）
optimization_ds.csv,34,optimization,换热网络全局改造流程（最低运行成本目标）,换热网络改造，运行成本最低为目标,输入表述形态多样性,口语化简化表述,2034/3/3,0,0,0,换热网络改造流程（最低运行费用目标）,换热网络改造流程（最低运行费用目标）,换热网络改造流程（最低运行费用目标）,换热网络改造流程（最低运行费用目标）,换热网络改造流程（最低运行费用目标）,换热网络改造流程（最低运行费用目标）,换热网络改造流程（最低运行费用目标）,换热网络改造流程（最低运行费用目标）,换热网络改造流程（最低运行费用目标）,换热网络改造流程（最低运行费用目标）,换热网络改造流程（最低运行费用目标）,换热网络改造流程（最低运行费用目标）,换热网络改造流程（最低运行费用目标）,换热网络改造流程（最低运行费用目标）,换热网络改造流程（最低运行费用目标）,换热网络改造流程（最低运行费用目标）,换热网络改造流程（最低运行费用目标）,换热网络改造流程（最低运行费用目标）
optimization_ds.csv,34,optimization,换热网络全局改造流程（最低运行成本目标）,全局改造，成本最低,输入表述形态多样性,口语化简化表述,2034/3/4,0,0,0,换热网络全局改造流程（最大收益目标）,换热网络全局改造流程（最大收益目标）,换热网络全局改造流程（最大收益目标）,换热网络全局改造流程（最大收益目标）,换热网络全局改造流程（最大收益目标）,换热网络全局改造流程（最大收益目标）,换热网络全局改造流程（最大收益目标）,换热网络全局改造流程（最大收益目标）,换热网络全局改造流程（最大收益目标）,换热网络全局改造流程（最大收益目标）,换热网络全局改造流程（最大收益目标）,换热网络全局改造流程（最大收益目标）,换热网络全局改造流程（最大收益目标）,换热网络全局改造流程（最大收益目标）,换热网络全局改造流程（最大收益目标）,换热网络全局改造流程（最大收益目标）,换热网络全局改造流程（最大收益目标）,换热网络全局改造流程（最大收益目标）
optimization_ds.csv,34,optimization,换热网络全局改造流程（最低运行成本目标）,换热网络全面改造，要最低成本,输入表述形态多样性,口语化简化表述,2034/3/5,0,0,0,换热网络性能评估与全局改造流程（最大效益最低费用目标）,换热网络性能评估与全局改造流程（最大效益最低费用目标）,换热网络性能评估与全局改造流程（最大效益最低费用目标）,换热网络性能评估与全局改造流程（最大效益最低费用目标）,换热网络性能评估与全局改造流程（最大效益最低费用目标）,换热网络性能评估与全局改造流程（最大效益最低费用目标）,换热网络性能评估与全局改造流程（最大效益最低费用目标）,换热网络性能评估与全局改造流程（最大效益最低费用目标）,换热网络性能评估与全局改造流程（最大效益最低费用目标）,换热网络性能评估与全局改造流程（最大效益最低费用目标）,换热网络性能评估与全局改造流程（最大效益最低费用目标）,换热网络性能评估与全局改造流程（最大效益最低费用目标）,换热网络性能评估与全局改造流程（最大效益最低费用目标）,换热网络性能评估与全局改造流程（最大效益最低费用目标）,换热网络性能评估与全局改造流程（最大效益最低费用目标）,换热网络性能评估与全局改造流程（最大效益最低费用目标）,换热网络性能评估与全局改造流程（最大效益最低费用目标）,换热网络性能评估与全局改造流程（最大效益最低费用目标）
optimization_ds.csv,34,optimization,换热网络全局改造流程（最低运行成本目标）,查询换热网络当前运行成本（非全局改造）,意图边界与歧义性,相似意图区分,2034/4/1,0,0,0,,,,,,,,,,,,,,,,,,
optimization_ds.csv,34,optimization,换热网络全局改造流程（最低运行成本目标）,请帮我对换热网络进行全局改造，改造的目标是运行成本最低，不考虑现场限制（核心意图）,意图边界与歧义性,相似意图区分,2034/4/2,9,0,9,换热网络性能评估与全局改造流程（最大收益最低成本目标）,换热网络性能评估与全局改造流程（最大收益最低成本目标）,换热网络性能评估与全局改造流程（最大收益最低成本目标）,换热网络性能评估与全局改造流程（最大收益最低成本目标）,换热网络性能评估与全局改造流程（最大收益最低成本目标）,换热网络性能评估与全局改造流程（最大收益最低成本目标）,换热网络性能评估与全局改造流程（最大收益最低成本目标）,换热网络性能评估与全局改造流程（最大收益最低成本目标）,换热网络性能评估与全局改造流程（最大收益最低成本目标）,换热网络全局改造流程（最低运行成本目标）,换热网络全局改造流程（最低运行成本目标）,换热网络全局改造流程（最低运行成本目标）,换热网络全局改造流程（最低运行成本目标）,换热网络全局改造流程（最低运行成本目标）,换热网络全局改造流程（最低运行成本目标）,换热网络全局改造流程（最低运行成本目标）,换热网络全局改造流程（最低运行成本目标）,换热网络全局改造流程（最低运行成本目标）
optimization_ds.csv,34,optimization,换热网络全局改造流程（最低运行成本目标）,优化换热网络参数（非全局改造）,意图边界与歧义性,相似意图区分,2034/4/3,0,0,0,,,,,,,,,,换热器改造流程（不改变网络结构）,换热器改造流程（不改变网络结构）,换热器改造流程（不改变网络结构）,换热器改造流程（不改变网络结构）,换热器改造流程（不改变网络结构）,换热器改造流程（不改变网络结构）,换热器改造流程（不改变网络结构）,换热器改造流程（不改变网络结构）,换热器改造流程（不改变网络结构）
optimization_ds.csv,34,optimization,换热网络全局改造流程（最低运行成本目标）,维护换热网络设备（非全局改造）,意图边界与歧义性,相似意图区分,2034/4/4,0,0,0,换热器改造流程（不改变网络结构）,换热器改造流程（不改变网络结构）,换热器改造流程（不改变网络结构）,换热器改造流程（不改变网络结构）,换热器改造流程（不改变网络结构）,换热器改造流程（不改变网络结构）,换热器改造流程（不改变网络结构）,换热器改造流程（不改变网络结构）,换热器改造流程（不改变网络结构）,,,,,,,,,
optimization_ds.csv,34,optimization,换热网络全局改造流程（最低运行成本目标）,局部改造换热网络（非全局改造）,意图边界与歧义性,相似意图区分,2034/4/5,0,0,0,,,,,,,,,,,换热器改造流程（不改变网络结构）,换热器改造流程（不改变网络结构）,,换热器改造流程（不改变网络结构）,,,,换热器改造流程（不改变网络结构）
optimization_ds.csv,34,optimization,换热网络全局改造流程（最低运行成本目标）,运行成本压力大，请帮我对换热网络进行全局改造，改造的目标是运行成本最低，不考虑现场限制,干扰因素与鲁棒性,冗余信息叠加,2034/5/1,18,9,9,换热网络全局改造流程（最低运行成本目标）,换热网络全局改造流程（最低运行成本目标）,换热网络全局改造流程（最低运行成本目标）,换热网络全局改造流程（最低运行成本目标）,换热网络全局改造流程（最低运行成本目标）,换热网络全局改造流程（最低运行成本目标）,换热网络全局改造流程（最低运行成本目标）,换热网络全局改造流程（最低运行成本目标）,换热网络全局改造流程（最低运行成本目标）,换热网络全局改造流程（最低运行成本目标）,换热网络全局改造流程（最低运行成本目标）,换热网络全局改造流程（最低运行成本目标）,换热网络全局改造流程（最低运行成本目标）,换热网络全局改造流程（最低运行成本目标）,换热网络全局改造流程（最低运行成本目标）,换热网络全局改造流程（最低运行成本目标）,换热网络全局改造流程（最低运行成本目标）,换热网络全局改造流程（最低运行成本目标）
optimization_ds.csv,34,optimization,换热网络全局改造流程（最低运行成本目标）,成本控制要求严格，请帮我对换热网络进行全局改造，改造的目标是运行成本最低，不考虑现场限制,干扰因素与鲁棒性,冗余信息叠加,2034/5/2,18,9,9,换热网络全局改造流程（最低运行成本目标）,换热网络全局改造流程（最低运行成本目标）,换热网络全局改造流程（最低运行成本目标）,换热网络全局改造流程（最低运行成本目标）,换热网络全局改造流程（最低运行成本目标）,换热网络全局改造流程（最低运行成本目标）,换热网络全局改造流程（最低运行成本目标）,换热网络全局改造流程（最低运行成本目标）,换热网络全局改造流程（最低运行成本目标）,换热网络全局改造流程（最低运行成本目标）,换热网络全局改造流程（最低运行成本目标）,换热网络全局改造流程（最低运行成本目标）,换热网络全局改造流程（最低运行成本目标）,换热网络全局改造流程（最低运行成本目标）,换热网络全局改造流程（最低运行成本目标）,换热网络全局改造流程（最低运行成本目标）,换热网络全局改造流程（最低运行成本目标）,换热网络全局改造流程（最低运行成本目标）
optimization_ds.csv,34,optimization,换热网络全局改造流程（最低运行成本目标）,节能降耗目标，请帮我对换热网络进行全局改造，改造的目标是运行成本最低，不考虑现场限制,干扰因素与鲁棒性,冗余信息叠加,2034/5/3,0,0,0,换热网络性能评估与全局改造流程（无现场限制）,换热网络性能评估与全局改造流程（无现场限制）,换热网络性能评估与全局改造流程（无现场限制）,换热网络性能评估与全局改造流程（无现场限制）,换热网络性能评估与全局改造流程（无现场限制）,换热网络性能评估与全局改造流程（无现场限制）,换热网络性能评估与全局改造流程（无现场限制）,换热网络性能评估与全局改造流程（无现场限制）,换热网络性能评估与全局改造流程（无现场限制）,换热网络性能评估与全局改造流程（最大收益最低成本目标）,换热网络性能评估与全局改造流程（最大收益最低成本目标）,换热网络性能评估与全局改造流程（最大收益最低成本目标）,换热网络性能评估与全局改造流程（最大收益最低成本目标）,换热网络性能评估与全局改造流程（最大收益最低成本目标）,换热网络性能评估与全局改造流程（最大收益最低成本目标）,换热网络性能评估与全局改造流程（最大收益最低成本目标）,换热网络性能评估与全局改造流程（最大收益最低成本目标）,换热网络性能评估与全局改造流程（最大收益最低成本目标）
optimization_ds.csv,34,optimization,换热网络全局改造流程（最低运行成本目标）,经济效益分析需要，请帮我对换热网络进行全局改造，改造的目标是运行成本最低，不考虑现场限制,干扰因素与鲁棒性,冗余信息叠加,2034/5/4,9,0,9,换热网络全局改造流程（无现场限制）,换热网络全局改造流程（无现场限制）,换热网络全局改造流程（无现场限制）,换热网络全局改造流程（无现场限制）,换热网络全局改造流程（无现场限制）,换热网络全局改造流程（无现场限制）,换热网络全局改造流程（无现场限制）,换热网络全局改造流程（无现场限制）,换热网络全局改造流程（无现场限制）,换热网络全局改造流程（最低运行成本目标）,换热网络全局改造流程（最低运行成本目标）,换热网络全局改造流程（最低运行成本目标）,换热网络全局改造流程（最低运行成本目标）,换热网络全局改造流程（最低运行成本目标）,换热网络全局改造流程（最低运行成本目标）,换热网络全局改造流程（最低运行成本目标）,换热网络全局改造流程（最低运行成本目标）,换热网络全局改造流程（最低运行成本目标）
optimization_ds.csv,34,optimization,换热网络全局改造流程（最低运行成本目标）,长期运行优化，请帮我对换热网络进行全局改造，改造的目标是运行成本最低，不考虑现场限制,干扰因素与鲁棒性,冗余信息叠加,2034/5/5,18,9,9,换热网络全局改造流程（最低运行成本目标）,换热网络全局改造流程（最低运行成本目标）,换热网络全局改造流程（最低运行成本目标）,换热网络全局改造流程（最低运行成本目标）,换热网络全局改造流程（最低运行成本目标）,换热网络全局改造流程（最低运行成本目标）,换热网络全局改造流程（最低运行成本目标）,换热网络全局改造流程（最低运行成本目标）,换热网络全局改造流程（最低运行成本目标）,换热网络全局改造流程（最低运行成本目标）,换热网络全局改造流程（最低运行成本目标）,换热网络全局改造流程（最低运行成本目标）,换热网络全局改造流程（最低运行成本目标）,换热网络全局改造流程（最低运行成本目标）,换热网络全局改造流程（最低运行成本目标）,换热网络全局改造流程（最低运行成本目标）,换热网络全局改造流程（最低运行成本目标）,换热网络全局改造流程（最低运行成本目标）
optimization_ds.csv,34,optimization,换热网络全局改造流程（最低运行成本目标）,新装置经济性设计，请帮我对换热网络进行全局改造，改造的目标是运行成本最低，不考虑现场限制,实际工况适配性,全工况场景,2034/6/1,18,9,9,换热网络全局改造流程（最低运行成本目标）,换热网络全局改造流程（最低运行成本目标）,换热网络全局改造流程（最低运行成本目标）,换热网络全局改造流程（最低运行成本目标）,换热网络全局改造流程（最低运行成本目标）,换热网络全局改造流程（最低运行成本目标）,换热网络全局改造流程（最低运行成本目标）,换热网络全局改造流程（最低运行成本目标）,换热网络全局改造流程（最低运行成本目标）,换热网络全局改造流程（最低运行成本目标）,换热网络全局改造流程（最低运行成本目标）,换热网络全局改造流程（最低运行成本目标）,换热网络全局改造流程（最低运行成本目标）,换热网络全局改造流程（最低运行成本目标）,换热网络全局改造流程（最低运行成本目标）,换热网络全局改造流程（最低运行成本目标）,换热网络全局改造流程（最低运行成本目标）,换热网络全局改造流程（最低运行成本目标）
optimization_ds.csv,34,optimization,换热网络全局改造流程（最低运行成本目标）,运行成本优化项目，请帮我对换热网络进行全局改造，改造的目标是运行成本最低，不考虑现场限制,实际工况适配性,全工况场景,2034/6/2,18,9,9,换热网络全局改造流程（最低运行成本目标）,换热网络全局改造流程（最低运行成本目标）,换热网络全局改造流程（最低运行成本目标）,换热网络全局改造流程（最低运行成本目标）,换热网络全局改造流程（最低运行成本目标）,换热网络全局改造流程（最低运行成本目标）,换热网络全局改造流程（最低运行成本目标）,换热网络全局改造流程（最低运行成本目标）,换热网络全局改造流程（最低运行成本目标）,换热网络全局改造流程（最低运行成本目标）,换热网络全局改造流程（最低运行成本目标）,换热网络全局改造流程（最低运行成本目标）,换热网络全局改造流程（最低运行成本目标）,换热网络全局改造流程（最低运行成本目标）,换热网络全局改造流程（最低运行成本目标）,换热网络全局改造流程（最低运行成本目标）,换热网络全局改造流程（最低运行成本目标）,换热网络全局改造流程（最低运行成本目标）
optimization_ds.csv,34,optimization,换热网络全局改造流程（最低运行成本目标）,成本控制要求提高，请帮我对换热网络进行全局改造，改造的目标是运行成本最低，不考虑现场限制,实际工况适配性,全工况场景,2034/6/3,18,9,9,换热网络全局改造流程（最低运行成本目标）,换热网络全局改造流程（最低运行成本目标）,换热网络全局改造流程（最低运行成本目标）,换热网络全局改造流程（最低运行成本目标）,换热网络全局改造流程（最低运行成本目标）,换热网络全局改造流程（最低运行成本目标）,换热网络全局改造流程（最低运行成本目标）,换热网络全局改造流程（最低运行成本目标）,换热网络全局改造流程（最低运行成本目标）,换热网络全局改造流程（最低运行成本目标）,换热网络全局改造流程（最低运行成本目标）,换热网络全局改造流程（最低运行成本目标）,换热网络全局改造流程（最低运行成本目标）,换热网络全局改造流程（最低运行成本目标）,换热网络全局改造流程（最低运行成本目标）,换热网络全局改造流程（最低运行成本目标）,换热网络全局改造流程（最低运行成本目标）,换热网络全局改造流程（最低运行成本目标）
optimization_ds.csv,34,optimization,换热网络全局改造流程（最低运行成本目标）,能效提升需求，请帮我对换热网络进行全局改造，改造的目标是运行成本最低，不考虑现场限制,实际工况适配性,全工况场景,2034/6/4,0,0,0,换热网络性能评估与全局改造流程（最大收益最低成本目标）,换热网络性能评估与全局改造流程（最大收益最低成本目标）,换热网络性能评估与全局改造流程（最大收益最低成本目标）,换热网络性能评估与全局改造流程（最大收益最低成本目标）,换热网络性能评估与全局改造流程（最大收益最低成本目标）,换热网络性能评估与全局改造流程（最大收益最低成本目标）,换热网络性能评估与全局改造流程（最大收益最低成本目标）,换热网络性能评估与全局改造流程（最大收益最低成本目标）,换热网络性能评估与全局改造流程（最大收益最低成本目标）,换热网络性能评估与全局改造流程（最大收益最低成本目标）,换热网络性能评估与全局改造流程（最大收益最低成本目标）,换热网络性能评估与全局改造流程（最大收益最低成本目标）,换热网络性能评估与全局改造流程（最大收益最低成本目标）,换热网络性能评估与全局改造流程（最大收益最低成本目标）,换热网络性能评估与全局改造流程（最大收益最低成本目标）,换热网络性能评估与全局改造流程（最大收益最低成本目标）,换热网络性能评估与全局改造流程（最大收益最低成本目标）,换热网络性能评估与全局改造流程（最大收益最低成本目标）
optimization_ds.csv,34,optimization,换热网络全局改造流程（最低运行成本目标）,设备更新经济性分析，请帮我对换热网络进行全局改造，改造的目标是运行成本最低，不考虑现场限制,实际工况适配性,全工况场景,2034/6/5,18,9,9,换热网络全局改造流程（最低运行成本目标）,换热网络全局改造流程（最低运行成本目标）,换热网络全局改造流程（最低运行成本目标）,换热网络全局改造流程（最低运行成本目标）,换热网络全局改造流程（最低运行成本目标）,换热网络全局改造流程（最低运行成本目标）,换热网络全局改造流程（最低运行成本目标）,换热网络全局改造流程（最低运行成本目标）,换热网络全局改造流程（最低运行成本目标）,换热网络全局改造流程（最低运行成本目标）,换热网络全局改造流程（最低运行成本目标）,换热网络全局改造流程（最低运行成本目标）,换热网络全局改造流程（最低运行成本目标）,换热网络全局改造流程（最低运行成本目标）,换热网络全局改造流程（最低运行成本目标）,换热网络全局改造流程（最低运行成本目标）,换热网络全局改造流程（最低运行成本目标）,换热网络全局改造流程（最低运行成本目标）
optimization_ds.csv,35,optimization,换热网络改造流程（最低运行费用目标）,请帮我改造换热网络，改造的目标是运行费用最低,场景与功能全覆盖,直接复用语料,2035/1/1,18,9,9,换热网络改造流程（最低运行费用目标）,换热网络改造流程（最低运行费用目标）,换热网络改造流程（最低运行费用目标）,换热网络改造流程（最低运行费用目标）,换热网络改造流程（最低运行费用目标）,换热网络改造流程（最低运行费用目标）,换热网络改造流程（最低运行费用目标）,换热网络改造流程（最低运行费用目标）,换热网络改造流程（最低运行费用目标）,换热网络改造流程（最低运行费用目标）,换热网络改造流程（最低运行费用目标）,换热网络改造流程（最低运行费用目标）,换热网络改造流程（最低运行费用目标）,换热网络改造流程（最低运行费用目标）,换热网络改造流程（最低运行费用目标）,换热网络改造流程（最低运行费用目标）,换热网络改造流程（最低运行费用目标）,换热网络改造流程（最低运行费用目标）
optimization_ds.csv,35,optimization,换热网络改造流程（最低运行费用目标）,请帮我改造换热网络，改造的目标是运行费用最低,场景与功能全覆盖,直接复用语料,2035/1/2,18,9,9,换热网络改造流程（最低运行费用目标）,换热网络改造流程（最低运行费用目标）,换热网络改造流程（最低运行费用目标）,换热网络改造流程（最低运行费用目标）,换热网络改造流程（最低运行费用目标）,换热网络改造流程（最低运行费用目标）,换热网络改造流程（最低运行费用目标）,换热网络改造流程（最低运行费用目标）,换热网络改造流程（最低运行费用目标）,换热网络改造流程（最低运行费用目标）,换热网络改造流程（最低运行费用目标）,换热网络改造流程（最低运行费用目标）,换热网络改造流程（最低运行费用目标）,换热网络改造流程（最低运行费用目标）,换热网络改造流程（最低运行费用目标）,换热网络改造流程（最低运行费用目标）,换热网络改造流程（最低运行费用目标）,换热网络改造流程（最低运行费用目标）
optimization_ds.csv,35,optimization,换热网络改造流程（最低运行费用目标）,请帮我改造换热网络，改造的目标是运行费用最低,场景与功能全覆盖,直接复用语料,2035/1/3,18,9,9,换热网络改造流程（最低运行费用目标）,换热网络改造流程（最低运行费用目标）,换热网络改造流程（最低运行费用目标）,换热网络改造流程（最低运行费用目标）,换热网络改造流程（最低运行费用目标）,换热网络改造流程（最低运行费用目标）,换热网络改造流程（最低运行费用目标）,换热网络改造流程（最低运行费用目标）,换热网络改造流程（最低运行费用目标）,换热网络改造流程（最低运行费用目标）,换热网络改造流程（最低运行费用目标）,换热网络改造流程（最低运行费用目标）,换热网络改造流程（最低运行费用目标）,换热网络改造流程（最低运行费用目标）,换热网络改造流程（最低运行费用目标）,换热网络改造流程（最低运行费用目标）,换热网络改造流程（最低运行费用目标）,换热网络改造流程（最低运行费用目标）
optimization_ds.csv,35,optimization,换热网络改造流程（最低运行费用目标）,请帮我改造换热网络，改造的目标是运行费用最低,场景与功能全覆盖,直接复用语料,2035/1/4,18,9,9,换热网络改造流程（最低运行费用目标）,换热网络改造流程（最低运行费用目标）,换热网络改造流程（最低运行费用目标）,换热网络改造流程（最低运行费用目标）,换热网络改造流程（最低运行费用目标）,换热网络改造流程（最低运行费用目标）,换热网络改造流程（最低运行费用目标）,换热网络改造流程（最低运行费用目标）,换热网络改造流程（最低运行费用目标）,换热网络改造流程（最低运行费用目标）,换热网络改造流程（最低运行费用目标）,换热网络改造流程（最低运行费用目标）,换热网络改造流程（最低运行费用目标）,换热网络改造流程（最低运行费用目标）,换热网络改造流程（最低运行费用目标）,换热网络改造流程（最低运行费用目标）,换热网络改造流程（最低运行费用目标）,换热网络改造流程（最低运行费用目标）
optimization_ds.csv,35,optimization,换热网络改造流程（最低运行费用目标）,请帮我改造换热网络，改造的目标是运行费用最低,场景与功能全覆盖,直接复用语料,2035/1/5,18,9,9,换热网络改造流程（最低运行费用目标）,换热网络改造流程（最低运行费用目标）,换热网络改造流程（最低运行费用目标）,换热网络改造流程（最低运行费用目标）,换热网络改造流程（最低运行费用目标）,换热网络改造流程（最低运行费用目标）,换热网络改造流程（最低运行费用目标）,换热网络改造流程（最低运行费用目标）,换热网络改造流程（最低运行费用目标）,换热网络改造流程（最低运行费用目标）,换热网络改造流程（最低运行费用目标）,换热网络改造流程（最低运行费用目标）,换热网络改造流程（最低运行费用目标）,换热网络改造流程（最低运行费用目标）,换热网络改造流程（最低运行费用目标）,换热网络改造流程（最低运行费用目标）,换热网络改造流程（最低运行费用目标）,换热网络改造流程（最低运行费用目标）
optimization_ds.csv,35,optimization,换热网络改造流程（最低运行费用目标）,执行换热网络改造，目标运行费用最低化,输入表述形态多样性,专业规范表述,2035/2/1,18,9,9,换热网络改造流程（最低运行费用目标）,换热网络改造流程（最低运行费用目标）,换热网络改造流程（最低运行费用目标）,换热网络改造流程（最低运行费用目标）,换热网络改造流程（最低运行费用目标）,换热网络改造流程（最低运行费用目标）,换热网络改造流程（最低运行费用目标）,换热网络改造流程（最低运行费用目标）,换热网络改造流程（最低运行费用目标）,换热网络改造流程（最低运行费用目标）,换热网络改造流程（最低运行费用目标）,换热网络改造流程（最低运行费用目标）,换热网络改造流程（最低运行费用目标）,换热网络改造流程（最低运行费用目标）,换热网络改造流程（最低运行费用目标）,换热网络改造流程（最低运行费用目标）,换热网络改造流程（最低运行费用目标）,换热网络改造流程（最低运行费用目标）
optimization_ds.csv,35,optimization,换热网络改造流程（最低运行费用目标）,换热网络改造方案设计，追求运行费用最低,输入表述形态多样性,专业规范表述,2035/2/2,18,9,9,换热网络改造流程（最低运行费用目标）,换热网络改造流程（最低运行费用目标）,换热网络改造流程（最低运行费用目标）,换热网络改造流程（最低运行费用目标）,换热网络改造流程（最低运行费用目标）,换热网络改造流程（最低运行费用目标）,换热网络改造流程（最低运行费用目标）,换热网络改造流程（最低运行费用目标）,换热网络改造流程（最低运行费用目标）,换热网络改造流程（最低运行费用目标）,换热网络改造流程（最低运行费用目标）,换热网络改造流程（最低运行费用目标）,换热网络改造流程（最低运行费用目标）,换热网络改造流程（最低运行费用目标）,换热网络改造流程（最低运行费用目标）,换热网络改造流程（最低运行费用目标）,换热网络改造流程（最低运行费用目标）,换热网络改造流程（最低运行费用目标）
optimization_ds.csv,35,optimization,换热网络改造流程（最低运行费用目标）,改造换热网络，优化目标为运行费用最低,输入表述形态多样性,专业规范表述,2035/2/3,18,9,9,换热网络改造流程（最低运行费用目标）,换热网络改造流程（最低运行费用目标）,换热网络改造流程（最低运行费用目标）,换热网络改造流程（最低运行费用目标）,换热网络改造流程（最低运行费用目标）,换热网络改造流程（最低运行费用目标）,换热网络改造流程（最低运行费用目标）,换热网络改造流程（最低运行费用目标）,换热网络改造流程（最低运行费用目标）,换热网络改造流程（最低运行费用目标）,换热网络改造流程（最低运行费用目标）,换热网络改造流程（最低运行费用目标）,换热网络改造流程（最低运行费用目标）,换热网络改造流程（最低运行费用目标）,换热网络改造流程（最低运行费用目标）,换热网络改造流程（最低运行费用目标）,换热网络改造流程（最低运行费用目标）,换热网络改造流程（最低运行费用目标）
optimization_ds.csv,35,optimization,换热网络改造流程（最低运行费用目标）,换热网络改造，以运行费用最低为导向,输入表述形态多样性,专业规范表述,2035/2/4,9,9,0,换热网络改造流程（最低运行费用目标）,换热网络改造流程（最低运行费用目标）,换热网络改造流程（最低运行费用目标）,换热网络改造流程（最低运行费用目标）,换热网络改造流程（最低运行费用目标）,换热网络改造流程（最低运行费用目标）,换热网络改造流程（最低运行费用目标）,换热网络改造流程（最低运行费用目标）,换热网络改造流程（最低运行费用目标）,换热网络全局改造流程（最大收益目标）,换热网络全局改造流程（最大收益目标）,换热网络全局改造流程（最大收益目标）,换热网络全局改造流程（最大收益目标）,换热网络全局改造流程（最大收益目标）,换热网络全局改造流程（最大收益目标）,换热网络全局改造流程（最大收益目标）,换热网络全局改造流程（最大收益目标）,换热网络全局改造流程（最大收益目标）
optimization_ds.csv,35,optimization,换热网络改造流程（最低运行费用目标）,运行费用最低化的换热网络改造,输入表述形态多样性,专业规范表述,2035/2/5,8,0,8,常减压装置换热网络优化改造流程,常减压装置换热网络优化改造流程,常减压装置换热网络优化改造流程,常减压装置换热网络优化改造流程,常减压装置换热网络优化改造流程,常减压装置换热网络优化改造流程,常减压装置换热网络优化改造流程,常减压装置换热网络优化改造流程,常减压装置换热网络优化改造流程,换热网络改造流程（最低运行费用目标）,换热网络改造流程（最低运行费用目标）,换热网络改造流程（最低运行费用目标）,常减压装置换热网络优化改造流程,换热网络改造流程（最低运行费用目标）,换热网络改造流程（最低运行费用目标）,换热网络改造流程（最低运行费用目标）,换热网络改造流程（最低运行费用目标）,换热网络改造流程（最低运行费用目标）
optimization_ds.csv,35,optimization,换热网络改造流程（最低运行费用目标）,换热网络改造，要运行费用最低,输入表述形态多样性,口语化简化表述,2035/3/1,9,9,0,换热网络改造流程（最低运行费用目标）,换热网络改造流程（最低运行费用目标）,换热网络改造流程（最低运行费用目标）,换热网络改造流程（最低运行费用目标）,换热网络改造流程（最低运行费用目标）,换热网络改造流程（最低运行费用目标）,换热网络改造流程（最低运行费用目标）,换热网络改造流程（最低运行费用目标）,换热网络改造流程（最低运行费用目标）,换热网络性能评估与全局改造流程（最大效益最低费用目标）,换热网络性能评估与全局改造流程（最大效益最低费用目标）,换热网络性能评估与全局改造流程（最大效益最低费用目标）,换热网络性能评估与全局改造流程（最大效益最低费用目标）,换热网络性能评估与全局改造流程（最大效益最低费用目标）,换热网络性能评估与全局改造流程（最大效益最低费用目标）,换热网络性能评估与全局改造流程（最大效益最低费用目标）,换热网络性能评估与全局改造流程（最大效益最低费用目标）,换热网络性能评估与全局改造流程（最大效益最低费用目标）
optimization_ds.csv,35,optimization,换热网络改造流程（最低运行费用目标）,改造换热网络，费用最低化,输入表述形态多样性,口语化简化表述,2035/3/2,0,0,0,常减压装置换热网络优化改造流程,常减压装置换热网络优化改造流程,常减压装置换热网络优化改造流程,常减压装置换热网络优化改造流程,常减压装置换热网络优化改造流程,常减压装置换热网络优化改造流程,常减压装置换热网络优化改造流程,常减压装置换热网络优化改造流程,常减压装置换热网络优化改造流程,常减压装置换热网络优化改造流程,常减压装置换热网络优化改造流程,常减压装置换热网络优化改造流程,常减压装置换热网络优化改造流程,常减压装置换热网络优化改造流程,常减压装置换热网络优化改造流程,常减压装置换热网络优化改造流程,常减压装置换热网络优化改造流程,常减压装置换热网络优化改造流程
optimization_ds.csv,35,optimization,换热网络改造流程（最低运行费用目标）,换热网络改造，运行费用最低为目标,输入表述形态多样性,口语化简化表述,2035/3/3,18,9,9,换热网络改造流程（最低运行费用目标）,换热网络改造流程（最低运行费用目标）,换热网络改造流程（最低运行费用目标）,换热网络改造流程（最低运行费用目标）,换热网络改造流程（最低运行费用目标）,换热网络改造流程（最低运行费用目标）,换热网络改造流程（最低运行费用目标）,换热网络改造流程（最低运行费用目标）,换热网络改造流程（最低运行费用目标）,换热网络改造流程（最低运行费用目标）,换热网络改造流程（最低运行费用目标）,换热网络改造流程（最低运行费用目标）,换热网络改造流程（最低运行费用目标）,换热网络改造流程（最低运行费用目标）,换热网络改造流程（最低运行费用目标）,换热网络改造流程（最低运行费用目标）,换热网络改造流程（最低运行费用目标）,换热网络改造流程（最低运行费用目标）
optimization_ds.csv,35,optimization,换热网络改造流程（最低运行费用目标）,改造换热网络，费用最低,输入表述形态多样性,口语化简化表述,2035/3/4,18,9,9,换热网络改造流程（最低运行费用目标）,换热网络改造流程（最低运行费用目标）,换热网络改造流程（最低运行费用目标）,换热网络改造流程（最低运行费用目标）,换热网络改造流程（最低运行费用目标）,换热网络改造流程（最低运行费用目标）,换热网络改造流程（最低运行费用目标）,换热网络改造流程（最低运行费用目标）,换热网络改造流程（最低运行费用目标）,换热网络改造流程（最低运行费用目标）,换热网络改造流程（最低运行费用目标）,换热网络改造流程（最低运行费用目标）,换热网络改造流程（最低运行费用目标）,换热网络改造流程（最低运行费用目标）,换热网络改造流程（最低运行费用目标）,换热网络改造流程（最低运行费用目标）,换热网络改造流程（最低运行费用目标）,换热网络改造流程（最低运行费用目标）
optimization_ds.csv,35,optimization,换热网络改造流程（最低运行费用目标）,换热网络改造，要最低费用,输入表述形态多样性,口语化简化表述,2035/3/5,9,9,0,换热网络改造流程（最低运行费用目标）,换热网络改造流程（最低运行费用目标）,换热网络改造流程（最低运行费用目标）,换热网络改造流程（最低运行费用目标）,换热网络改造流程（最低运行费用目标）,换热网络改造流程（最低运行费用目标）,换热网络改造流程（最低运行费用目标）,换热网络改造流程（最低运行费用目标）,换热网络改造流程（最低运行费用目标）,常减压装置换热网络优化改造流程,常减压装置换热网络优化改造流程,常减压装置换热网络优化改造流程,常减压装置换热网络优化改造流程,常减压装置换热网络优化改造流程,常减压装置换热网络优化改造流程,常减压装置换热网络优化改造流程,常减压装置换热网络优化改造流程,常减压装置换热网络优化改造流程
optimization_ds.csv,35,optimization,换热网络改造流程（最低运行费用目标）,查询换热网络当前运行费用（非改造）,意图边界与歧义性,相似意图区分,2035/4/1,0,0,0,,,,,,,,,,,,,,,,,,
optimization_ds.csv,35,optimization,换热网络改造流程（最低运行费用目标）,请帮我改造换热网络，改造的目标是运行费用最低（核心意图）,意图边界与歧义性,相似意图区分,2035/4/2,18,9,9,换热网络改造流程（最低运行费用目标）,换热网络改造流程（最低运行费用目标）,换热网络改造流程（最低运行费用目标）,换热网络改造流程（最低运行费用目标）,换热网络改造流程（最低运行费用目标）,换热网络改造流程（最低运行费用目标）,换热网络改造流程（最低运行费用目标）,换热网络改造流程（最低运行费用目标）,换热网络改造流程（最低运行费用目标）,换热网络改造流程（最低运行费用目标）,换热网络改造流程（最低运行费用目标）,换热网络改造流程（最低运行费用目标）,换热网络改造流程（最低运行费用目标）,换热网络改造流程（最低运行费用目标）,换热网络改造流程（最低运行费用目标）,换热网络改造流程（最低运行费用目标）,换热网络改造流程（最低运行费用目标）,换热网络改造流程（最低运行费用目标）
optimization_ds.csv,35,optimization,换热网络改造流程（最低运行费用目标）,优化换热网络参数（非改造）,意图边界与歧义性,相似意图区分,2035/4/3,0,0,0,,,,,,,,,,换热网络与换热器综合性能评估流程,换热网络与换热器综合性能评估流程,换热器改造流程（不改变网络结构）,换热网络与换热器综合性能评估流程,换热器改造流程（不改变网络结构）,换热网络与换热器综合性能评估流程,换热器改造流程（不改变网络结构）,换热器改造流程（不改变网络结构）,换热网络与换热器综合性能评估流程
optimization_ds.csv,35,optimization,换热网络改造流程（最低运行费用目标）,维护换热网络设备（非改造）,意图边界与歧义性,相似意图区分,2035/4/4,0,0,0,换热器改造流程（不改变网络结构）,换热器改造流程（不改变网络结构）,换热器改造流程（不改变网络结构）,换热器改造流程（不改变网络结构）,换热器改造流程（不改变网络结构）,换热器改造流程（不改变网络结构）,换热器改造流程（不改变网络结构）,换热器改造流程（不改变网络结构）,换热器改造流程（不改变网络结构）,换热器改造流程（不改变网络结构）,换热器改造流程（不改变网络结构）,换热器改造流程（不改变网络结构）,换热器改造流程（不改变网络结构）,换热器改造流程（不改变网络结构）,换热器改造流程（不改变网络结构）,换热器改造流程（不改变网络结构）,换热器改造流程（不改变网络结构）,换热器改造流程（不改变网络结构）
optimization_ds.csv,35,optimization,换热网络改造流程（最低运行费用目标）,重新设计换热网络（非改造）,意图边界与歧义性,相似意图区分,2035/4/5,0,0,0,换热网络重新设计流程（含限制条件）,换热网络重新设计流程（含限制条件）,换热网络重新设计流程（含限制条件）,换热网络重新设计流程（含限制条件）,换热网络重新设计流程（含限制条件）,换热网络重新设计流程（含限制条件）,换热网络重新设计流程（含限制条件）,换热网络重新设计流程（含限制条件）,换热网络重新设计流程（含限制条件）,换热网络重新设计流程（含限制条件）,换热网络重新设计流程（含限制条件）,换热网络重新设计流程（含限制条件）,换热网络重新设计流程（含限制条件）,换热网络重新设计流程（含限制条件）,换热网络重新设计流程（含限制条件）,换热网络重新设计流程（含限制条件）,换热网络重新设计流程（含限制条件）,换热网络重新设计流程（含限制条件）
optimization_ds.csv,35,optimization,换热网络改造流程（最低运行费用目标）,运行费用持续上升，请帮我改造换热网络，改造的目标是运行费用最低,干扰因素与鲁棒性,冗余信息叠加,2035/5/1,9,0,9,换热网络性能评估与全局改造流程（最大效益最低费用目标）,换热网络性能评估与全局改造流程（最大效益最低费用目标）,换热网络性能评估与全局改造流程（最大效益最低费用目标）,换热网络性能评估与全局改造流程（最大效益最低费用目标）,换热网络性能评估与全局改造流程（最大效益最低费用目标）,换热网络性能评估与全局改造流程（最大效益最低费用目标）,换热网络性能评估与全局改造流程（最大效益最低费用目标）,换热网络性能评估与全局改造流程（最大效益最低费用目标）,换热网络性能评估与全局改造流程（最大效益最低费用目标）,换热网络改造流程（最低运行费用目标）,换热网络改造流程（最低运行费用目标）,换热网络改造流程（最低运行费用目标）,换热网络改造流程（最低运行费用目标）,换热网络改造流程（最低运行费用目标）,换热网络改造流程（最低运行费用目标）,换热网络改造流程（最低运行费用目标）,换热网络改造流程（最低运行费用目标）,换热网络改造流程（最低运行费用目标）
optimization_ds.csv,35,optimization,换热网络改造流程（最低运行费用目标）,成本控制压力大，请帮我改造换热网络，改造的目标是运行费用最低,干扰因素与鲁棒性,冗余信息叠加,2035/5/2,18,9,9,换热网络改造流程（最低运行费用目标）,换热网络改造流程（最低运行费用目标）,换热网络改造流程（最低运行费用目标）,换热网络改造流程（最低运行费用目标）,换热网络改造流程（最低运行费用目标）,换热网络改造流程（最低运行费用目标）,换热网络改造流程（最低运行费用目标）,换热网络改造流程（最低运行费用目标）,换热网络改造流程（最低运行费用目标）,换热网络改造流程（最低运行费用目标）,换热网络改造流程（最低运行费用目标）,换热网络改造流程（最低运行费用目标）,换热网络改造流程（最低运行费用目标）,换热网络改造流程（最低运行费用目标）,换热网络改造流程（最低运行费用目标）,换热网络改造流程（最低运行费用目标）,换热网络改造流程（最低运行费用目标）,换热网络改造流程（最低运行费用目标）
optimization_ds.csv,35,optimization,换热网络改造流程（最低运行费用目标）,经济效益考核，请帮我改造换热网络，改造的目标是运行费用最低,干扰因素与鲁棒性,冗余信息叠加,2035/5/3,18,9,9,换热网络改造流程（最低运行费用目标）,换热网络改造流程（最低运行费用目标）,换热网络改造流程（最低运行费用目标）,换热网络改造流程（最低运行费用目标）,换热网络改造流程（最低运行费用目标）,换热网络改造流程（最低运行费用目标）,换热网络改造流程（最低运行费用目标）,换热网络改造流程（最低运行费用目标）,换热网络改造流程（最低运行费用目标）,换热网络改造流程（最低运行费用目标）,换热网络改造流程（最低运行费用目标）,换热网络改造流程（最低运行费用目标）,换热网络改造流程（最低运行费用目标）,换热网络改造流程（最低运行费用目标）,换热网络改造流程（最低运行费用目标）,换热网络改造流程（最低运行费用目标）,换热网络改造流程（最低运行费用目标）,换热网络改造流程（最低运行费用目标）
optimization_ds.csv,35,optimization,换热网络改造流程（最低运行费用目标）,节能指标要求，请帮我改造换热网络，改造的目标是运行费用最低,干扰因素与鲁棒性,冗余信息叠加,2035/5/4,18,9,9,换热网络改造流程（最低运行费用目标）,换热网络改造流程（最低运行费用目标）,换热网络改造流程（最低运行费用目标）,换热网络改造流程（最低运行费用目标）,换热网络改造流程（最低运行费用目标）,换热网络改造流程（最低运行费用目标）,换热网络改造流程（最低运行费用目标）,换热网络改造流程（最低运行费用目标）,换热网络改造流程（最低运行费用目标）,换热网络改造流程（最低运行费用目标）,换热网络改造流程（最低运行费用目标）,换热网络改造流程（最低运行费用目标）,换热网络改造流程（最低运行费用目标）,换热网络改造流程（最低运行费用目标）,换热网络改造流程（最低运行费用目标）,换热网络改造流程（最低运行费用目标）,换热网络改造流程（最低运行费用目标）,换热网络改造流程（最低运行费用目标）
optimization_ds.csv,35,optimization,换热网络改造流程（最低运行费用目标）,长期运行优化需求，请帮我改造换热网络，改造的目标是运行费用最低,干扰因素与鲁棒性,冗余信息叠加,2035/5/5,18,9,9,换热网络改造流程（最低运行费用目标）,换热网络改造流程（最低运行费用目标）,换热网络改造流程（最低运行费用目标）,换热网络改造流程（最低运行费用目标）,换热网络改造流程（最低运行费用目标）,换热网络改造流程（最低运行费用目标）,换热网络改造流程（最低运行费用目标）,换热网络改造流程（最低运行费用目标）,换热网络改造流程（最低运行费用目标）,换热网络改造流程（最低运行费用目标）,换热网络改造流程（最低运行费用目标）,换热网络改造流程（最低运行费用目标）,换热网络改造流程（最低运行费用目标）,换热网络改造流程（最低运行费用目标）,换热网络改造流程（最低运行费用目标）,换热网络改造流程（最低运行费用目标）,换热网络改造流程（最低运行费用目标）,换热网络改造流程（最低运行费用目标）
optimization_ds.csv,35,optimization,换热网络改造流程（最低运行费用目标）,新装置经济运行设计，请帮我改造换热网络，改造的目标是运行费用最低,实际工况适配性,全工况场景,2035/6/1,18,9,9,换热网络改造流程（最低运行费用目标）,换热网络改造流程（最低运行费用目标）,换热网络改造流程（最低运行费用目标）,换热网络改造流程（最低运行费用目标）,换热网络改造流程（最低运行费用目标）,换热网络改造流程（最低运行费用目标）,换热网络改造流程（最低运行费用目标）,换热网络改造流程（最低运行费用目标）,换热网络改造流程（最低运行费用目标）,换热网络改造流程（最低运行费用目标）,换热网络改造流程（最低运行费用目标）,换热网络改造流程（最低运行费用目标）,换热网络改造流程（最低运行费用目标）,换热网络改造流程（最低运行费用目标）,换热网络改造流程（最低运行费用目标）,换热网络改造流程（最低运行费用目标）,换热网络改造流程（最低运行费用目标）,换热网络改造流程（最低运行费用目标）
optimization_ds.csv,35,optimization,换热网络改造流程（最低运行费用目标）,运行费用优化项目，请帮我改造换热网络，改造的目标是运行费用最低,实际工况适配性,全工况场景,2035/6/2,18,9,9,换热网络改造流程（最低运行费用目标）,换热网络改造流程（最低运行费用目标）,换热网络改造流程（最低运行费用目标）,换热网络改造流程（最低运行费用目标）,换热网络改造流程（最低运行费用目标）,换热网络改造流程（最低运行费用目标）,换热网络改造流程（最低运行费用目标）,换热网络改造流程（最低运行费用目标）,换热网络改造流程（最低运行费用目标）,换热网络改造流程（最低运行费用目标）,换热网络改造流程（最低运行费用目标）,换热网络改造流程（最低运行费用目标）,换热网络改造流程（最低运行费用目标）,换热网络改造流程（最低运行费用目标）,换热网络改造流程（最低运行费用目标）,换热网络改造流程（最低运行费用目标）,换热网络改造流程（最低运行费用目标）,换热网络改造流程（最低运行费用目标）
optimization_ds.csv,35,optimization,换热网络改造流程（最低运行费用目标）,成本控制要求提高，请帮我改造换热网络，改造的目标是运行费用最低,实际工况适配性,全工况场景,2035/6/3,18,9,9,换热网络改造流程（最低运行费用目标）,换热网络改造流程（最低运行费用目标）,换热网络改造流程（最低运行费用目标）,换热网络改造流程（最低运行费用目标）,换热网络改造流程（最低运行费用目标）,换热网络改造流程（最低运行费用目标）,换热网络改造流程（最低运行费用目标）,换热网络改造流程（最低运行费用目标）,换热网络改造流程（最低运行费用目标）,换热网络改造流程（最低运行费用目标）,换热网络改造流程（最低运行费用目标）,换热网络改造流程（最低运行费用目标）,换热网络改造流程（最低运行费用目标）,换热网络改造流程（最低运行费用目标）,换热网络改造流程（最低运行费用目标）,换热网络改造流程（最低运行费用目标）,换热网络改造流程（最低运行费用目标）,换热网络改造流程（最低运行费用目标）
optimization_ds.csv,35,optimization,换热网络改造流程（最低运行费用目标）,能效提升需求，请帮我改造换热网络，改造的目标是运行费用最低,实际工况适配性,全工况场景,2035/6/4,18,9,9,换热网络改造流程（最低运行费用目标）,换热网络改造流程（最低运行费用目标）,换热网络改造流程（最低运行费用目标）,换热网络改造流程（最低运行费用目标）,换热网络改造流程（最低运行费用目标）,换热网络改造流程（最低运行费用目标）,换热网络改造流程（最低运行费用目标）,换热网络改造流程（最低运行费用目标）,换热网络改造流程（最低运行费用目标）,换热网络改造流程（最低运行费用目标）,换热网络改造流程（最低运行费用目标）,换热网络改造流程（最低运行费用目标）,换热网络改造流程（最低运行费用目标）,换热网络改造流程（最低运行费用目标）,换热网络改造流程（最低运行费用目标）,换热网络改造流程（最低运行费用目标）,换热网络改造流程（最低运行费用目标）,换热网络改造流程（最低运行费用目标）
optimization_ds.csv,35,optimization,换热网络改造流程（最低运行费用目标）,设备更新经济性，请帮我改造换热网络，改造的目标是运行费用最低,实际工况适配性,全工况场景,2035/6/5,18,9,9,换热网络改造流程（最低运行费用目标）,换热网络改造流程（最低运行费用目标）,换热网络改造流程（最低运行费用目标）,换热网络改造流程（最低运行费用目标）,换热网络改造流程（最低运行费用目标）,换热网络改造流程（最低运行费用目标）,换热网络改造流程（最低运行费用目标）,换热网络改造流程（最低运行费用目标）,换热网络改造流程（最低运行费用目标）,换热网络改造流程（最低运行费用目标）,换热网络改造流程（最低运行费用目标）,换热网络改造流程（最低运行费用目标）,换热网络改造流程（最低运行费用目标）,换热网络改造流程（最低运行费用目标）,换热网络改造流程（最低运行费用目标）,换热网络改造流程（最低运行费用目标）,换热网络改造流程（最低运行费用目标）,换热网络改造流程（最低运行费用目标）
optimization_ds.csv,36,optimization,换热网络改造流程（最大效益最低费用目标）,请帮我改造换热网络，改造的目标是年度效益最大_运行费用最低，不考虑现场限制,场景与功能全覆盖,直接复用语料,2036/1/1,18,9,9,换热网络改造流程（最大效益最低费用目标）,换热网络改造流程（最大效益最低费用目标）,换热网络改造流程（最大效益最低费用目标）,换热网络改造流程（最大效益最低费用目标）,换热网络改造流程（最大效益最低费用目标）,换热网络改造流程（最大效益最低费用目标）,换热网络改造流程（最大效益最低费用目标）,换热网络改造流程（最大效益最低费用目标）,换热网络改造流程（最大效益最低费用目标）,换热网络改造流程（最大效益最低费用目标）,换热网络改造流程（最大效益最低费用目标）,换热网络改造流程（最大效益最低费用目标）,换热网络改造流程（最大效益最低费用目标）,换热网络改造流程（最大效益最低费用目标）,换热网络改造流程（最大效益最低费用目标）,换热网络改造流程（最大效益最低费用目标）,换热网络改造流程（最大效益最低费用目标）,换热网络改造流程（最大效益最低费用目标）
optimization_ds.csv,36,optimization,换热网络改造流程（最大效益最低费用目标）,请帮我改造换热网络，改造的目标是年度效益最大_运行费用最低，不考虑现场限制,场景与功能全覆盖,直接复用语料,2036/1/2,18,9,9,换热网络改造流程（最大效益最低费用目标）,换热网络改造流程（最大效益最低费用目标）,换热网络改造流程（最大效益最低费用目标）,换热网络改造流程（最大效益最低费用目标）,换热网络改造流程（最大效益最低费用目标）,换热网络改造流程（最大效益最低费用目标）,换热网络改造流程（最大效益最低费用目标）,换热网络改造流程（最大效益最低费用目标）,换热网络改造流程（最大效益最低费用目标）,换热网络改造流程（最大效益最低费用目标）,换热网络改造流程（最大效益最低费用目标）,换热网络改造流程（最大效益最低费用目标）,换热网络改造流程（最大效益最低费用目标）,换热网络改造流程（最大效益最低费用目标）,换热网络改造流程（最大效益最低费用目标）,换热网络改造流程（最大效益最低费用目标）,换热网络改造流程（最大效益最低费用目标）,换热网络改造流程（最大效益最低费用目标）
optimization_ds.csv,36,optimization,换热网络改造流程（最大效益最低费用目标）,请帮我改造换热网络，改造的目标是年度效益最大_运行费用最低，不考虑现场限制,场景与功能全覆盖,直接复用语料,2036/1/3,18,9,9,换热网络改造流程（最大效益最低费用目标）,换热网络改造流程（最大效益最低费用目标）,换热网络改造流程（最大效益最低费用目标）,换热网络改造流程（最大效益最低费用目标）,换热网络改造流程（最大效益最低费用目标）,换热网络改造流程（最大效益最低费用目标）,换热网络改造流程（最大效益最低费用目标）,换热网络改造流程（最大效益最低费用目标）,换热网络改造流程（最大效益最低费用目标）,换热网络改造流程（最大效益最低费用目标）,换热网络改造流程（最大效益最低费用目标）,换热网络改造流程（最大效益最低费用目标）,换热网络改造流程（最大效益最低费用目标）,换热网络改造流程（最大效益最低费用目标）,换热网络改造流程（最大效益最低费用目标）,换热网络改造流程（最大效益最低费用目标）,换热网络改造流程（最大效益最低费用目标）,换热网络改造流程（最大效益最低费用目标）
optimization_ds.csv,36,optimization,换热网络改造流程（最大效益最低费用目标）,请帮我改造换热网络，改造的目标是年度效益最大_运行费用最低，不考虑现场限制,场景与功能全覆盖,直接复用语料,2036/1/4,18,9,9,换热网络改造流程（最大效益最低费用目标）,换热网络改造流程（最大效益最低费用目标）,换热网络改造流程（最大效益最低费用目标）,换热网络改造流程（最大效益最低费用目标）,换热网络改造流程（最大效益最低费用目标）,换热网络改造流程（最大效益最低费用目标）,换热网络改造流程（最大效益最低费用目标）,换热网络改造流程（最大效益最低费用目标）,换热网络改造流程（最大效益最低费用目标）,换热网络改造流程（最大效益最低费用目标）,换热网络改造流程（最大效益最低费用目标）,换热网络改造流程（最大效益最低费用目标）,换热网络改造流程（最大效益最低费用目标）,换热网络改造流程（最大效益最低费用目标）,换热网络改造流程（最大效益最低费用目标）,换热网络改造流程（最大效益最低费用目标）,换热网络改造流程（最大效益最低费用目标）,换热网络改造流程（最大效益最低费用目标）
optimization_ds.csv,36,optimization,换热网络改造流程（最大效益最低费用目标）,请帮我改造换热网络，改造的目标是年度效益最大_运行费用最低，不考虑现场限制,场景与功能全覆盖,直接复用语料,2036/1/5,18,9,9,换热网络改造流程（最大效益最低费用目标）,换热网络改造流程（最大效益最低费用目标）,换热网络改造流程（最大效益最低费用目标）,换热网络改造流程（最大效益最低费用目标）,换热网络改造流程（最大效益最低费用目标）,换热网络改造流程（最大效益最低费用目标）,换热网络改造流程（最大效益最低费用目标）,换热网络改造流程（最大效益最低费用目标）,换热网络改造流程（最大效益最低费用目标）,换热网络改造流程（最大效益最低费用目标）,换热网络改造流程（最大效益最低费用目标）,换热网络改造流程（最大效益最低费用目标）,换热网络改造流程（最大效益最低费用目标）,换热网络改造流程（最大效益最低费用目标）,换热网络改造流程（最大效益最低费用目标）,换热网络改造流程（最大效益最低费用目标）,换热网络改造流程（最大效益最低费用目标）,换热网络改造流程（最大效益最低费用目标）
optimization_ds.csv,36,optimization,换热网络改造流程（最大效益最低费用目标）,执行换热网络改造，目标年度效益最大且运行费用最低,输入表述形态多样性,专业规范表述,2036/2/1,0,0,0,换热网络全局改造流程（最大收益目标）,换热网络全局改造流程（最大收益目标）,换热网络全局改造流程（最大收益目标）,换热网络全局改造流程（最大收益目标）,换热网络全局改造流程（最大收益目标）,换热网络全局改造流程（最大收益目标）,换热网络全局改造流程（最大收益目标）,换热网络全局改造流程（最大收益目标）,换热网络全局改造流程（最大收益目标）,换热网络改造流程（最低运行费用目标）,换热网络改造流程（最低运行费用目标）,换热网络改造流程（最低运行费用目标）,换热网络改造流程（最低运行费用目标）,换热网络改造流程（最低运行费用目标）,换热网络改造流程（最低运行费用目标）,换热网络改造流程（最低运行费用目标）,换热网络改造流程（最低运行费用目标）,换热网络改造流程（最低运行费用目标）
optimization_ds.csv,36,optimization,换热网络改造流程（最大效益最低费用目标）,换热网络改造方案设计，追求效益最大与费用最低双目标,输入表述形态多样性,专业规范表述,2036/2/2,0,0,0,换热网络全局改造流程（最大收益目标）,换热网络全局改造流程（最大收益目标）,换热网络全局改造流程（最大收益目标）,换热网络全局改造流程（最大收益目标）,换热网络全局改造流程（最大收益目标）,换热网络全局改造流程（最大收益目标）,换热网络全局改造流程（最大收益目标）,换热网络全局改造流程（最大收益目标）,换热网络全局改造流程（最大收益目标）,换热网络全局改造流程（最大收益目标）,换热网络全局改造流程（最大收益目标）,换热网络全局改造流程（最大收益目标）,换热网络全局改造流程（最大收益目标）,换热网络全局改造流程（最大收益目标）,换热网络全局改造流程（最大收益目标）,换热网络全局改造流程（最大收益目标）,换热网络全局改造流程（最大收益目标）,换热网络全局改造流程（最大收益目标）
optimization_ds.csv,36,optimization,换热网络改造流程（最大效益最低费用目标）,改造换热网络，优化目标为年度效益最大和运行费用最低,输入表述形态多样性,专业规范表述,2036/2/3,0,0,0,换热网络改造流程（最低运行费用目标）,换热网络改造流程（最低运行费用目标）,换热网络改造流程（最低运行费用目标）,换热网络改造流程（最低运行费用目标）,换热网络改造流程（最低运行费用目标）,换热网络改造流程（最低运行费用目标）,换热网络改造流程（最低运行费用目标）,换热网络改造流程（最低运行费用目标）,换热网络改造流程（最低运行费用目标）,换热网络改造流程（最低运行费用目标）,换热网络改造流程（最低运行费用目标）,换热网络改造流程（最低运行费用目标）,换热网络改造流程（最低运行费用目标）,换热网络改造流程（最低运行费用目标）,换热网络改造流程（最低运行费用目标）,换热网络改造流程（最低运行费用目标）,换热网络改造流程（最低运行费用目标）,换热网络改造流程（最低运行费用目标）
optimization_ds.csv,36,optimization,换热网络改造流程（最大效益最低费用目标）,换热网络改造，以效益最大和费用最低为导向,输入表述形态多样性,专业规范表述,2036/2/4,0,0,0,常减压装置换热网络优化改造流程,常减压装置换热网络优化改造流程,常减压装置换热网络优化改造流程,常减压装置换热网络优化改造流程,常减压装置换热网络优化改造流程,常减压装置换热网络优化改造流程,常减压装置换热网络优化改造流程,常减压装置换热网络优化改造流程,常减压装置换热网络优化改造流程,常减压装置换热网络优化改造流程,常减压装置换热网络优化改造流程,常减压装置换热网络优化改造流程,常减压装置换热网络优化改造流程,常减压装置换热网络优化改造流程,常减压装置换热网络优化改造流程,常减压装置换热网络优化改造流程,常减压装置换热网络优化改造流程,常减压装置换热网络优化改造流程
optimization_ds.csv,36,optimization,换热网络改造流程（最大效益最低费用目标）,效益最大与费用最低双目标换热网络改造,输入表述形态多样性,专业规范表述,2036/2/5,0,0,0,换热网络重新设计流程（含限制条件）,换热网络重新设计流程（含限制条件）,换热网络重新设计流程（含限制条件）,换热网络重新设计流程（含限制条件）,换热网络重新设计流程（含限制条件）,换热网络重新设计流程（含限制条件）,换热网络重新设计流程（含限制条件）,换热网络重新设计流程（含限制条件）,换热网络重新设计流程（含限制条件）,换热网络全局改造流程（最大收益目标）,换热网络全局改造流程（最大收益目标）,换热网络全局改造流程（最大收益目标）,换热网络全局改造流程（最大收益目标）,换热网络全局改造流程（最大收益目标）,换热网络全局改造流程（最大收益目标）,换热网络重新设计流程（含限制条件）,换热网络全局改造流程（最大收益目标）,换热网络全局改造流程（最大收益目标）
optimization_ds.csv,36,optimization,换热网络改造流程（最大效益最低费用目标）,换热网络改造，要效益最大费用最低,输入表述形态多样性,口语化简化表述,2036/3/1,0,0,0,换热网络改造流程（最低运行费用目标）,换热网络改造流程（最低运行费用目标）,换热网络改造流程（最低运行费用目标）,换热网络改造流程（最低运行费用目标）,换热网络改造流程（最低运行费用目标）,换热网络改造流程（最低运行费用目标）,换热网络改造流程（最低运行费用目标）,换热网络改造流程（最低运行费用目标）,换热网络改造流程（最低运行费用目标）,换热网络改造流程（最低运行费用目标）,换热网络改造流程（最低运行费用目标）,换热网络改造流程（最低运行费用目标）,换热网络改造流程（最低运行费用目标）,换热网络改造流程（最低运行费用目标）,换热网络改造流程（最低运行费用目标）,换热网络改造流程（最低运行费用目标）,换热网络改造流程（最低运行费用目标）,换热网络改造流程（最低运行费用目标）
optimization_ds.csv,36,optimization,换热网络改造流程（最大效益最低费用目标）,改造换热网络，效益最大费用最低,输入表述形态多样性,口语化简化表述,2036/3/2,0,0,0,换热网络改造流程（最低运行费用目标）,换热网络改造流程（最低运行费用目标）,换热网络改造流程（最低运行费用目标）,换热网络改造流程（最低运行费用目标）,换热网络改造流程（最低运行费用目标）,换热网络改造流程（最低运行费用目标）,换热网络改造流程（最低运行费用目标）,换热网络改造流程（最低运行费用目标）,换热网络改造流程（最低运行费用目标）,常减压装置换热网络优化改造流程,常减压装置换热网络优化改造流程,换热网络改造流程（最低运行费用目标）,常减压装置换热网络优化改造流程,常减压装置换热网络优化改造流程,常减压装置换热网络优化改造流程,常减压装置换热网络优化改造流程,常减压装置换热网络优化改造流程,常减压装置换热网络优化改造流程
optimization_ds.csv,36,optimization,换热网络改造流程（最大效益最低费用目标）,换热网络改造，双目标优化,输入表述形态多样性,口语化简化表述,2036/3/3,0,0,0,常减压装置换热网络优化改造流程,常减压装置换热网络优化改造流程,常减压装置换热网络优化改造流程,常减压装置换热网络优化改造流程,常减压装置换热网络优化改造流程,常减压装置换热网络优化改造流程,常减压装置换热网络优化改造流程,常减压装置换热网络优化改造流程,常减压装置换热网络优化改造流程,常减压装置换热网络优化改造流程,常减压装置换热网络优化改造流程,常减压装置换热网络优化改造流程,常减压装置换热网络优化改造流程,常减压装置换热网络优化改造流程,常减压装置换热网络优化改造流程,常减压装置换热网络优化改造流程,常减压装置换热网络优化改造流程,常减压装置换热网络优化改造流程
optimization_ds.csv,36,optimization,换热网络改造流程（最大效益最低费用目标）,改造换热网络，最大效益最低费用,输入表述形态多样性,口语化简化表述,2036/3/4,0,0,0,,,,,,,,,,常减压装置换热网络优化改造流程,换热网络改造流程（最低运行费用目标）,常减压装置换热网络优化改造流程,常减压装置换热网络优化改造流程,常减压装置换热网络优化改造流程,常减压装置换热网络优化改造流程,常减压装置换热网络优化改造流程,常减压装置换热网络优化改造流程,常减压装置换热网络优化改造流程
optimization_ds.csv,36,optimization,换热网络改造流程（最大效益最低费用目标）,换热网络改造，效益费用双优,输入表述形态多样性,口语化简化表述,2036/3/5,0,0,0,常减压装置换热网络优化改造流程,常减压装置换热网络优化改造流程,常减压装置换热网络优化改造流程,常减压装置换热网络优化改造流程,常减压装置换热网络优化改造流程,常减压装置换热网络优化改造流程,常减压装置换热网络优化改造流程,常减压装置换热网络优化改造流程,常减压装置换热网络优化改造流程,常减压装置换热网络优化改造流程,常减压装置换热网络优化改造流程,常减压装置换热网络优化改造流程,常减压装置换热网络优化改造流程,常减压装置换热网络优化改造流程,常减压装置换热网络优化改造流程,常减压装置换热网络优化改造流程,常减压装置换热网络优化改造流程,常减压装置换热网络优化改造流程
optimization_ds.csv,36,optimization,换热网络改造流程（最大效益最低费用目标）,查询换热网络效益费用数据（非改造）,意图边界与歧义性,相似意图区分,2036/4/1,0,0,0,换热器单体性能评估流程,换热器单体性能评估流程,换热器单体性能评估流程,换热器单体性能评估流程,换热器单体性能评估流程,换热器单体性能评估流程,换热器单体性能评估流程,换热器单体性能评估流程,换热器单体性能评估流程,,,,,,,,,
optimization_ds.csv,36,optimization,换热网络改造流程（最大效益最低费用目标）,请帮我改造换热网络，改造的目标是年度效益最大_运行费用最低，不考虑现场限制（核心意图）,意图边界与歧义性,相似意图区分,2036/4/2,18,9,9,换热网络改造流程（最大效益最低费用目标）,换热网络改造流程（最大效益最低费用目标）,换热网络改造流程（最大效益最低费用目标）,换热网络改造流程（最大效益最低费用目标）,换热网络改造流程（最大效益最低费用目标）,换热网络改造流程（最大效益最低费用目标）,换热网络改造流程（最大效益最低费用目标）,换热网络改造流程（最大效益最低费用目标）,换热网络改造流程（最大效益最低费用目标）,换热网络改造流程（最大效益最低费用目标）,换热网络改造流程（最大效益最低费用目标）,换热网络改造流程（最大效益最低费用目标）,换热网络改造流程（最大效益最低费用目标）,换热网络改造流程（最大效益最低费用目标）,换热网络改造流程（最大效益最低费用目标）,换热网络改造流程（最大效益最低费用目标）,换热网络改造流程（最大效益最低费用目标）,换热网络改造流程（最大效益最低费用目标）
optimization_ds.csv,36,optimization,换热网络改造流程（最大效益最低费用目标）,优化换热网络参数（非改造）,意图边界与歧义性,相似意图区分,2036/4/3,0,0,0,,,,,,,,,,换热网络与换热器综合性能评估流程,换热网络与换热器综合性能评估流程,换热器改造流程（不改变网络结构）,换热网络与换热器综合性能评估流程,换热器改造流程（不改变网络结构）,换热网络与换热器综合性能评估流程,换热器改造流程（不改变网络结构）,换热器改造流程（不改变网络结构）,换热网络与换热器综合性能评估流程
optimization_ds.csv,36,optimization,换热网络改造流程（最大效益最低费用目标）,维护换热网络设备（非改造）,意图边界与歧义性,相似意图区分,2036/4/4,0,0,0,换热器改造流程（不改变网络结构）,换热器改造流程（不改变网络结构）,换热器改造流程（不改变网络结构）,换热器改造流程（不改变网络结构）,换热器改造流程（不改变网络结构）,换热器改造流程（不改变网络结构）,换热器改造流程（不改变网络结构）,换热器改造流程（不改变网络结构）,换热器改造流程（不改变网络结构）,换热器改造流程（不改变网络结构）,换热器改造流程（不改变网络结构）,换热器改造流程（不改变网络结构）,换热器改造流程（不改变网络结构）,换热器改造流程（不改变网络结构）,换热器改造流程（不改变网络结构）,换热器改造流程（不改变网络结构）,换热器改造流程（不改变网络结构）,换热器改造流程（不改变网络结构）
optimization_ds.csv,36,optimization,换热网络改造流程（最大效益最低费用目标）,重新设计换热网络（非改造）,意图边界与歧义性,相似意图区分,2036/4/5,0,0,0,换热网络重新设计流程（含限制条件）,换热网络重新设计流程（含限制条件）,换热网络重新设计流程（含限制条件）,换热网络重新设计流程（含限制条件）,换热网络重新设计流程（含限制条件）,换热网络重新设计流程（含限制条件）,换热网络重新设计流程（含限制条件）,换热网络重新设计流程（含限制条件）,换热网络重新设计流程（含限制条件）,换热网络重新设计流程（含限制条件）,换热网络重新设计流程（含限制条件）,换热网络重新设计流程（含限制条件）,换热网络重新设计流程（含限制条件）,换热网络重新设计流程（含限制条件）,换热网络重新设计流程（含限制条件）,换热网络重新设计流程（含限制条件）,换热网络重新设计流程（含限制条件）,换热网络重新设计流程（含限制条件）
optimization_ds.csv,36,optimization,换热网络改造流程（最大效益最低费用目标）,经济效益要求高，请帮我改造换热网络，改造的目标是年度效益最大_运行费用最低，不考虑现场限制,干扰因素与鲁棒性,冗余信息叠加,2036/5/1,18,9,9,换热网络改造流程（最大效益最低费用目标）,换热网络改造流程（最大效益最低费用目标）,换热网络改造流程（最大效益最低费用目标）,换热网络改造流程（最大效益最低费用目标）,换热网络改造流程（最大效益最低费用目标）,换热网络改造流程（最大效益最低费用目标）,换热网络改造流程（最大效益最低费用目标）,换热网络改造流程（最大效益最低费用目标）,换热网络改造流程（最大效益最低费用目标）,换热网络改造流程（最大效益最低费用目标）,换热网络改造流程（最大效益最低费用目标）,换热网络改造流程（最大效益最低费用目标）,换热网络改造流程（最大效益最低费用目标）,换热网络改造流程（最大效益最低费用目标）,换热网络改造流程（最大效益最低费用目标）,换热网络改造流程（最大效益最低费用目标）,换热网络改造流程（最大效益最低费用目标）,换热网络改造流程（最大效益最低费用目标）
optimization_ds.csv,36,optimization,换热网络改造流程（最大效益最低费用目标）,成本控制压力大，请帮我改造换热网络，改造的目标是年度效益最大_运行费用最低，不考虑现场限制,干扰因素与鲁棒性,冗余信息叠加,2036/5/2,16,7,9,换热网络改造流程（最大效益最低费用目标）,换热网络改造流程（最大效益最低费用目标）,换热网络改造流程（最大效益最低费用目标）,,,换热网络改造流程（最大效益最低费用目标）,换热网络改造流程（最大效益最低费用目标）,换热网络改造流程（最大效益最低费用目标）,换热网络改造流程（最大效益最低费用目标）,换热网络改造流程（最大效益最低费用目标）,换热网络改造流程（最大效益最低费用目标）,换热网络改造流程（最大效益最低费用目标）,换热网络改造流程（最大效益最低费用目标）,换热网络改造流程（最大效益最低费用目标）,换热网络改造流程（最大效益最低费用目标）,换热网络改造流程（最大效益最低费用目标）,换热网络改造流程（最大效益最低费用目标）,换热网络改造流程（最大效益最低费用目标）
optimization_ds.csv,36,optimization,换热网络改造流程（最大效益最低费用目标）,双目标优化需求，请帮我改造换热网络，改造的目标是年度效益最大_运行费用最低，不考虑现场限制,干扰因素与鲁棒性,冗余信息叠加,2036/5/3,0,0,0,换热网络性能评估与全局改造流程（最大收益最低成本目标）,换热网络性能评估与全局改造流程（最大收益最低成本目标）,换热网络性能评估与全局改造流程（最大收益最低成本目标）,换热网络性能评估与全局改造流程（最大收益最低成本目标）,换热网络性能评估与全局改造流程（最大收益最低成本目标）,换热网络性能评估与全局改造流程（最大收益最低成本目标）,换热网络性能评估与全局改造流程（最大收益最低成本目标）,换热网络性能评估与全局改造流程（最大收益最低成本目标）,换热网络性能评估与全局改造流程（最大收益最低成本目标）,换热网络性能评估与全局改造流程（最大收益最低成本目标）,换热网络性能评估与全局改造流程（最大收益最低成本目标）,换热网络性能评估与全局改造流程（最大收益最低成本目标）,换热网络性能评估与全局改造流程（最大收益最低成本目标）,换热网络性能评估与全局改造流程（最大收益最低成本目标）,换热网络性能评估与全局改造流程（最大收益最低成本目标）,换热网络性能评估与全局改造流程（最大收益最低成本目标）,换热网络性能评估与全局改造流程（最大收益最低成本目标）,换热网络性能评估与全局改造流程（最大收益最低成本目标）
optimization_ds.csv,36,optimization,换热网络改造流程（最大效益最低费用目标）,能效经济性分析，请帮我改造换热网络，改造的目标是年度效益最大_运行费用最低，不考虑现场限制,干扰因素与鲁棒性,冗余信息叠加,2036/5/4,18,9,9,换热网络改造流程（最大效益最低费用目标）,换热网络改造流程（最大效益最低费用目标）,换热网络改造流程（最大效益最低费用目标）,换热网络改造流程（最大效益最低费用目标）,换热网络改造流程（最大效益最低费用目标）,换热网络改造流程（最大效益最低费用目标）,换热网络改造流程（最大效益最低费用目标）,换热网络改造流程（最大效益最低费用目标）,换热网络改造流程（最大效益最低费用目标）,换热网络改造流程（最大效益最低费用目标）,换热网络改造流程（最大效益最低费用目标）,换热网络改造流程（最大效益最低费用目标）,换热网络改造流程（最大效益最低费用目标）,换热网络改造流程（最大效益最低费用目标）,换热网络改造流程（最大效益最低费用目标）,换热网络改造流程（最大效益最低费用目标）,换热网络改造流程（最大效益最低费用目标）,换热网络改造流程（最大效益最低费用目标）
optimization_ds.csv,36,optimization,换热网络改造流程（最大效益最低费用目标）,长期运行经济性，请帮我改造换热网络，改造的目标是年度效益最大_运行费用最低，不考虑现场限制,干扰因素与鲁棒性,冗余信息叠加,2036/5/5,18,9,9,换热网络改造流程（最大效益最低费用目标）,换热网络改造流程（最大效益最低费用目标）,换热网络改造流程（最大效益最低费用目标）,换热网络改造流程（最大效益最低费用目标）,换热网络改造流程（最大效益最低费用目标）,换热网络改造流程（最大效益最低费用目标）,换热网络改造流程（最大效益最低费用目标）,换热网络改造流程（最大效益最低费用目标）,换热网络改造流程（最大效益最低费用目标）,换热网络改造流程（最大效益最低费用目标）,换热网络改造流程（最大效益最低费用目标）,换热网络改造流程（最大效益最低费用目标）,换热网络改造流程（最大效益最低费用目标）,换热网络改造流程（最大效益最低费用目标）,换热网络改造流程（最大效益最低费用目标）,换热网络改造流程（最大效益最低费用目标）,换热网络改造流程（最大效益最低费用目标）,换热网络改造流程（最大效益最低费用目标）
optimization_ds.csv,36,optimization,换热网络改造流程（最大效益最低费用目标）,新装置经济性设计，请帮我改造换热网络，改造的目标是年度效益最大_运行费用最低，不考虑现场限制,实际工况适配性,全工况场景,2036/6/1,18,9,9,换热网络改造流程（最大效益最低费用目标）,换热网络改造流程（最大效益最低费用目标）,换热网络改造流程（最大效益最低费用目标）,换热网络改造流程（最大效益最低费用目标）,换热网络改造流程（最大效益最低费用目标）,换热网络改造流程（最大效益最低费用目标）,换热网络改造流程（最大效益最低费用目标）,换热网络改造流程（最大效益最低费用目标）,换热网络改造流程（最大效益最低费用目标）,换热网络改造流程（最大效益最低费用目标）,换热网络改造流程（最大效益最低费用目标）,换热网络改造流程（最大效益最低费用目标）,换热网络改造流程（最大效益最低费用目标）,换热网络改造流程（最大效益最低费用目标）,换热网络改造流程（最大效益最低费用目标）,换热网络改造流程（最大效益最低费用目标）,换热网络改造流程（最大效益最低费用目标）,换热网络改造流程（最大效益最低费用目标）
optimization_ds.csv,36,optimization,换热网络改造流程（最大效益最低费用目标）,运行经济性优化项目，请帮我改造换热网络，改造的目标是年度效益最大_运行费用最低，不考虑现场限制,实际工况适配性,全工况场景,2036/6/2,18,9,9,换热网络改造流程（最大效益最低费用目标）,换热网络改造流程（最大效益最低费用目标）,换热网络改造流程（最大效益最低费用目标）,换热网络改造流程（最大效益最低费用目标）,换热网络改造流程（最大效益最低费用目标）,换热网络改造流程（最大效益最低费用目标）,换热网络改造流程（最大效益最低费用目标）,换热网络改造流程（最大效益最低费用目标）,换热网络改造流程（最大效益最低费用目标）,换热网络改造流程（最大效益最低费用目标）,换热网络改造流程（最大效益最低费用目标）,换热网络改造流程（最大效益最低费用目标）,换热网络改造流程（最大效益最低费用目标）,换热网络改造流程（最大效益最低费用目标）,换热网络改造流程（最大效益最低费用目标）,换热网络改造流程（最大效益最低费用目标）,换热网络改造流程（最大效益最低费用目标）,换热网络改造流程（最大效益最低费用目标）
optimization_ds.csv,36,optimization,换热网络改造流程（最大效益最低费用目标）,成本效益要求提高，请帮我改造换热网络，改造的目标是年度效益最大_运行费用最低，不考虑现场限制,实际工况适配性,全工况场景,2036/6/3,18,9,9,换热网络改造流程（最大效益最低费用目标）,换热网络改造流程（最大效益最低费用目标）,换热网络改造流程（最大效益最低费用目标）,换热网络改造流程（最大效益最低费用目标）,换热网络改造流程（最大效益最低费用目标）,换热网络改造流程（最大效益最低费用目标）,换热网络改造流程（最大效益最低费用目标）,换热网络改造流程（最大效益最低费用目标）,换热网络改造流程（最大效益最低费用目标）,换热网络改造流程（最大效益最低费用目标）,换热网络改造流程（最大效益最低费用目标）,换热网络改造流程（最大效益最低费用目标）,换热网络改造流程（最大效益最低费用目标）,换热网络改造流程（最大效益最低费用目标）,换热网络改造流程（最大效益最低费用目标）,换热网络改造流程（最大效益最低费用目标）,换热网络改造流程（最大效益最低费用目标）,换热网络改造流程（最大效益最低费用目标）
optimization_ds.csv,36,optimization,换热网络改造流程（最大效益最低费用目标）,能效提升经济性，请帮我改造换热网络，改造的目标是年度效益最大_运行费用最低，不考虑现场限制,实际工况适配性,全工况场景,2036/6/4,18,9,9,换热网络改造流程（最大效益最低费用目标）,换热网络改造流程（最大效益最低费用目标）,换热网络改造流程（最大效益最低费用目标）,换热网络改造流程（最大效益最低费用目标）,换热网络改造流程（最大效益最低费用目标）,换热网络改造流程（最大效益最低费用目标）,换热网络改造流程（最大效益最低费用目标）,换热网络改造流程（最大效益最低费用目标）,换热网络改造流程（最大效益最低费用目标）,换热网络改造流程（最大效益最低费用目标）,换热网络改造流程（最大效益最低费用目标）,换热网络改造流程（最大效益最低费用目标）,换热网络改造流程（最大效益最低费用目标）,换热网络改造流程（最大效益最低费用目标）,换热网络改造流程（最大效益最低费用目标）,换热网络改造流程（最大效益最低费用目标）,换热网络改造流程（最大效益最低费用目标）,换热网络改造流程（最大效益最低费用目标）
optimization_ds.csv,36,optimization,换热网络改造流程（最大效益最低费用目标）,设备更新经济性分析，请帮我改造换热网络，改造的目标是年度效益最大_运行费用最低，不考虑现场限制,实际工况适配性,全工况场景,2036/6/5,0,0,0,,,,,,,,,,,,,,,,,,
prediction_ds.csv,7,prediction,H2S浓度异常检测与超限风险预测流程,二级硫冷凝器出口气体H2S浓度最近是否有异常，未来是否有超限风险？,场景与功能全覆盖,直接复用语料,2007/1/1,18,9,9,H2S浓度异常检测与超限风险预测流程,H2S浓度异常检测与超限风险预测流程,H2S浓度异常检测与超限风险预测流程,H2S浓度异常检测与超限风险预测流程,H2S浓度异常检测与超限风险预测流程,H2S浓度异常检测与超限风险预测流程,H2S浓度异常检测与超限风险预测流程,H2S浓度异常检测与超限风险预测流程,H2S浓度异常检测与超限风险预测流程,H2S浓度异常检测与超限风险预测流程,H2S浓度异常检测与超限风险预测流程,H2S浓度异常检测与超限风险预测流程,H2S浓度异常检测与超限风险预测流程,H2S浓度异常检测与超限风险预测流程,H2S浓度异常检测与超限风险预测流程,H2S浓度异常检测与超限风险预测流程,H2S浓度异常检测与超限风险预测流程,H2S浓度异常检测与超限风险预测流程
prediction_ds.csv,7,prediction,H2S浓度异常检测与超限风险预测流程,二级硫冷凝器出口气体H2S浓度最近是否有异常，未来是否有超限风险？,场景与功能全覆盖,直接复用语料,2007/1/2,18,9,9,H2S浓度异常检测与超限风险预测流程,H2S浓度异常检测与超限风险预测流程,H2S浓度异常检测与超限风险预测流程,H2S浓度异常检测与超限风险预测流程,H2S浓度异常检测与超限风险预测流程,H2S浓度异常检测与超限风险预测流程,H2S浓度异常检测与超限风险预测流程,H2S浓度异常检测与超限风险预测流程,H2S浓度异常检测与超限风险预测流程,H2S浓度异常检测与超限风险预测流程,H2S浓度异常检测与超限风险预测流程,H2S浓度异常检测与超限风险预测流程,H2S浓度异常检测与超限风险预测流程,H2S浓度异常检测与超限风险预测流程,H2S浓度异常检测与超限风险预测流程,H2S浓度异常检测与超限风险预测流程,H2S浓度异常检测与超限风险预测流程,H2S浓度异常检测与超限风险预测流程
prediction_ds.csv,7,prediction,H2S浓度异常检测与超限风险预测流程,二级硫冷凝器出口气体H2S浓度最近是否有异常,场景与功能全覆盖,直接复用语料,2007/1/3,18,9,9,H2S浓度异常检测与超限风险预测流程,H2S浓度异常检测与超限风险预测流程,H2S浓度异常检测与超限风险预测流程,H2S浓度异常检测与超限风险预测流程,H2S浓度异常检测与超限风险预测流程,H2S浓度异常检测与超限风险预测流程,H2S浓度异常检测与超限风险预测流程,H2S浓度异常检测与超限风险预测流程,H2S浓度异常检测与超限风险预测流程,H2S浓度异常检测与超限风险预测流程,H2S浓度异常检测与超限风险预测流程,H2S浓度异常检测与超限风险预测流程,H2S浓度异常检测与超限风险预测流程,H2S浓度异常检测与超限风险预测流程,H2S浓度异常检测与超限风险预测流程,H2S浓度异常检测与超限风险预测流程,H2S浓度异常检测与超限风险预测流程,H2S浓度异常检测与超限风险预测流程
prediction_ds.csv,7,prediction,H2S浓度异常检测与超限风险预测流程,二级硫冷凝器出口气体H2S浓度最近是否有异常，异常存在的风险有哪些,场景与功能全覆盖,直接复用语料,2007/1/4,4,4,0,,,H2S浓度异常检测与超限风险预测流程,H2S浓度异常检测与超限风险预测流程,H2S浓度异常检测与超限风险预测流程,,,,H2S浓度异常检测与超限风险预测流程,,,,,,,,,
prediction_ds.csv,7,prediction,H2S浓度异常检测与超限风险预测流程,近期二级硫冷凝器出口的H2S浓度数据是不是正常的？未来会超限吗？,场景与功能全覆盖,直接复用语料,2007/1/5,18,9,9,H2S浓度异常检测与超限风险预测流程,H2S浓度异常检测与超限风险预测流程,H2S浓度异常检测与超限风险预测流程,H2S浓度异常检测与超限风险预测流程,H2S浓度异常检测与超限风险预测流程,H2S浓度异常检测与超限风险预测流程,H2S浓度异常检测与超限风险预测流程,H2S浓度异常检测与超限风险预测流程,H2S浓度异常检测与超限风险预测流程,H2S浓度异常检测与超限风险预测流程,H2S浓度异常检测与超限风险预测流程,H2S浓度异常检测与超限风险预测流程,H2S浓度异常检测与超限风险预测流程,H2S浓度异常检测与超限风险预测流程,H2S浓度异常检测与超限风险预测流程,H2S浓度异常检测与超限风险预测流程,H2S浓度异常检测与超限风险预测流程,H2S浓度异常检测与超限风险预测流程
prediction_ds.csv,7,prediction,H2S浓度异常检测与超限风险预测流程,执行二级硫冷凝器出口气体H2S浓度异常检测及未来超限风险预测分析,输入表述形态多样性,专业规范表述,2007/2/1,18,9,9,H2S浓度异常检测与超限风险预测流程,H2S浓度异常检测与超限风险预测流程,H2S浓度异常检测与超限风险预测流程,H2S浓度异常检测与超限风险预测流程,H2S浓度异常检测与超限风险预测流程,H2S浓度异常检测与超限风险预测流程,H2S浓度异常检测与超限风险预测流程,H2S浓度异常检测与超限风险预测流程,H2S浓度异常检测与超限风险预测流程,H2S浓度异常检测与超限风险预测流程,H2S浓度异常检测与超限风险预测流程,H2S浓度异常检测与超限风险预测流程,H2S浓度异常检测与超限风险预测流程,H2S浓度异常检测与超限风险预测流程,H2S浓度异常检测与超限风险预测流程,H2S浓度异常检测与超限风险预测流程,H2S浓度异常检测与超限风险预测流程,H2S浓度异常检测与超限风险预测流程
prediction_ds.csv,7,prediction,H2S浓度异常检测与超限风险预测流程,H2S浓度异常检测与超限风险预测，针对二级硫冷凝器出口气体,输入表述形态多样性,专业规范表述,2007/2/2,18,9,9,H2S浓度异常检测与超限风险预测流程,H2S浓度异常检测与超限风险预测流程,H2S浓度异常检测与超限风险预测流程,H2S浓度异常检测与超限风险预测流程,H2S浓度异常检测与超限风险预测流程,H2S浓度异常检测与超限风险预测流程,H2S浓度异常检测与超限风险预测流程,H2S浓度异常检测与超限风险预测流程,H2S浓度异常检测与超限风险预测流程,H2S浓度异常检测与超限风险预测流程,H2S浓度异常检测与超限风险预测流程,H2S浓度异常检测与超限风险预测流程,H2S浓度异常检测与超限风险预测流程,H2S浓度异常检测与超限风险预测流程,H2S浓度异常检测与超限风险预测流程,H2S浓度异常检测与超限风险预测流程,H2S浓度异常检测与超限风险预测流程,H2S浓度异常检测与超限风险预测流程
prediction_ds.csv,7,prediction,H2S浓度异常检测与超限风险预测流程,二级硫冷凝器出口H2S浓度数据异常分析及未来超限风险评估,输入表述形态多样性,专业规范表述,2007/2/3,18,9,9,H2S浓度异常检测与超限风险预测流程,H2S浓度异常检测与超限风险预测流程,H2S浓度异常检测与超限风险预测流程,H2S浓度异常检测与超限风险预测流程,H2S浓度异常检测与超限风险预测流程,H2S浓度异常检测与超限风险预测流程,H2S浓度异常检测与超限风险预测流程,H2S浓度异常检测与超限风险预测流程,H2S浓度异常检测与超限风险预测流程,H2S浓度异常检测与超限风险预测流程,H2S浓度异常检测与超限风险预测流程,H2S浓度异常检测与超限风险预测流程,H2S浓度异常检测与超限风险预测流程,H2S浓度异常检测与超限风险预测流程,H2S浓度异常检测与超限风险预测流程,H2S浓度异常检测与超限风险预测流程,H2S浓度异常检测与超限风险预测流程,H2S浓度异常检测与超限风险预测流程
prediction_ds.csv,7,prediction,H2S浓度异常检测与超限风险预测流程,H2S浓度异常检测，包含近期数据异常判断及未来超限风险预测,输入表述形态多样性,专业规范表述,2007/2/4,18,9,9,H2S浓度异常检测与超限风险预测流程,H2S浓度异常检测与超限风险预测流程,H2S浓度异常检测与超限风险预测流程,H2S浓度异常检测与超限风险预测流程,H2S浓度异常检测与超限风险预测流程,H2S浓度异常检测与超限风险预测流程,H2S浓度异常检测与超限风险预测流程,H2S浓度异常检测与超限风险预测流程,H2S浓度异常检测与超限风险预测流程,H2S浓度异常检测与超限风险预测流程,H2S浓度异常检测与超限风险预测流程,H2S浓度异常检测与超限风险预测流程,H2S浓度异常检测与超限风险预测流程,H2S浓度异常检测与超限风险预测流程,H2S浓度异常检测与超限风险预测流程,H2S浓度异常检测与超限风险预测流程,H2S浓度异常检测与超限风险预测流程,H2S浓度异常检测与超限风险预测流程
prediction_ds.csv,7,prediction,H2S浓度异常检测与超限风险预测流程,二级硫冷凝器出口气体H2S浓度监测，执行异常检测与超限风险预测,输入表述形态多样性,专业规范表述,2007/2/5,18,9,9,H2S浓度异常检测与超限风险预测流程,H2S浓度异常检测与超限风险预测流程,H2S浓度异常检测与超限风险预测流程,H2S浓度异常检测与超限风险预测流程,H2S浓度异常检测与超限风险预测流程,H2S浓度异常检测与超限风险预测流程,H2S浓度异常检测与超限风险预测流程,H2S浓度异常检测与超限风险预测流程,H2S浓度异常检测与超限风险预测流程,H2S浓度异常检测与超限风险预测流程,H2S浓度异常检测与超限风险预测流程,H2S浓度异常检测与超限风险预测流程,H2S浓度异常检测与超限风险预测流程,H2S浓度异常检测与超限风险预测流程,H2S浓度异常检测与超限风险预测流程,H2S浓度异常检测与超限风险预测流程,H2S浓度异常检测与超限风险预测流程,H2S浓度异常检测与超限风险预测流程
prediction_ds.csv,7,prediction,H2S浓度异常检测与超限风险预测流程,二级硫冷凝器H2S浓度有没有异常，以后会超限吗,输入表述形态多样性,口语化简化表述,2007/3/1,18,9,9,H2S浓度异常检测与超限风险预测流程,H2S浓度异常检测与超限风险预测流程,H2S浓度异常检测与超限风险预测流程,H2S浓度异常检测与超限风险预测流程,H2S浓度异常检测与超限风险预测流程,H2S浓度异常检测与超限风险预测流程,H2S浓度异常检测与超限风险预测流程,H2S浓度异常检测与超限风险预测流程,H2S浓度异常检测与超限风险预测流程,H2S浓度异常检测与超限风险预测流程,H2S浓度异常检测与超限风险预测流程,H2S浓度异常检测与超限风险预测流程,H2S浓度异常检测与超限风险预测流程,H2S浓度异常检测与超限风险预测流程,H2S浓度异常检测与超限风险预测流程,H2S浓度异常检测与超限风险预测流程,H2S浓度异常检测与超限风险预测流程,H2S浓度异常检测与超限风险预测流程
prediction_ds.csv,7,prediction,H2S浓度异常检测与超限风险预测流程,H2S浓度检测一下，看看异常和超限风险,输入表述形态多样性,口语化简化表述,2007/3/2,8,1,7,,H2S浓度异常检测与超限风险预测流程,,,,,,,,H2S浓度异常检测与超限风险预测流程,,,H2S浓度异常检测与超限风险预测流程,H2S浓度异常检测与超限风险预测流程,H2S浓度异常检测与超限风险预测流程,H2S浓度异常检测与超限风险预测流程,H2S浓度异常检测与超限风险预测流程,H2S浓度异常检测与超限风险预测流程
prediction_ds.csv,7,prediction,H2S浓度异常检测与超限风险预测流程,二级硫冷凝器出口气体，H2S浓度异常和风险分析,输入表述形态多样性,口语化简化表述,2007/3/3,18,9,9,H2S浓度异常检测与超限风险预测流程,H2S浓度异常检测与超限风险预测流程,H2S浓度异常检测与超限风险预测流程,H2S浓度异常检测与超限风险预测流程,H2S浓度异常检测与超限风险预测流程,H2S浓度异常检测与超限风险预测流程,H2S浓度异常检测与超限风险预测流程,H2S浓度异常检测与超限风险预测流程,H2S浓度异常检测与超限风险预测流程,H2S浓度异常检测与超限风险预测流程,H2S浓度异常检测与超限风险预测流程,H2S浓度异常检测与超限风险预测流程,H2S浓度异常检测与超限风险预测流程,H2S浓度异常检测与超限风险预测流程,H2S浓度异常检测与超限风险预测流程,H2S浓度异常检测与超限风险预测流程,H2S浓度异常检测与超限风险预测流程,H2S浓度异常检测与超限风险预测流程
prediction_ds.csv,7,prediction,H2S浓度异常检测与超限风险预测流程,H2S浓度最近正常吗，未来会不会超标,输入表述形态多样性,口语化简化表述,2007/3/4,18,9,9,H2S浓度异常检测与超限风险预测流程,H2S浓度异常检测与超限风险预测流程,H2S浓度异常检测与超限风险预测流程,H2S浓度异常检测与超限风险预测流程,H2S浓度异常检测与超限风险预测流程,H2S浓度异常检测与超限风险预测流程,H2S浓度异常检测与超限风险预测流程,H2S浓度异常检测与超限风险预测流程,H2S浓度异常检测与超限风险预测流程,H2S浓度异常检测与超限风险预测流程,H2S浓度异常检测与超限风险预测流程,H2S浓度异常检测与超限风险预测流程,H2S浓度异常检测与超限风险预测流程,H2S浓度异常检测与超限风险预测流程,H2S浓度异常检测与超限风险预测流程,H2S浓度异常检测与超限风险预测流程,H2S浓度异常检测与超限风险预测流程,H2S浓度异常检测与超限风险预测流程
prediction_ds.csv,7,prediction,H2S浓度异常检测与超限风险预测流程,二级硫冷凝器H2S，异常检测和风险预测做一下,输入表述形态多样性,口语化简化表述,2007/3/5,9,0,9,,,,,,,,,,H2S浓度异常检测与超限风险预测流程,H2S浓度异常检测与超限风险预测流程,H2S浓度异常检测与超限风险预测流程,H2S浓度异常检测与超限风险预测流程,H2S浓度异常检测与超限风险预测流程,H2S浓度异常检测与超限风险预测流程,H2S浓度异常检测与超限风险预测流程,H2S浓度异常检测与超限风险预测流程,H2S浓度异常检测与超限风险预测流程
prediction_ds.csv,7,prediction,H2S浓度异常检测与超限风险预测流程,查询二级硫冷凝器出口H2S浓度历史数据（非异常检测）,意图边界与歧义性,相似意图区分,2007/4/1,0,0,0,装置物料参数查询与文件异常分析流程,装置物料参数查询与文件异常分析流程,装置物料参数查询与文件异常分析流程,装置物料参数查询与文件异常分析流程,装置物料参数查询与文件异常分析流程,装置物料参数查询与文件异常分析流程,装置物料参数查询与文件异常分析流程,装置物料参数查询与文件异常分析流程,装置物料参数查询与文件异常分析流程,装置物料参数查询与文件异常分析流程,装置物料参数查询与文件异常分析流程,装置物料参数查询与文件异常分析流程,装置物料参数查询与文件异常分析流程,装置物料参数查询与文件异常分析流程,装置物料参数查询与文件异常分析流程,装置物料参数查询与文件异常分析流程,装置物料参数查询与文件异常分析流程,装置物料参数查询与文件异常分析流程
prediction_ds.csv,7,prediction,H2S浓度异常检测与超限风险预测流程,二级硫冷凝器出口气体H2S浓度最近是否有异常，未来是否有超限风险（核心意图）,意图边界与歧义性,相似意图区分,2007/4/2,18,9,9,H2S浓度异常检测与超限风险预测流程,H2S浓度异常检测与超限风险预测流程,H2S浓度异常检测与超限风险预测流程,H2S浓度异常检测与超限风险预测流程,H2S浓度异常检测与超限风险预测流程,H2S浓度异常检测与超限风险预测流程,H2S浓度异常检测与超限风险预测流程,H2S浓度异常检测与超限风险预测流程,H2S浓度异常检测与超限风险预测流程,H2S浓度异常检测与超限风险预测流程,H2S浓度异常检测与超限风险预测流程,H2S浓度异常检测与超限风险预测流程,H2S浓度异常检测与超限风险预测流程,H2S浓度异常检测与超限风险预测流程,H2S浓度异常检测与超限风险预测流程,H2S浓度异常检测与超限风险预测流程,H2S浓度异常检测与超限风险预测流程,H2S浓度异常检测与超限风险预测流程
prediction_ds.csv,7,prediction,H2S浓度异常检测与超限风险预测流程,修改二级硫冷凝器H2S浓度报警阈值（非异常检测）,意图边界与歧义性,相似意图区分,2007/4/3,9,0,9,PID回路参数查询与基础信息维护流程,PID回路参数查询与基础信息维护流程,,PID回路参数查询与基础信息维护流程,PID回路参数查询与基础信息维护流程,,,PID回路参数查询与基础信息维护流程,,H2S浓度异常检测与超限风险预测流程,H2S浓度异常检测与超限风险预测流程,H2S浓度异常检测与超限风险预测流程,H2S浓度异常检测与超限风险预测流程,H2S浓度异常检测与超限风险预测流程,H2S浓度异常检测与超限风险预测流程,H2S浓度异常检测与超限风险预测流程,H2S浓度异常检测与超限风险预测流程,H2S浓度异常检测与超限风险预测流程
prediction_ds.csv,7,prediction,H2S浓度异常检测与超限风险预测流程,校准二级硫冷凝器H2S浓度测量仪表（非异常检测）,意图边界与歧义性,相似意图区分,2007/4/4,1,0,1,PID回路参数智能整定流程（含有效性检测与震荡判断）,PID回路参数智能整定流程（含有效性检测与震荡判断）,PID回路参数智能整定流程（含有效性检测与震荡判断）,PID回路参数智能整定流程（含有效性检测与震荡判断）,PID回路参数智能整定流程（含有效性检测与震荡判断）,PID回路参数智能整定流程（含有效性检测与震荡判断）,PID回路参数智能整定流程（含有效性检测与震荡判断）,PID回路参数智能整定流程（含有效性检测与震荡判断）,PID回路参数智能整定流程（含有效性检测与震荡判断）,,,H2S浓度异常检测与超限风险预测流程,,,,,,
prediction_ds.csv,7,prediction,H2S浓度异常检测与超限风险预测流程,优化二级硫冷凝器H2S浓度控制策略（非异常检测）,意图边界与歧义性,相似意图区分,2007/4/5,0,0,0,装置能耗优化与气化炉有效气提升流程,装置能耗优化与气化炉有效气提升流程,装置能耗优化与气化炉有效气提升流程,装置能耗优化与气化炉有效气提升流程,装置能耗优化与气化炉有效气提升流程,装置能耗优化与气化炉有效气提升流程,装置能耗优化与气化炉有效气提升流程,装置能耗优化与气化炉有效气提升流程,装置能耗优化与气化炉有效气提升流程,,,,,,,,,
prediction_ds.csv,7,prediction,H2S浓度异常检测与超限风险预测流程,现在是夜班，设备运行平稳，二级硫冷凝器出口气体H2S浓度最近是否有异常，未来是否有超限风险？,干扰因素与鲁棒性,冗余信息叠加,2007/5/1,18,9,9,H2S浓度异常检测与超限风险预测流程,H2S浓度异常检测与超限风险预测流程,H2S浓度异常检测与超限风险预测流程,H2S浓度异常检测与超限风险预测流程,H2S浓度异常检测与超限风险预测流程,H2S浓度异常检测与超限风险预测流程,H2S浓度异常检测与超限风险预测流程,H2S浓度异常检测与超限风险预测流程,H2S浓度异常检测与超限风险预测流程,H2S浓度异常检测与超限风险预测流程,H2S浓度异常检测与超限风险预测流程,H2S浓度异常检测与超限风险预测流程,H2S浓度异常检测与超限风险预测流程,H2S浓度异常检测与超限风险预测流程,H2S浓度异常检测与超限风险预测流程,H2S浓度异常检测与超限风险预测流程,H2S浓度异常检测与超限风险预测流程,H2S浓度异常检测与超限风险预测流程
prediction_ds.csv,7,prediction,H2S浓度异常检测与超限风险预测流程,刚完成硫回收单元检修，工况稳定，二级硫冷凝器出口气体H2S浓度最近是否有异常,干扰因素与鲁棒性,冗余信息叠加,2007/5/2,18,9,9,H2S浓度异常检测与超限风险预测流程,H2S浓度异常检测与超限风险预测流程,H2S浓度异常检测与超限风险预测流程,H2S浓度异常检测与超限风险预测流程,H2S浓度异常检测与超限风险预测流程,H2S浓度异常检测与超限风险预测流程,H2S浓度异常检测与超限风险预测流程,H2S浓度异常检测与超限风险预测流程,H2S浓度异常检测与超限风险预测流程,H2S浓度异常检测与超限风险预测流程,H2S浓度异常检测与超限风险预测流程,H2S浓度异常检测与超限风险预测流程,H2S浓度异常检测与超限风险预测流程,H2S浓度异常检测与超限风险预测流程,H2S浓度异常检测与超限风险预测流程,H2S浓度异常检测与超限风险预测流程,H2S浓度异常检测与超限风险预测流程,H2S浓度异常检测与超限风险预测流程
prediction_ds.csv,7,prediction,H2S浓度异常检测与超限风险预测流程,操作员经验丰富，监控到位，二级硫冷凝器出口气体H2S浓度最近是否有异常，异常存在的风险有哪些,干扰因素与鲁棒性,冗余信息叠加,2007/5/3,2,2,0,H2S浓度异常检测与超限风险预测流程,,,,,,,H2S浓度异常检测与超限风险预测流程,,,,,,,,,,
prediction_ds.csv,7,prediction,H2S浓度异常检测与超限风险预测流程,天气条件良好，不影响监测，近期二级硫冷凝器出口的H2S浓度数据是不是正常的？未来会超限吗？,干扰因素与鲁棒性,冗余信息叠加,2007/5/4,18,9,9,H2S浓度异常检测与超限风险预测流程,H2S浓度异常检测与超限风险预测流程,H2S浓度异常检测与超限风险预测流程,H2S浓度异常检测与超限风险预测流程,H2S浓度异常检测与超限风险预测流程,H2S浓度异常检测与超限风险预测流程,H2S浓度异常检测与超限风险预测流程,H2S浓度异常检测与超限风险预测流程,H2S浓度异常检测与超限风险预测流程,H2S浓度异常检测与超限风险预测流程,H2S浓度异常检测与超限风险预测流程,H2S浓度异常检测与超限风险预测流程,H2S浓度异常检测与超限风险预测流程,H2S浓度异常检测与超限风险预测流程,H2S浓度异常检测与超限风险预测流程,H2S浓度异常检测与超限风险预测流程,H2S浓度异常检测与超限风险预测流程,H2S浓度异常检测与超限风险预测流程
prediction_ds.csv,7,prediction,H2S浓度异常检测与超限风险预测流程,仪表维护完成，数据准确可靠，近期二级硫冷凝器出口的H2S浓度数据是否出现偏离正常范围的情况？未来是否有超标风险？,干扰因素与鲁棒性,冗余信息叠加,2007/5/5,10,5,5,,H2S浓度异常检测与超限风险预测流程,,,H2S浓度异常检测与超限风险预测流程,H2S浓度异常检测与超限风险预测流程,,H2S浓度异常检测与超限风险预测流程,H2S浓度异常检测与超限风险预测流程,H2S浓度异常检测与超限风险预测流程,H2S浓度异常检测与超限风险预测流程,H2S浓度异常检测与超限风险预测流程,,H2S浓度异常检测与超限风险预测流程,,H2S浓度异常检测与超限风险预测流程,,
prediction_ds.csv,7,prediction,H2S浓度异常检测与超限风险预测流程,装置开车阶段，二级硫冷凝器出口气体H2S浓度最近是否有异常，未来是否有超限风险？,实际工况适配性,全工况场景,2007/6/1,18,9,9,H2S浓度异常检测与超限风险预测流程,H2S浓度异常检测与超限风险预测流程,H2S浓度异常检测与超限风险预测流程,H2S浓度异常检测与超限风险预测流程,H2S浓度异常检测与超限风险预测流程,H2S浓度异常检测与超限风险预测流程,H2S浓度异常检测与超限风险预测流程,H2S浓度异常检测与超限风险预测流程,H2S浓度异常检测与超限风险预测流程,H2S浓度异常检测与超限风险预测流程,H2S浓度异常检测与超限风险预测流程,H2S浓度异常检测与超限风险预测流程,H2S浓度异常检测与超限风险预测流程,H2S浓度异常检测与超限风险预测流程,H2S浓度异常检测与超限风险预测流程,H2S浓度异常检测与超限风险预测流程,H2S浓度异常检测与超限风险预测流程,H2S浓度异常检测与超限风险预测流程
prediction_ds.csv,7,prediction,H2S浓度异常检测与超限风险预测流程,稳态运行期，二级硫冷凝器出口气体H2S浓度最近是否有异常,实际工况适配性,全工况场景,2007/6/2,18,9,9,H2S浓度异常检测与超限风险预测流程,H2S浓度异常检测与超限风险预测流程,H2S浓度异常检测与超限风险预测流程,H2S浓度异常检测与超限风险预测流程,H2S浓度异常检测与超限风险预测流程,H2S浓度异常检测与超限风险预测流程,H2S浓度异常检测与超限风险预测流程,H2S浓度异常检测与超限风险预测流程,H2S浓度异常检测与超限风险预测流程,H2S浓度异常检测与超限风险预测流程,H2S浓度异常检测与超限风险预测流程,H2S浓度异常检测与超限风险预测流程,H2S浓度异常检测与超限风险预测流程,H2S浓度异常检测与超限风险预测流程,H2S浓度异常检测与超限风险预测流程,H2S浓度异常检测与超限风险预测流程,H2S浓度异常检测与超限风险预测流程,H2S浓度异常检测与超限风险预测流程
prediction_ds.csv,7,prediction,H2S浓度异常检测与超限风险预测流程,原料硫含量波动时，二级硫冷凝器出口气体H2S浓度最近是否有异常，异常存在的风险有哪些,实际工况适配性,全工况场景,2007/6/3,0,0,0,,,,,,,,,,,,,,,,,,
prediction_ds.csv,7,prediction,H2S浓度异常检测与超限风险预测流程,设备故障恢复后，近期二级硫冷凝器出口的H2S浓度数据是不是正常的？未来会超限吗？,实际工况适配性,全工况场景,2007/6/4,18,9,9,H2S浓度异常检测与超限风险预测流程,H2S浓度异常检测与超限风险预测流程,H2S浓度异常检测与超限风险预测流程,H2S浓度异常检测与超限风险预测流程,H2S浓度异常检测与超限风险预测流程,H2S浓度异常检测与超限风险预测流程,H2S浓度异常检测与超限风险预测流程,H2S浓度异常检测与超限风险预测流程,H2S浓度异常检测与超限风险预测流程,H2S浓度异常检测与超限风险预测流程,H2S浓度异常检测与超限风险预测流程,H2S浓度异常检测与超限风险预测流程,H2S浓度异常检测与超限风险预测流程,H2S浓度异常检测与超限风险预测流程,H2S浓度异常检测与超限风险预测流程,H2S浓度异常检测与超限风险预测流程,H2S浓度异常检测与超限风险预测流程,H2S浓度异常检测与超限风险预测流程
prediction_ds.csv,7,prediction,H2S浓度异常检测与超限风险预测流程,工艺参数调整期，近期二级硫冷凝器出口的H2S浓度数据是否出现偏离正常范围的情况？未来是否有超标风险？,实际工况适配性,全工况场景,2007/6/5,16,9,7,H2S浓度异常检测与超限风险预测流程,H2S浓度异常检测与超限风险预测流程,H2S浓度异常检测与超限风险预测流程,H2S浓度异常检测与超限风险预测流程,H2S浓度异常检测与超限风险预测流程,H2S浓度异常检测与超限风险预测流程,H2S浓度异常检测与超限风险预测流程,H2S浓度异常检测与超限风险预测流程,H2S浓度异常检测与超限风险预测流程,H2S浓度异常检测与超限风险预测流程,H2S浓度异常检测与超限风险预测流程,H2S浓度异常检测与超限风险预测流程,H2S浓度异常检测与超限风险预测流程,,H2S浓度异常检测与超限风险预测流程,H2S浓度异常检测与超限风险预测流程,,H2S浓度异常检测与超限风险预测流程
prediction_ds.csv,14,prediction,电解槽离子膜寿命预测与更换时机评估流程,请帮我评估下1号电解槽什么时候更换离子膜经济效益最佳？,场景与功能全覆盖,直接复用语料,2014/1/1,18,9,9,电解槽离子膜寿命预测与更换时机评估流程,电解槽离子膜寿命预测与更换时机评估流程,电解槽离子膜寿命预测与更换时机评估流程,电解槽离子膜寿命预测与更换时机评估流程,电解槽离子膜寿命预测与更换时机评估流程,电解槽离子膜寿命预测与更换时机评估流程,电解槽离子膜寿命预测与更换时机评估流程,电解槽离子膜寿命预测与更换时机评估流程,电解槽离子膜寿命预测与更换时机评估流程,电解槽离子膜寿命预测与更换时机评估流程,电解槽离子膜寿命预测与更换时机评估流程,电解槽离子膜寿命预测与更换时机评估流程,电解槽离子膜寿命预测与更换时机评估流程,电解槽离子膜寿命预测与更换时机评估流程,电解槽离子膜寿命预测与更换时机评估流程,电解槽离子膜寿命预测与更换时机评估流程,电解槽离子膜寿命预测与更换时机评估流程,电解槽离子膜寿命预测与更换时机评估流程
prediction_ds.csv,14,prediction,电解槽离子膜寿命预测与更换时机评估流程,请帮我预测下1号电解槽什么时候更换离子膜？,场景与功能全覆盖,直接复用语料,2014/1/2,18,9,9,电解槽离子膜寿命预测与更换时机评估流程,电解槽离子膜寿命预测与更换时机评估流程,电解槽离子膜寿命预测与更换时机评估流程,电解槽离子膜寿命预测与更换时机评估流程,电解槽离子膜寿命预测与更换时机评估流程,电解槽离子膜寿命预测与更换时机评估流程,电解槽离子膜寿命预测与更换时机评估流程,电解槽离子膜寿命预测与更换时机评估流程,电解槽离子膜寿命预测与更换时机评估流程,电解槽离子膜寿命预测与更换时机评估流程,电解槽离子膜寿命预测与更换时机评估流程,电解槽离子膜寿命预测与更换时机评估流程,电解槽离子膜寿命预测与更换时机评估流程,电解槽离子膜寿命预测与更换时机评估流程,电解槽离子膜寿命预测与更换时机评估流程,电解槽离子膜寿命预测与更换时机评估流程,电解槽离子膜寿命预测与更换时机评估流程,电解槽离子膜寿命预测与更换时机评估流程
prediction_ds.csv,14,prediction,电解槽离子膜寿命预测与更换时机评估流程,帮我预测一下离子膜使用寿命,场景与功能全覆盖,直接复用语料,2014/1/3,18,9,9,电解槽离子膜寿命预测与更换时机评估流程,电解槽离子膜寿命预测与更换时机评估流程,电解槽离子膜寿命预测与更换时机评估流程,电解槽离子膜寿命预测与更换时机评估流程,电解槽离子膜寿命预测与更换时机评估流程,电解槽离子膜寿命预测与更换时机评估流程,电解槽离子膜寿命预测与更换时机评估流程,电解槽离子膜寿命预测与更换时机评估流程,电解槽离子膜寿命预测与更换时机评估流程,电解槽离子膜寿命预测与更换时机评估流程,电解槽离子膜寿命预测与更换时机评估流程,电解槽离子膜寿命预测与更换时机评估流程,电解槽离子膜寿命预测与更换时机评估流程,电解槽离子膜寿命预测与更换时机评估流程,电解槽离子膜寿命预测与更换时机评估流程,电解槽离子膜寿命预测与更换时机评估流程,电解槽离子膜寿命预测与更换时机评估流程,电解槽离子膜寿命预测与更换时机评估流程
prediction_ds.csv,14,prediction,电解槽离子膜寿命预测与更换时机评估流程,请帮我评估下1号电解槽什么时候更换离子膜经济效益最好？,场景与功能全覆盖,直接复用语料,2014/1/4,18,9,9,电解槽离子膜寿命预测与更换时机评估流程,电解槽离子膜寿命预测与更换时机评估流程,电解槽离子膜寿命预测与更换时机评估流程,电解槽离子膜寿命预测与更换时机评估流程,电解槽离子膜寿命预测与更换时机评估流程,电解槽离子膜寿命预测与更换时机评估流程,电解槽离子膜寿命预测与更换时机评估流程,电解槽离子膜寿命预测与更换时机评估流程,电解槽离子膜寿命预测与更换时机评估流程,电解槽离子膜寿命预测与更换时机评估流程,电解槽离子膜寿命预测与更换时机评估流程,电解槽离子膜寿命预测与更换时机评估流程,电解槽离子膜寿命预测与更换时机评估流程,电解槽离子膜寿命预测与更换时机评估流程,电解槽离子膜寿命预测与更换时机评估流程,电解槽离子膜寿命预测与更换时机评估流程,电解槽离子膜寿命预测与更换时机评估流程,电解槽离子膜寿命预测与更换时机评估流程
prediction_ds.csv,14,prediction,电解槽离子膜寿命预测与更换时机评估流程,请帮我评估下1号电解槽什么时候更换离子膜经济效益最佳？,场景与功能全覆盖,直接复用语料,2014/1/5,18,9,9,电解槽离子膜寿命预测与更换时机评估流程,电解槽离子膜寿命预测与更换时机评估流程,电解槽离子膜寿命预测与更换时机评估流程,电解槽离子膜寿命预测与更换时机评估流程,电解槽离子膜寿命预测与更换时机评估流程,电解槽离子膜寿命预测与更换时机评估流程,电解槽离子膜寿命预测与更换时机评估流程,电解槽离子膜寿命预测与更换时机评估流程,电解槽离子膜寿命预测与更换时机评估流程,电解槽离子膜寿命预测与更换时机评估流程,电解槽离子膜寿命预测与更换时机评估流程,电解槽离子膜寿命预测与更换时机评估流程,电解槽离子膜寿命预测与更换时机评估流程,电解槽离子膜寿命预测与更换时机评估流程,电解槽离子膜寿命预测与更换时机评估流程,电解槽离子膜寿命预测与更换时机评估流程,电解槽离子膜寿命预测与更换时机评估流程,电解槽离子膜寿命预测与更换时机评估流程
prediction_ds.csv,14,prediction,电解槽离子膜寿命预测与更换时机评估流程,执行1号电解槽离子膜寿命预测及最佳更换时机经济效益评估,输入表述形态多样性,专业规范表述,2014/2/1,7,7,0,电解槽离子膜寿命预测与更换时机评估流程,电解槽离子膜寿命预测与更换时机评估流程,,电解槽离子膜寿命预测与更换时机评估流程,电解槽离子膜寿命预测与更换时机评估流程,电解槽离子膜寿命预测与更换时机评估流程,,电解槽离子膜寿命预测与更换时机评估流程,电解槽离子膜寿命预测与更换时机评估流程,,,,,,,,,
prediction_ds.csv,14,prediction,电解槽离子膜寿命预测与更换时机评估流程,1号电解槽离子膜更换时机预测，基于经济效益最优原则,输入表述形态多样性,专业规范表述,2014/2/2,18,9,9,电解槽离子膜寿命预测与更换时机评估流程,电解槽离子膜寿命预测与更换时机评估流程,电解槽离子膜寿命预测与更换时机评估流程,电解槽离子膜寿命预测与更换时机评估流程,电解槽离子膜寿命预测与更换时机评估流程,电解槽离子膜寿命预测与更换时机评估流程,电解槽离子膜寿命预测与更换时机评估流程,电解槽离子膜寿命预测与更换时机评估流程,电解槽离子膜寿命预测与更换时机评估流程,电解槽离子膜寿命预测与更换时机评估流程,电解槽离子膜寿命预测与更换时机评估流程,电解槽离子膜寿命预测与更换时机评估流程,电解槽离子膜寿命预测与更换时机评估流程,电解槽离子膜寿命预测与更换时机评估流程,电解槽离子膜寿命预测与更换时机评估流程,电解槽离子膜寿命预测与更换时机评估流程,电解槽离子膜寿命预测与更换时机评估流程,电解槽离子膜寿命预测与更换时机评估流程
prediction_ds.csv,14,prediction,电解槽离子膜寿命预测与更换时机评估流程,电解槽离子膜使用寿命预测及经济效益最佳更换时间评估,输入表述形态多样性,专业规范表述,2014/2/3,18,9,9,电解槽离子膜寿命预测与更换时机评估流程,电解槽离子膜寿命预测与更换时机评估流程,电解槽离子膜寿命预测与更换时机评估流程,电解槽离子膜寿命预测与更换时机评估流程,电解槽离子膜寿命预测与更换时机评估流程,电解槽离子膜寿命预测与更换时机评估流程,电解槽离子膜寿命预测与更换时机评估流程,电解槽离子膜寿命预测与更换时机评估流程,电解槽离子膜寿命预测与更换时机评估流程,电解槽离子膜寿命预测与更换时机评估流程,电解槽离子膜寿命预测与更换时机评估流程,电解槽离子膜寿命预测与更换时机评估流程,电解槽离子膜寿命预测与更换时机评估流程,电解槽离子膜寿命预测与更换时机评估流程,电解槽离子膜寿命预测与更换时机评估流程,电解槽离子膜寿命预测与更换时机评估流程,电解槽离子膜寿命预测与更换时机评估流程,电解槽离子膜寿命预测与更换时机评估流程
prediction_ds.csv,14,prediction,电解槽离子膜寿命预测与更换时机评估流程,1号电解槽离子膜剩余寿命预测与更换时机经济效益分析,输入表述形态多样性,专业规范表述,2014/2/4,18,9,9,电解槽离子膜寿命预测与更换时机评估流程,电解槽离子膜寿命预测与更换时机评估流程,电解槽离子膜寿命预测与更换时机评估流程,电解槽离子膜寿命预测与更换时机评估流程,电解槽离子膜寿命预测与更换时机评估流程,电解槽离子膜寿命预测与更换时机评估流程,电解槽离子膜寿命预测与更换时机评估流程,电解槽离子膜寿命预测与更换时机评估流程,电解槽离子膜寿命预测与更换时机评估流程,电解槽离子膜寿命预测与更换时机评估流程,电解槽离子膜寿命预测与更换时机评估流程,电解槽离子膜寿命预测与更换时机评估流程,电解槽离子膜寿命预测与更换时机评估流程,电解槽离子膜寿命预测与更换时机评估流程,电解槽离子膜寿命预测与更换时机评估流程,电解槽离子膜寿命预测与更换时机评估流程,电解槽离子膜寿命预测与更换时机评估流程,电解槽离子膜寿命预测与更换时机评估流程
prediction_ds.csv,14,prediction,电解槽离子膜寿命预测与更换时机评估流程,电解槽离子膜寿命预测，输出最佳经济效益更换时间点,输入表述形态多样性,专业规范表述,2014/2/5,18,9,9,电解槽离子膜寿命预测与更换时机评估流程,电解槽离子膜寿命预测与更换时机评估流程,电解槽离子膜寿命预测与更换时机评估流程,电解槽离子膜寿命预测与更换时机评估流程,电解槽离子膜寿命预测与更换时机评估流程,电解槽离子膜寿命预测与更换时机评估流程,电解槽离子膜寿命预测与更换时机评估流程,电解槽离子膜寿命预测与更换时机评估流程,电解槽离子膜寿命预测与更换时机评估流程,电解槽离子膜寿命预测与更换时机评估流程,电解槽离子膜寿命预测与更换时机评估流程,电解槽离子膜寿命预测与更换时机评估流程,电解槽离子膜寿命预测与更换时机评估流程,电解槽离子膜寿命预测与更换时机评估流程,电解槽离子膜寿命预测与更换时机评估流程,电解槽离子膜寿命预测与更换时机评估流程,电解槽离子膜寿命预测与更换时机评估流程,电解槽离子膜寿命预测与更换时机评估流程
prediction_ds.csv,14,prediction,电解槽离子膜寿命预测与更换时机评估流程,1号电解槽离子膜什么时候换最划算,输入表述形态多样性,口语化简化表述,2014/3/1,18,9,9,电解槽离子膜寿命预测与更换时机评估流程,电解槽离子膜寿命预测与更换时机评估流程,电解槽离子膜寿命预测与更换时机评估流程,电解槽离子膜寿命预测与更换时机评估流程,电解槽离子膜寿命预测与更换时机评估流程,电解槽离子膜寿命预测与更换时机评估流程,电解槽离子膜寿命预测与更换时机评估流程,电解槽离子膜寿命预测与更换时机评估流程,电解槽离子膜寿命预测与更换时机评估流程,电解槽离子膜寿命预测与更换时机评估流程,电解槽离子膜寿命预测与更换时机评估流程,电解槽离子膜寿命预测与更换时机评估流程,电解槽离子膜寿命预测与更换时机评估流程,电解槽离子膜寿命预测与更换时机评估流程,电解槽离子膜寿命预测与更换时机评估流程,电解槽离子膜寿命预测与更换时机评估流程,电解槽离子膜寿命预测与更换时机评估流程,电解槽离子膜寿命预测与更换时机评估流程
prediction_ds.csv,14,prediction,电解槽离子膜寿命预测与更换时机评估流程,预测下离子膜使用寿命，啥时候换好,输入表述形态多样性,口语化简化表述,2014/3/2,18,9,9,电解槽离子膜寿命预测与更换时机评估流程,电解槽离子膜寿命预测与更换时机评估流程,电解槽离子膜寿命预测与更换时机评估流程,电解槽离子膜寿命预测与更换时机评估流程,电解槽离子膜寿命预测与更换时机评估流程,电解槽离子膜寿命预测与更换时机评估流程,电解槽离子膜寿命预测与更换时机评估流程,电解槽离子膜寿命预测与更换时机评估流程,电解槽离子膜寿命预测与更换时机评估流程,电解槽离子膜寿命预测与更换时机评估流程,电解槽离子膜寿命预测与更换时机评估流程,电解槽离子膜寿命预测与更换时机评估流程,电解槽离子膜寿命预测与更换时机评估流程,电解槽离子膜寿命预测与更换时机评估流程,电解槽离子膜寿命预测与更换时机评估流程,电解槽离子膜寿命预测与更换时机评估流程,电解槽离子膜寿命预测与更换时机评估流程,电解槽离子膜寿命预测与更换时机评估流程
prediction_ds.csv,14,prediction,电解槽离子膜寿命预测与更换时机评估流程,电解槽离子膜寿命评估一下，最佳更换时间,输入表述形态多样性,口语化简化表述,2014/3/3,18,9,9,电解槽离子膜寿命预测与更换时机评估流程,电解槽离子膜寿命预测与更换时机评估流程,电解槽离子膜寿命预测与更换时机评估流程,电解槽离子膜寿命预测与更换时机评估流程,电解槽离子膜寿命预测与更换时机评估流程,电解槽离子膜寿命预测与更换时机评估流程,电解槽离子膜寿命预测与更换时机评估流程,电解槽离子膜寿命预测与更换时机评估流程,电解槽离子膜寿命预测与更换时机评估流程,电解槽离子膜寿命预测与更换时机评估流程,电解槽离子膜寿命预测与更换时机评估流程,电解槽离子膜寿命预测与更换时机评估流程,电解槽离子膜寿命预测与更换时机评估流程,电解槽离子膜寿命预测与更换时机评估流程,电解槽离子膜寿命预测与更换时机评估流程,电解槽离子膜寿命预测与更换时机评估流程,电解槽离子膜寿命预测与更换时机评估流程,电解槽离子膜寿命预测与更换时机评估流程
prediction_ds.csv,14,prediction,电解槽离子膜寿命预测与更换时机评估流程,1号电解槽离子膜，预测寿命和更换时机,输入表述形态多样性,口语化简化表述,2014/3/4,18,9,9,电解槽离子膜寿命预测与更换时机评估流程,电解槽离子膜寿命预测与更换时机评估流程,电解槽离子膜寿命预测与更换时机评估流程,电解槽离子膜寿命预测与更换时机评估流程,电解槽离子膜寿命预测与更换时机评估流程,电解槽离子膜寿命预测与更换时机评估流程,电解槽离子膜寿命预测与更换时机评估流程,电解槽离子膜寿命预测与更换时机评估流程,电解槽离子膜寿命预测与更换时机评估流程,电解槽离子膜寿命预测与更换时机评估流程,电解槽离子膜寿命预测与更换时机评估流程,电解槽离子膜寿命预测与更换时机评估流程,电解槽离子膜寿命预测与更换时机评估流程,电解槽离子膜寿命预测与更换时机评估流程,电解槽离子膜寿命预测与更换时机评估流程,电解槽离子膜寿命预测与更换时机评估流程,电解槽离子膜寿命预测与更换时机评估流程,电解槽离子膜寿命预测与更换时机评估流程
prediction_ds.csv,14,prediction,电解槽离子膜寿命预测与更换时机评估流程,离子膜什么时候换经济效益最好，预测一下,输入表述形态多样性,口语化简化表述,2014/3/5,18,9,9,电解槽离子膜寿命预测与更换时机评估流程,电解槽离子膜寿命预测与更换时机评估流程,电解槽离子膜寿命预测与更换时机评估流程,电解槽离子膜寿命预测与更换时机评估流程,电解槽离子膜寿命预测与更换时机评估流程,电解槽离子膜寿命预测与更换时机评估流程,电解槽离子膜寿命预测与更换时机评估流程,电解槽离子膜寿命预测与更换时机评估流程,电解槽离子膜寿命预测与更换时机评估流程,电解槽离子膜寿命预测与更换时机评估流程,电解槽离子膜寿命预测与更换时机评估流程,电解槽离子膜寿命预测与更换时机评估流程,电解槽离子膜寿命预测与更换时机评估流程,电解槽离子膜寿命预测与更换时机评估流程,电解槽离子膜寿命预测与更换时机评估流程,电解槽离子膜寿命预测与更换时机评估流程,电解槽离子膜寿命预测与更换时机评估流程,电解槽离子膜寿命预测与更换时机评估流程
prediction_ds.csv,14,prediction,电解槽离子膜寿命预测与更换时机评估流程,查询1号电解槽离子膜当前状态（非寿命预测）,意图边界与歧义性,相似意图区分,2014/4/1,0,0,0,,,,,,,,,,,,,,,,,,
prediction_ds.csv,14,prediction,电解槽离子膜寿命预测与更换时机评估流程,请帮我评估下1号电解槽什么时候更换离子膜经济效益最佳（核心意图）,意图边界与歧义性,相似意图区分,2014/4/2,18,9,9,电解槽离子膜寿命预测与更换时机评估流程,电解槽离子膜寿命预测与更换时机评估流程,电解槽离子膜寿命预测与更换时机评估流程,电解槽离子膜寿命预测与更换时机评估流程,电解槽离子膜寿命预测与更换时机评估流程,电解槽离子膜寿命预测与更换时机评估流程,电解槽离子膜寿命预测与更换时机评估流程,电解槽离子膜寿命预测与更换时机评估流程,电解槽离子膜寿命预测与更换时机评估流程,电解槽离子膜寿命预测与更换时机评估流程,电解槽离子膜寿命预测与更换时机评估流程,电解槽离子膜寿命预测与更换时机评估流程,电解槽离子膜寿命预测与更换时机评估流程,电解槽离子膜寿命预测与更换时机评估流程,电解槽离子膜寿命预测与更换时机评估流程,电解槽离子膜寿命预测与更换时机评估流程,电解槽离子膜寿命预测与更换时机评估流程,电解槽离子膜寿命预测与更换时机评估流程
prediction_ds.csv,14,prediction,电解槽离子膜寿命预测与更换时机评估流程,立即更换1号电解槽离子膜（非预测评估）,意图边界与歧义性,相似意图区分,2014/4/3,11,9,2,电解槽离子膜寿命预测与更换时机评估流程,电解槽离子膜寿命预测与更换时机评估流程,电解槽离子膜寿命预测与更换时机评估流程,电解槽离子膜寿命预测与更换时机评估流程,电解槽离子膜寿命预测与更换时机评估流程,电解槽离子膜寿命预测与更换时机评估流程,电解槽离子膜寿命预测与更换时机评估流程,电解槽离子膜寿命预测与更换时机评估流程,电解槽离子膜寿命预测与更换时机评估流程,PID回路性能评估与异常诊断流程,PID回路性能评估与异常诊断流程,PID回路性能评估与异常诊断流程,PID回路性能评估与异常诊断流程,PID回路性能评估与异常诊断流程,电解槽离子膜寿命预测与更换时机评估流程,PID回路性能评估与异常诊断流程,PID回路性能评估与异常诊断流程,电解槽离子膜寿命预测与更换时机评估流程
prediction_ds.csv,14,prediction,电解槽离子膜寿命预测与更换时机评估流程,采购1号电解槽备用离子膜（非寿命预测）,意图边界与歧义性,相似意图区分,2014/4/4,0,0,0,,,,,,,,,,,,,,,,,,
prediction_ds.csv,14,prediction,电解槽离子膜寿命预测与更换时机评估流程,维修1号电解槽离子膜（非更换时机评估）,意图边界与歧义性,相似意图区分,2014/4/5,10,9,1,电解槽离子膜寿命预测与更换时机评估流程,电解槽离子膜寿命预测与更换时机评估流程,电解槽离子膜寿命预测与更换时机评估流程,电解槽离子膜寿命预测与更换时机评估流程,电解槽离子膜寿命预测与更换时机评估流程,电解槽离子膜寿命预测与更换时机评估流程,电解槽离子膜寿命预测与更换时机评估流程,电解槽离子膜寿命预测与更换时机评估流程,电解槽离子膜寿命预测与更换时机评估流程,,,,,,,,,电解槽离子膜寿命预测与更换时机评估流程
prediction_ds.csv,14,prediction,电解槽离子膜寿命预测与更换时机评估流程,现在是季度末，预算审核期，请帮我评估下1号电解槽什么时候更换离子膜经济效益最佳？,干扰因素与鲁棒性,冗余信息叠加,2014/5/1,18,9,9,电解槽离子膜寿命预测与更换时机评估流程,电解槽离子膜寿命预测与更换时机评估流程,电解槽离子膜寿命预测与更换时机评估流程,电解槽离子膜寿命预测与更换时机评估流程,电解槽离子膜寿命预测与更换时机评估流程,电解槽离子膜寿命预测与更换时机评估流程,电解槽离子膜寿命预测与更换时机评估流程,电解槽离子膜寿命预测与更换时机评估流程,电解槽离子膜寿命预测与更换时机评估流程,电解槽离子膜寿命预测与更换时机评估流程,电解槽离子膜寿命预测与更换时机评估流程,电解槽离子膜寿命预测与更换时机评估流程,电解槽离子膜寿命预测与更换时机评估流程,电解槽离子膜寿命预测与更换时机评估流程,电解槽离子膜寿命预测与更换时机评估流程,电解槽离子膜寿命预测与更换时机评估流程,电解槽离子膜寿命预测与更换时机评估流程,电解槽离子膜寿命预测与更换时机评估流程
prediction_ds.csv,14,prediction,电解槽离子膜寿命预测与更换时机评估流程,电解槽运行稳定，电流效率正常，请帮我预测下1号电解槽什么时候更换离子膜？,干扰因素与鲁棒性,冗余信息叠加,2014/5/2,18,9,9,电解槽离子膜寿命预测与更换时机评估流程,电解槽离子膜寿命预测与更换时机评估流程,电解槽离子膜寿命预测与更换时机评估流程,电解槽离子膜寿命预测与更换时机评估流程,电解槽离子膜寿命预测与更换时机评估流程,电解槽离子膜寿命预测与更换时机评估流程,电解槽离子膜寿命预测与更换时机评估流程,电解槽离子膜寿命预测与更换时机评估流程,电解槽离子膜寿命预测与更换时机评估流程,电解槽离子膜寿命预测与更换时机评估流程,电解槽离子膜寿命预测与更换时机评估流程,电解槽离子膜寿命预测与更换时机评估流程,电解槽离子膜寿命预测与更换时机评估流程,电解槽离子膜寿命预测与更换时机评估流程,电解槽离子膜寿命预测与更换时机评估流程,电解槽离子膜寿命预测与更换时机评估流程,电解槽离子膜寿命预测与更换时机评估流程,电解槽离子膜寿命预测与更换时机评估流程
prediction_ds.csv,14,prediction,电解槽离子膜寿命预测与更换时机评估流程,离子膜供应商有新货到，价格合适，帮我预测一下离子膜使用寿命,干扰因素与鲁棒性,冗余信息叠加,2014/5/3,18,9,9,电解槽离子膜寿命预测与更换时机评估流程,电解槽离子膜寿命预测与更换时机评估流程,电解槽离子膜寿命预测与更换时机评估流程,电解槽离子膜寿命预测与更换时机评估流程,电解槽离子膜寿命预测与更换时机评估流程,电解槽离子膜寿命预测与更换时机评估流程,电解槽离子膜寿命预测与更换时机评估流程,电解槽离子膜寿命预测与更换时机评估流程,电解槽离子膜寿命预测与更换时机评估流程,电解槽离子膜寿命预测与更换时机评估流程,电解槽离子膜寿命预测与更换时机评估流程,电解槽离子膜寿命预测与更换时机评估流程,电解槽离子膜寿命预测与更换时机评估流程,电解槽离子膜寿命预测与更换时机评估流程,电解槽离子膜寿命预测与更换时机评估流程,电解槽离子膜寿命预测与更换时机评估流程,电解槽离子膜寿命预测与更换时机评估流程,电解槽离子膜寿命预测与更换时机评估流程
prediction_ds.csv,14,prediction,电解槽离子膜寿命预测与更换时机评估流程,车间大修计划在即，请帮我评估下1号电解槽什么时候更换离子膜经济效益最好？,干扰因素与鲁棒性,冗余信息叠加,2014/5/4,18,9,9,电解槽离子膜寿命预测与更换时机评估流程,电解槽离子膜寿命预测与更换时机评估流程,电解槽离子膜寿命预测与更换时机评估流程,电解槽离子膜寿命预测与更换时机评估流程,电解槽离子膜寿命预测与更换时机评估流程,电解槽离子膜寿命预测与更换时机评估流程,电解槽离子膜寿命预测与更换时机评估流程,电解槽离子膜寿命预测与更换时机评估流程,电解槽离子膜寿命预测与更换时机评估流程,电解槽离子膜寿命预测与更换时机评估流程,电解槽离子膜寿命预测与更换时机评估流程,电解槽离子膜寿命预测与更换时机评估流程,电解槽离子膜寿命预测与更换时机评估流程,电解槽离子膜寿命预测与更换时机评估流程,电解槽离子膜寿命预测与更换时机评估流程,电解槽离子膜寿命预测与更换时机评估流程,电解槽离子膜寿命预测与更换时机评估流程,电解槽离子膜寿命预测与更换时机评估流程
prediction_ds.csv,14,prediction,电解槽离子膜寿命预测与更换时机评估流程,设备运行数据完整，记录准确，请帮我评估下1号电解槽什么时候更换离子膜经济效益最佳？,干扰因素与鲁棒性,冗余信息叠加,2014/5/5,18,9,9,电解槽离子膜寿命预测与更换时机评估流程,电解槽离子膜寿命预测与更换时机评估流程,电解槽离子膜寿命预测与更换时机评估流程,电解槽离子膜寿命预测与更换时机评估流程,电解槽离子膜寿命预测与更换时机评估流程,电解槽离子膜寿命预测与更换时机评估流程,电解槽离子膜寿命预测与更换时机评估流程,电解槽离子膜寿命预测与更换时机评估流程,电解槽离子膜寿命预测与更换时机评估流程,电解槽离子膜寿命预测与更换时机评估流程,电解槽离子膜寿命预测与更换时机评估流程,电解槽离子膜寿命预测与更换时机评估流程,电解槽离子膜寿命预测与更换时机评估流程,电解槽离子膜寿命预测与更换时机评估流程,电解槽离子膜寿命预测与更换时机评估流程,电解槽离子膜寿命预测与更换时机评估流程,电解槽离子膜寿命预测与更换时机评估流程,电解槽离子膜寿命预测与更换时机评估流程
prediction_ds.csv,14,prediction,电解槽离子膜寿命预测与更换时机评估流程,新电解槽投运初期，请帮我评估下1号电解槽什么时候更换离子膜经济效益最佳？,实际工况适配性,全工况场景,2014/6/1,18,9,9,电解槽离子膜寿命预测与更换时机评估流程,电解槽离子膜寿命预测与更换时机评估流程,电解槽离子膜寿命预测与更换时机评估流程,电解槽离子膜寿命预测与更换时机评估流程,电解槽离子膜寿命预测与更换时机评估流程,电解槽离子膜寿命预测与更换时机评估流程,电解槽离子膜寿命预测与更换时机评估流程,电解槽离子膜寿命预测与更换时机评估流程,电解槽离子膜寿命预测与更换时机评估流程,电解槽离子膜寿命预测与更换时机评估流程,电解槽离子膜寿命预测与更换时机评估流程,电解槽离子膜寿命预测与更换时机评估流程,电解槽离子膜寿命预测与更换时机评估流程,电解槽离子膜寿命预测与更换时机评估流程,电解槽离子膜寿命预测与更换时机评估流程,电解槽离子膜寿命预测与更换时机评估流程,电解槽离子膜寿命预测与更换时机评估流程,电解槽离子膜寿命预测与更换时机评估流程
prediction_ds.csv,14,prediction,电解槽离子膜寿命预测与更换时机评估流程,稳态运行期，请帮我预测下1号电解槽什么时候更换离子膜？,实际工况适配性,全工况场景,2014/6/2,18,9,9,电解槽离子膜寿命预测与更换时机评估流程,电解槽离子膜寿命预测与更换时机评估流程,电解槽离子膜寿命预测与更换时机评估流程,电解槽离子膜寿命预测与更换时机评估流程,电解槽离子膜寿命预测与更换时机评估流程,电解槽离子膜寿命预测与更换时机评估流程,电解槽离子膜寿命预测与更换时机评估流程,电解槽离子膜寿命预测与更换时机评估流程,电解槽离子膜寿命预测与更换时机评估流程,电解槽离子膜寿命预测与更换时机评估流程,电解槽离子膜寿命预测与更换时机评估流程,电解槽离子膜寿命预测与更换时机评估流程,电解槽离子膜寿命预测与更换时机评估流程,电解槽离子膜寿命预测与更换时机评估流程,电解槽离子膜寿命预测与更换时机评估流程,电解槽离子膜寿命预测与更换时机评估流程,电解槽离子膜寿命预测与更换时机评估流程,电解槽离子膜寿命预测与更换时机评估流程
prediction_ds.csv,14,prediction,电解槽离子膜寿命预测与更换时机评估流程,电流负荷波动较大时，帮我预测一下离子膜使用寿命,实际工况适配性,全工况场景,2014/6/3,18,9,9,电解槽离子膜寿命预测与更换时机评估流程,电解槽离子膜寿命预测与更换时机评估流程,电解槽离子膜寿命预测与更换时机评估流程,电解槽离子膜寿命预测与更换时机评估流程,电解槽离子膜寿命预测与更换时机评估流程,电解槽离子膜寿命预测与更换时机评估流程,电解槽离子膜寿命预测与更换时机评估流程,电解槽离子膜寿命预测与更换时机评估流程,电解槽离子膜寿命预测与更换时机评估流程,电解槽离子膜寿命预测与更换时机评估流程,电解槽离子膜寿命预测与更换时机评估流程,电解槽离子膜寿命预测与更换时机评估流程,电解槽离子膜寿命预测与更换时机评估流程,电解槽离子膜寿命预测与更换时机评估流程,电解槽离子膜寿命预测与更换时机评估流程,电解槽离子膜寿命预测与更换时机评估流程,电解槽离子膜寿命预测与更换时机评估流程,电解槽离子膜寿命预测与更换时机评估流程
prediction_ds.csv,14,prediction,电解槽离子膜寿命预测与更换时机评估流程,电解槽性能下降期，请帮我评估下1号电解槽什么时候更换离子膜经济效益最好？,实际工况适配性,全工况场景,2014/6/4,18,9,9,电解槽离子膜寿命预测与更换时机评估流程,电解槽离子膜寿命预测与更换时机评估流程,电解槽离子膜寿命预测与更换时机评估流程,电解槽离子膜寿命预测与更换时机评估流程,电解槽离子膜寿命预测与更换时机评估流程,电解槽离子膜寿命预测与更换时机评估流程,电解槽离子膜寿命预测与更换时机评估流程,电解槽离子膜寿命预测与更换时机评估流程,电解槽离子膜寿命预测与更换时机评估流程,电解槽离子膜寿命预测与更换时机评估流程,电解槽离子膜寿命预测与更换时机评估流程,电解槽离子膜寿命预测与更换时机评估流程,电解槽离子膜寿命预测与更换时机评估流程,电解槽离子膜寿命预测与更换时机评估流程,电解槽离子膜寿命预测与更换时机评估流程,电解槽离子膜寿命预测与更换时机评估流程,电解槽离子膜寿命预测与更换时机评估流程,电解槽离子膜寿命预测与更换时机评估流程
prediction_ds.csv,14,prediction,电解槽离子膜寿命预测与更换时机评估流程,装置停车检修前，请帮我评估下1号电解槽什么时候更换离子膜经济效益最佳？,实际工况适配性,全工况场景,2014/6/5,18,9,9,电解槽离子膜寿命预测与更换时机评估流程,电解槽离子膜寿命预测与更换时机评估流程,电解槽离子膜寿命预测与更换时机评估流程,电解槽离子膜寿命预测与更换时机评估流程,电解槽离子膜寿命预测与更换时机评估流程,电解槽离子膜寿命预测与更换时机评估流程,电解槽离子膜寿命预测与更换时机评估流程,电解槽离子膜寿命预测与更换时机评估流程,电解槽离子膜寿命预测与更换时机评估流程,电解槽离子膜寿命预测与更换时机评估流程,电解槽离子膜寿命预测与更换时机评估流程,电解槽离子膜寿命预测与更换时机评估流程,电解槽离子膜寿命预测与更换时机评估流程,电解槽离子膜寿命预测与更换时机评估流程,电解槽离子膜寿命预测与更换时机评估流程,电解槽离子膜寿命预测与更换时机评估流程,电解槽离子膜寿命预测与更换时机评估流程,电解槽离子膜寿命预测与更换时机评估流程
prediction_ds.csv,18,prediction,裂解炉产物成分实时预测流程,预测裂解炉未来10分钟的裂解气中C2H2的含量、乙烯收率,场景与功能全覆盖,直接复用语料,2018/1/1,18,9,9,裂解炉产物成分实时预测流程,裂解炉产物成分实时预测流程,裂解炉产物成分实时预测流程,裂解炉产物成分实时预测流程,裂解炉产物成分实时预测流程,裂解炉产物成分实时预测流程,裂解炉产物成分实时预测流程,裂解炉产物成分实时预测流程,裂解炉产物成分实时预测流程,裂解炉产物成分实时预测流程,裂解炉产物成分实时预测流程,裂解炉产物成分实时预测流程,裂解炉产物成分实时预测流程,裂解炉产物成分实时预测流程,裂解炉产物成分实时预测流程,裂解炉产物成分实时预测流程,裂解炉产物成分实时预测流程,裂解炉产物成分实时预测流程
prediction_ds.csv,18,prediction,裂解炉产物成分实时预测流程,裂解炉未来10分钟的裂解气中C2H2的含量、乙烯收率的数值是多少_,场景与功能全覆盖,直接复用语料,2018/1/2,18,9,9,裂解炉产物成分实时预测流程,裂解炉产物成分实时预测流程,裂解炉产物成分实时预测流程,裂解炉产物成分实时预测流程,裂解炉产物成分实时预测流程,裂解炉产物成分实时预测流程,裂解炉产物成分实时预测流程,裂解炉产物成分实时预测流程,裂解炉产物成分实时预测流程,裂解炉产物成分实时预测流程,裂解炉产物成分实时预测流程,裂解炉产物成分实时预测流程,裂解炉产物成分实时预测流程,裂解炉产物成分实时预测流程,裂解炉产物成分实时预测流程,裂解炉产物成分实时预测流程,裂解炉产物成分实时预测流程,裂解炉产物成分实时预测流程
prediction_ds.csv,18,prediction,裂解炉产物成分实时预测流程,我想知道裂解炉未来10分钟的裂解气中C2H2的含量、乙烯收率，你有什么好的办法吗？,场景与功能全覆盖,直接复用语料,2018/1/3,18,9,9,裂解炉产物成分实时预测流程,裂解炉产物成分实时预测流程,裂解炉产物成分实时预测流程,裂解炉产物成分实时预测流程,裂解炉产物成分实时预测流程,裂解炉产物成分实时预测流程,裂解炉产物成分实时预测流程,裂解炉产物成分实时预测流程,裂解炉产物成分实时预测流程,裂解炉产物成分实时预测流程,裂解炉产物成分实时预测流程,裂解炉产物成分实时预测流程,裂解炉产物成分实时预测流程,裂解炉产物成分实时预测流程,裂解炉产物成分实时预测流程,裂解炉产物成分实时预测流程,裂解炉产物成分实时预测流程,裂解炉产物成分实时预测流程
prediction_ds.csv,18,prediction,裂解炉产物成分实时预测流程,预测裂解炉未来10分钟的裂解气中C2H2的含量、乙烯收率,场景与功能全覆盖,直接复用语料,2018/1/4,18,9,9,裂解炉产物成分实时预测流程,裂解炉产物成分实时预测流程,裂解炉产物成分实时预测流程,裂解炉产物成分实时预测流程,裂解炉产物成分实时预测流程,裂解炉产物成分实时预测流程,裂解炉产物成分实时预测流程,裂解炉产物成分实时预测流程,裂解炉产物成分实时预测流程,裂解炉产物成分实时预测流程,裂解炉产物成分实时预测流程,裂解炉产物成分实时预测流程,裂解炉产物成分实时预测流程,裂解炉产物成分实时预测流程,裂解炉产物成分实时预测流程,裂解炉产物成分实时预测流程,裂解炉产物成分实时预测流程,裂解炉产物成分实时预测流程
prediction_ds.csv,18,prediction,裂解炉产物成分实时预测流程,裂解炉未来10分钟的裂解气中C2H2的含量、乙烯收率的数值是多少_,场景与功能全覆盖,直接复用语料,2018/1/5,18,9,9,裂解炉产物成分实时预测流程,裂解炉产物成分实时预测流程,裂解炉产物成分实时预测流程,裂解炉产物成分实时预测流程,裂解炉产物成分实时预测流程,裂解炉产物成分实时预测流程,裂解炉产物成分实时预测流程,裂解炉产物成分实时预测流程,裂解炉产物成分实时预测流程,裂解炉产物成分实时预测流程,裂解炉产物成分实时预测流程,裂解炉产物成分实时预测流程,裂解炉产物成分实时预测流程,裂解炉产物成分实时预测流程,裂解炉产物成分实时预测流程,裂解炉产物成分实时预测流程,裂解炉产物成分实时预测流程,裂解炉产物成分实时预测流程
prediction_ds.csv,18,prediction,裂解炉产物成分实时预测流程,执行裂解炉未来10分钟裂解气中C2H2含量及乙烯收率实时预测,输入表述形态多样性,专业规范表述,2018/2/1,18,9,9,裂解炉产物成分实时预测流程,裂解炉产物成分实时预测流程,裂解炉产物成分实时预测流程,裂解炉产物成分实时预测流程,裂解炉产物成分实时预测流程,裂解炉产物成分实时预测流程,裂解炉产物成分实时预测流程,裂解炉产物成分实时预测流程,裂解炉产物成分实时预测流程,裂解炉产物成分实时预测流程,裂解炉产物成分实时预测流程,裂解炉产物成分实时预测流程,裂解炉产物成分实时预测流程,裂解炉产物成分实时预测流程,裂解炉产物成分实时预测流程,裂解炉产物成分实时预测流程,裂解炉产物成分实时预测流程,裂解炉产物成分实时预测流程
prediction_ds.csv,18,prediction,裂解炉产物成分实时预测流程,裂解炉产物成分预测：未来10分钟C2H2含量与乙烯收率数值计算,输入表述形态多样性,专业规范表述,2018/2/2,18,9,9,裂解炉产物成分实时预测流程,裂解炉产物成分实时预测流程,裂解炉产物成分实时预测流程,裂解炉产物成分实时预测流程,裂解炉产物成分实时预测流程,裂解炉产物成分实时预测流程,裂解炉产物成分实时预测流程,裂解炉产物成分实时预测流程,裂解炉产物成分实时预测流程,裂解炉产物成分实时预测流程,裂解炉产物成分实时预测流程,裂解炉产物成分实时预测流程,裂解炉产物成分实时预测流程,裂解炉产物成分实时预测流程,裂解炉产物成分实时预测流程,裂解炉产物成分实时预测流程,裂解炉产物成分实时预测流程,裂解炉产物成分实时预测流程
prediction_ds.csv,18,prediction,裂解炉产物成分实时预测流程,实时预测裂解炉未来10分钟裂解气组分，含C2H2含量及乙烯收率,输入表述形态多样性,专业规范表述,2018/2/3,18,9,9,裂解炉产物成分实时预测流程,裂解炉产物成分实时预测流程,裂解炉产物成分实时预测流程,裂解炉产物成分实时预测流程,裂解炉产物成分实时预测流程,裂解炉产物成分实时预测流程,裂解炉产物成分实时预测流程,裂解炉产物成分实时预测流程,裂解炉产物成分实时预测流程,裂解炉产物成分实时预测流程,裂解炉产物成分实时预测流程,裂解炉产物成分实时预测流程,裂解炉产物成分实时预测流程,裂解炉产物成分实时预测流程,裂解炉产物成分实时预测流程,裂解炉产物成分实时预测流程,裂解炉产物成分实时预测流程,裂解炉产物成分实时预测流程
prediction_ds.csv,18,prediction,裂解炉产物成分实时预测流程,裂解炉未来10分钟产物成分预测，包括C2H2含量和乙烯收率指标,输入表述形态多样性,专业规范表述,2018/2/4,18,9,9,裂解炉产物成分实时预测流程,裂解炉产物成分实时预测流程,裂解炉产物成分实时预测流程,裂解炉产物成分实时预测流程,裂解炉产物成分实时预测流程,裂解炉产物成分实时预测流程,裂解炉产物成分实时预测流程,裂解炉产物成分实时预测流程,裂解炉产物成分实时预测流程,裂解炉产物成分实时预测流程,裂解炉产物成分实时预测流程,裂解炉产物成分实时预测流程,裂解炉产物成分实时预测流程,裂解炉产物成分实时预测流程,裂解炉产物成分实时预测流程,裂解炉产物成分实时预测流程,裂解炉产物成分实时预测流程,裂解炉产物成分实时预测流程
prediction_ds.csv,18,prediction,裂解炉产物成分实时预测流程,C2H2含量及乙烯收率实时预测，时间范围未来10分钟，针对裂解炉裂解气,输入表述形态多样性,专业规范表述,2018/2/5,18,9,9,裂解炉产物成分实时预测流程,裂解炉产物成分实时预测流程,裂解炉产物成分实时预测流程,裂解炉产物成分实时预测流程,裂解炉产物成分实时预测流程,裂解炉产物成分实时预测流程,裂解炉产物成分实时预测流程,裂解炉产物成分实时预测流程,裂解炉产物成分实时预测流程,裂解炉产物成分实时预测流程,裂解炉产物成分实时预测流程,裂解炉产物成分实时预测流程,裂解炉产物成分实时预测流程,裂解炉产物成分实时预测流程,裂解炉产物成分实时预测流程,裂解炉产物成分实时预测流程,裂解炉产物成分实时预测流程,裂解炉产物成分实时预测流程
prediction_ds.csv,18,prediction,裂解炉产物成分实时预测流程,裂解炉未来10分钟，C2H2含量和乙烯收率预测一下,输入表述形态多样性,口语化简化表述,2018/3/1,18,9,9,裂解炉产物成分实时预测流程,裂解炉产物成分实时预测流程,裂解炉产物成分实时预测流程,裂解炉产物成分实时预测流程,裂解炉产物成分实时预测流程,裂解炉产物成分实时预测流程,裂解炉产物成分实时预测流程,裂解炉产物成分实时预测流程,裂解炉产物成分实时预测流程,裂解炉产物成分实时预测流程,裂解炉产物成分实时预测流程,裂解炉产物成分实时预测流程,裂解炉产物成分实时预测流程,裂解炉产物成分实时预测流程,裂解炉产物成分实时预测流程,裂解炉产物成分实时预测流程,裂解炉产物成分实时预测流程,裂解炉产物成分实时预测流程
prediction_ds.csv,18,prediction,裂解炉产物成分实时预测流程,预测裂解气C2H2和乙烯收率，未来10分钟,输入表述形态多样性,口语化简化表述,2018/3/2,18,9,9,裂解炉产物成分实时预测流程,裂解炉产物成分实时预测流程,裂解炉产物成分实时预测流程,裂解炉产物成分实时预测流程,裂解炉产物成分实时预测流程,裂解炉产物成分实时预测流程,裂解炉产物成分实时预测流程,裂解炉产物成分实时预测流程,裂解炉产物成分实时预测流程,裂解炉产物成分实时预测流程,裂解炉产物成分实时预测流程,裂解炉产物成分实时预测流程,裂解炉产物成分实时预测流程,裂解炉产物成分实时预测流程,裂解炉产物成分实时预测流程,裂解炉产物成分实时预测流程,裂解炉产物成分实时预测流程,裂解炉产物成分实时预测流程
prediction_ds.csv,18,prediction,裂解炉产物成分实时预测流程,裂解炉产物成分，未来10分钟预测，C2H2和乙烯,输入表述形态多样性,口语化简化表述,2018/3/3,18,9,9,裂解炉产物成分实时预测流程,裂解炉产物成分实时预测流程,裂解炉产物成分实时预测流程,裂解炉产物成分实时预测流程,裂解炉产物成分实时预测流程,裂解炉产物成分实时预测流程,裂解炉产物成分实时预测流程,裂解炉产物成分实时预测流程,裂解炉产物成分实时预测流程,裂解炉产物成分实时预测流程,裂解炉产物成分实时预测流程,裂解炉产物成分实时预测流程,裂解炉产物成分实时预测流程,裂解炉产物成分实时预测流程,裂解炉产物成分实时预测流程,裂解炉产物成分实时预测流程,裂解炉产物成分实时预测流程,裂解炉产物成分实时预测流程
prediction_ds.csv,18,prediction,裂解炉产物成分实时预测流程,C2H2含量和乙烯收率，10分钟预测值,输入表述形态多样性,口语化简化表述,2018/3/4,18,9,9,裂解炉产物成分实时预测流程,裂解炉产物成分实时预测流程,裂解炉产物成分实时预测流程,裂解炉产物成分实时预测流程,裂解炉产物成分实时预测流程,裂解炉产物成分实时预测流程,裂解炉产物成分实时预测流程,裂解炉产物成分实时预测流程,裂解炉产物成分实时预测流程,裂解炉产物成分实时预测流程,裂解炉产物成分实时预测流程,裂解炉产物成分实时预测流程,裂解炉产物成分实时预测流程,裂解炉产物成分实时预测流程,裂解炉产物成分实时预测流程,裂解炉产物成分实时预测流程,裂解炉产物成分实时预测流程,裂解炉产物成分实时预测流程
prediction_ds.csv,18,prediction,裂解炉产物成分实时预测流程,裂解炉未来10分钟产物预测，要C2H2和乙烯数据,输入表述形态多样性,口语化简化表述,2018/3/5,18,9,9,裂解炉产物成分实时预测流程,裂解炉产物成分实时预测流程,裂解炉产物成分实时预测流程,裂解炉产物成分实时预测流程,裂解炉产物成分实时预测流程,裂解炉产物成分实时预测流程,裂解炉产物成分实时预测流程,裂解炉产物成分实时预测流程,裂解炉产物成分实时预测流程,裂解炉产物成分实时预测流程,裂解炉产物成分实时预测流程,裂解炉产物成分实时预测流程,裂解炉产物成分实时预测流程,裂解炉产物成分实时预测流程,裂解炉产物成分实时预测流程,裂解炉产物成分实时预测流程,裂解炉产物成分实时预测流程,裂解炉产物成分实时预测流程
prediction_ds.csv,18,prediction,裂解炉产物成分实时预测流程,查询裂解炉当前C2H2含量和乙烯收率（非未来预测）,意图边界与歧义性,相似意图区分,2018/4/1,0,0,0,装置物料参数查询与文件异常分析流程,装置物料参数查询与文件异常分析流程,,装置物料参数查询与文件异常分析流程,装置物料参数查询与文件异常分析流程,装置物料参数查询与文件异常分析流程,装置物料参数查询与文件异常分析流程,装置物料参数查询与文件异常分析流程,,装置物料参数查询与文件异常分析流程,装置物料参数查询与文件异常分析流程,装置物料参数查询与文件异常分析流程,装置物料参数查询与文件异常分析流程,装置物料参数查询与文件异常分析流程,装置物料参数查询与文件异常分析流程,装置物料参数查询与文件异常分析流程,装置物料参数查询与文件异常分析流程,装置物料参数查询与文件异常分析流程
prediction_ds.csv,18,prediction,裂解炉产物成分实时预测流程,预测裂解炉未来10分钟的裂解气中C2H2的含量、乙烯收率（核心意图）,意图边界与歧义性,相似意图区分,2018/4/2,18,9,9,裂解炉产物成分实时预测流程,裂解炉产物成分实时预测流程,裂解炉产物成分实时预测流程,裂解炉产物成分实时预测流程,裂解炉产物成分实时预测流程,裂解炉产物成分实时预测流程,裂解炉产物成分实时预测流程,裂解炉产物成分实时预测流程,裂解炉产物成分实时预测流程,裂解炉产物成分实时预测流程,裂解炉产物成分实时预测流程,裂解炉产物成分实时预测流程,裂解炉产物成分实时预测流程,裂解炉产物成分实时预测流程,裂解炉产物成分实时预测流程,裂解炉产物成分实时预测流程,裂解炉产物成分实时预测流程,裂解炉产物成分实时预测流程
prediction_ds.csv,18,prediction,裂解炉产物成分实时预测流程,调整裂解炉操作参数优化C2H2含量（非预测）,意图边界与歧义性,相似意图区分,2018/4/3,0,0,0,产品质量指标调整操作规划流程,产品质量指标调整操作规划流程,产品质量指标调整操作规划流程,产品质量指标调整操作规划流程,产品质量指标调整操作规划流程,产品质量指标调整操作规划流程,产品质量指标调整操作规划流程,产品质量指标调整操作规划流程,产品质量指标调整操作规划流程,产品质量指标调整操作规划流程,产品质量指标调整操作规划流程,产品质量指标调整操作规划流程,产品质量指标调整操作规划流程,产品质量指标调整操作规划流程,产品质量指标调整操作规划流程,产品质量指标调整操作规划流程,产品质量指标调整操作规划流程,产品质量指标调整操作规划流程
prediction_ds.csv,18,prediction,裂解炉产物成分实时预测流程,校准裂解炉C2H2含量测量仪表（非预测）,意图边界与歧义性,相似意图区分,2018/4/4,0,0,0,PID回路性能评估与异常诊断流程,PID回路性能评估与异常诊断流程,PID回路性能评估与异常诊断流程,PID回路性能评估与异常诊断流程,PID回路性能评估与异常诊断流程,PID回路性能评估与异常诊断流程,PID回路性能评估与异常诊断流程,PID回路性能评估与异常诊断流程,PID回路性能评估与异常诊断流程,,PID回路性能评估与异常诊断流程,PID回路性能评估与异常诊断流程,,,PID回路性能评估与异常诊断流程,PID回路性能评估与异常诊断流程,PID回路性能评估与异常诊断流程,PID回路性能评估与异常诊断流程
prediction_ds.csv,18,prediction,裂解炉产物成分实时预测流程,备份裂解炉历史产物成分数据（非预测）,意图边界与歧义性,相似意图区分,2018/4/5,0,0,0,装置物料参数查询与文件异常分析流程,装置物料参数查询与文件异常分析流程,装置物料参数查询与文件异常分析流程,装置物料参数查询与文件异常分析流程,装置物料参数查询与文件异常分析流程,装置物料参数查询与文件异常分析流程,装置物料参数查询与文件异常分析流程,装置物料参数查询与文件异常分析流程,装置物料参数查询与文件异常分析流程,装置物料参数查询与文件异常分析流程,装置物料参数查询与文件异常分析流程,装置物料参数查询与文件异常分析流程,装置物料参数查询与文件异常分析流程,装置物料参数查询与文件异常分析流程,装置物料参数查询与文件异常分析流程,装置物料参数查询与文件异常分析流程,装置物料参数查询与文件异常分析流程,装置物料参数查询与文件异常分析流程
prediction_ds.csv,18,prediction,裂解炉产物成分实时预测流程,现在是白班，裂解炉运行平稳，预测裂解炉未来10分钟的裂解气中C2H2的含量、乙烯收率,干扰因素与鲁棒性,冗余信息叠加,2018/5/1,18,9,9,裂解炉产物成分实时预测流程,裂解炉产物成分实时预测流程,裂解炉产物成分实时预测流程,裂解炉产物成分实时预测流程,裂解炉产物成分实时预测流程,裂解炉产物成分实时预测流程,裂解炉产物成分实时预测流程,裂解炉产物成分实时预测流程,裂解炉产物成分实时预测流程,裂解炉产物成分实时预测流程,裂解炉产物成分实时预测流程,裂解炉产物成分实时预测流程,裂解炉产物成分实时预测流程,裂解炉产物成分实时预测流程,裂解炉产物成分实时预测流程,裂解炉产物成分实时预测流程,裂解炉产物成分实时预测流程,裂解炉产物成分实时预测流程
prediction_ds.csv,18,prediction,裂解炉产物成分实时预测流程,原料性质稳定，进料流量正常，裂解炉未来10分钟的裂解气中C2H2的含量、乙烯收率的数值是多少_,干扰因素与鲁棒性,冗余信息叠加,2018/5/2,13,9,4,裂解炉产物成分实时预测流程,裂解炉产物成分实时预测流程,裂解炉产物成分实时预测流程,裂解炉产物成分实时预测流程,裂解炉产物成分实时预测流程,裂解炉产物成分实时预测流程,裂解炉产物成分实时预测流程,裂解炉产物成分实时预测流程,裂解炉产物成分实时预测流程,,裂解炉产物成分实时预测流程,裂解炉产物成分实时预测流程,裂解炉产物成分实时预测流程,裂解炉产物成分实时预测流程,,,,
prediction_ds.csv,18,prediction,裂解炉产物成分实时预测流程,操作员监控到位，DCS数据显示正常，我想知道裂解炉未来10分钟的裂解气中C2H2的含量、乙烯收率，你有什么好的办法吗？,干扰因素与鲁棒性,冗余信息叠加,2018/5/3,18,9,9,裂解炉产物成分实时预测流程,裂解炉产物成分实时预测流程,裂解炉产物成分实时预测流程,裂解炉产物成分实时预测流程,裂解炉产物成分实时预测流程,裂解炉产物成分实时预测流程,裂解炉产物成分实时预测流程,裂解炉产物成分实时预测流程,裂解炉产物成分实时预测流程,裂解炉产物成分实时预测流程,裂解炉产物成分实时预测流程,裂解炉产物成分实时预测流程,裂解炉产物成分实时预测流程,裂解炉产物成分实时预测流程,裂解炉产物成分实时预测流程,裂解炉产物成分实时预测流程,裂解炉产物成分实时预测流程,裂解炉产物成分实时预测流程
prediction_ds.csv,18,prediction,裂解炉产物成分实时预测流程,炉管结焦情况良好，在控制范围内，预测裂解炉未来10分钟的裂解气中C2H2的含量、乙烯收率,干扰因素与鲁棒性,冗余信息叠加,2018/5/4,18,9,9,裂解炉产物成分实时预测流程,裂解炉产物成分实时预测流程,裂解炉产物成分实时预测流程,裂解炉产物成分实时预测流程,裂解炉产物成分实时预测流程,裂解炉产物成分实时预测流程,裂解炉产物成分实时预测流程,裂解炉产物成分实时预测流程,裂解炉产物成分实时预测流程,裂解炉产物成分实时预测流程,裂解炉产物成分实时预测流程,裂解炉产物成分实时预测流程,裂解炉产物成分实时预测流程,裂解炉产物成分实时预测流程,裂解炉产物成分实时预测流程,裂解炉产物成分实时预测流程,裂解炉产物成分实时预测流程,裂解炉产物成分实时预测流程
prediction_ds.csv,18,prediction,裂解炉产物成分实时预测流程,在线分析仪运行正常，数据可靠，裂解炉未来10分钟的裂解气中C2H2的含量、乙烯收率的数值是多少_,干扰因素与鲁棒性,冗余信息叠加,2018/5/5,0,0,0,装置物料参数查询与文件异常分析流程,装置物料参数查询与文件异常分析流程,装置物料参数查询与文件异常分析流程,装置物料参数查询与文件异常分析流程,装置物料参数查询与文件异常分析流程,装置物料参数查询与文件异常分析流程,装置物料参数查询与文件异常分析流程,装置物料参数查询与文件异常分析流程,装置物料参数查询与文件异常分析流程,装置物料参数查询与文件异常分析流程,装置物料参数查询与文件异常分析流程,装置物料参数查询与文件异常分析流程,装置物料参数查询与文件异常分析流程,装置物料参数查询与文件异常分析流程,装置物料参数查询与文件异常分析流程,装置物料参数查询与文件异常分析流程,装置物料参数查询与文件异常分析流程,装置物料参数查询与文件异常分析流程
prediction_ds.csv,18,prediction,裂解炉产物成分实时预测流程,裂解炉开车阶段，预测裂解炉未来10分钟的裂解气中C2H2的含量、乙烯收率,实际工况适配性,全工况场景,2018/6/1,18,9,9,裂解炉产物成分实时预测流程,裂解炉产物成分实时预测流程,裂解炉产物成分实时预测流程,裂解炉产物成分实时预测流程,裂解炉产物成分实时预测流程,裂解炉产物成分实时预测流程,裂解炉产物成分实时预测流程,裂解炉产物成分实时预测流程,裂解炉产物成分实时预测流程,裂解炉产物成分实时预测流程,裂解炉产物成分实时预测流程,裂解炉产物成分实时预测流程,裂解炉产物成分实时预测流程,裂解炉产物成分实时预测流程,裂解炉产物成分实时预测流程,裂解炉产物成分实时预测流程,裂解炉产物成分实时预测流程,裂解炉产物成分实时预测流程
prediction_ds.csv,18,prediction,裂解炉产物成分实时预测流程,稳态运行期，裂解炉未来10分钟的裂解气中C2H2的含量、乙烯收率的数值是多少_,实际工况适配性,全工况场景,2018/6/2,0,0,0,,,,,,,,,,,,,,,,,,
prediction_ds.csv,18,prediction,裂解炉产物成分实时预测流程,原料切换过程中，我想知道裂解炉未来10分钟的裂解气中C2H2的含量、乙烯收率，你有什么好的办法吗？,实际工况适配性,全工况场景,2018/6/3,18,9,9,裂解炉产物成分实时预测流程,裂解炉产物成分实时预测流程,裂解炉产物成分实时预测流程,裂解炉产物成分实时预测流程,裂解炉产物成分实时预测流程,裂解炉产物成分实时预测流程,裂解炉产物成分实时预测流程,裂解炉产物成分实时预测流程,裂解炉产物成分实时预测流程,裂解炉产物成分实时预测流程,裂解炉产物成分实时预测流程,裂解炉产物成分实时预测流程,裂解炉产物成分实时预测流程,裂解炉产物成分实时预测流程,裂解炉产物成分实时预测流程,裂解炉产物成分实时预测流程,裂解炉产物成分实时预测流程,裂解炉产物成分实时预测流程
prediction_ds.csv,18,prediction,裂解炉产物成分实时预测流程,炉管清焦后，预测裂解炉未来10分钟的裂解气中C2H2的含量、乙烯收率,实际工况适配性,全工况场景,2018/6/4,18,9,9,裂解炉产物成分实时预测流程,裂解炉产物成分实时预测流程,裂解炉产物成分实时预测流程,裂解炉产物成分实时预测流程,裂解炉产物成分实时预测流程,裂解炉产物成分实时预测流程,裂解炉产物成分实时预测流程,裂解炉产物成分实时预测流程,裂解炉产物成分实时预测流程,裂解炉产物成分实时预测流程,裂解炉产物成分实时预测流程,裂解炉产物成分实时预测流程,裂解炉产物成分实时预测流程,裂解炉产物成分实时预测流程,裂解炉产物成分实时预测流程,裂解炉产物成分实时预测流程,裂解炉产物成分实时预测流程,裂解炉产物成分实时预测流程
prediction_ds.csv,18,prediction,裂解炉产物成分实时预测流程,紧急降负荷时，裂解炉未来10分钟的裂解气中C2H2的含量、乙烯收率的数值是多少_,实际工况适配性,全工况场景,2018/6/5,0,0,0,,,,,,,,,,,,,,,,,,
prediction_ds.csv,22,prediction,APC过程控制模型创建流程（含数据辨识）,帮我创建一个APC过程模型,场景与功能全覆盖,直接复用语料,2022/1/1,18,9,9,APC过程控制模型创建流程（含数据辨识）,APC过程控制模型创建流程（含数据辨识）,APC过程控制模型创建流程（含数据辨识）,APC过程控制模型创建流程（含数据辨识）,APC过程控制模型创建流程（含数据辨识）,APC过程控制模型创建流程（含数据辨识）,APC过程控制模型创建流程（含数据辨识）,APC过程控制模型创建流程（含数据辨识）,APC过程控制模型创建流程（含数据辨识）,APC过程控制模型创建流程（含数据辨识）,APC过程控制模型创建流程（含数据辨识）,APC过程控制模型创建流程（含数据辨识）,APC过程控制模型创建流程（含数据辨识）,APC过程控制模型创建流程（含数据辨识）,APC过程控制模型创建流程（含数据辨识）,APC过程控制模型创建流程（含数据辨识）,APC过程控制模型创建流程（含数据辨识）,APC过程控制模型创建流程（含数据辨识）
prediction_ds.csv,22,prediction,APC过程控制模型创建流程（含数据辨识）,帮我创建一个过程控制模型,场景与功能全覆盖,直接复用语料,2022/1/2,18,9,9,APC过程控制模型创建流程（含数据辨识）,APC过程控制模型创建流程（含数据辨识）,APC过程控制模型创建流程（含数据辨识）,APC过程控制模型创建流程（含数据辨识）,APC过程控制模型创建流程（含数据辨识）,APC过程控制模型创建流程（含数据辨识）,APC过程控制模型创建流程（含数据辨识）,APC过程控制模型创建流程（含数据辨识）,APC过程控制模型创建流程（含数据辨识）,APC过程控制模型创建流程（含数据辨识）,APC过程控制模型创建流程（含数据辨识）,APC过程控制模型创建流程（含数据辨识）,APC过程控制模型创建流程（含数据辨识）,APC过程控制模型创建流程（含数据辨识）,APC过程控制模型创建流程（含数据辨识）,APC过程控制模型创建流程（含数据辨识）,APC过程控制模型创建流程（含数据辨识）,APC过程控制模型创建流程（含数据辨识）
prediction_ds.csv,22,prediction,APC过程控制模型创建流程（含数据辨识）,过程控制模型,场景与功能全覆盖,直接复用语料,2022/1/3,18,9,9,APC过程控制模型创建流程（含数据辨识）,APC过程控制模型创建流程（含数据辨识）,APC过程控制模型创建流程（含数据辨识）,APC过程控制模型创建流程（含数据辨识）,APC过程控制模型创建流程（含数据辨识）,APC过程控制模型创建流程（含数据辨识）,APC过程控制模型创建流程（含数据辨识）,APC过程控制模型创建流程（含数据辨识）,APC过程控制模型创建流程（含数据辨识）,APC过程控制模型创建流程（含数据辨识）,APC过程控制模型创建流程（含数据辨识）,APC过程控制模型创建流程（含数据辨识）,APC过程控制模型创建流程（含数据辨识）,APC过程控制模型创建流程（含数据辨识）,APC过程控制模型创建流程（含数据辨识）,APC过程控制模型创建流程（含数据辨识）,APC过程控制模型创建流程（含数据辨识）,APC过程控制模型创建流程（含数据辨识）
prediction_ds.csv,22,prediction,APC过程控制模型创建流程（含数据辨识）,帮我创建一个APC过程模型,场景与功能全覆盖,直接复用语料,2022/1/4,18,9,9,APC过程控制模型创建流程（含数据辨识）,APC过程控制模型创建流程（含数据辨识）,APC过程控制模型创建流程（含数据辨识）,APC过程控制模型创建流程（含数据辨识）,APC过程控制模型创建流程（含数据辨识）,APC过程控制模型创建流程（含数据辨识）,APC过程控制模型创建流程（含数据辨识）,APC过程控制模型创建流程（含数据辨识）,APC过程控制模型创建流程（含数据辨识）,APC过程控制模型创建流程（含数据辨识）,APC过程控制模型创建流程（含数据辨识）,APC过程控制模型创建流程（含数据辨识）,APC过程控制模型创建流程（含数据辨识）,APC过程控制模型创建流程（含数据辨识）,APC过程控制模型创建流程（含数据辨识）,APC过程控制模型创建流程（含数据辨识）,APC过程控制模型创建流程（含数据辨识）,APC过程控制模型创建流程（含数据辨识）
prediction_ds.csv,22,prediction,APC过程控制模型创建流程（含数据辨识）,帮我创建一个过程控制模型,场景与功能全覆盖,直接复用语料,2022/1/5,18,9,9,APC过程控制模型创建流程（含数据辨识）,APC过程控制模型创建流程（含数据辨识）,APC过程控制模型创建流程（含数据辨识）,APC过程控制模型创建流程（含数据辨识）,APC过程控制模型创建流程（含数据辨识）,APC过程控制模型创建流程（含数据辨识）,APC过程控制模型创建流程（含数据辨识）,APC过程控制模型创建流程（含数据辨识）,APC过程控制模型创建流程（含数据辨识）,APC过程控制模型创建流程（含数据辨识）,APC过程控制模型创建流程（含数据辨识）,APC过程控制模型创建流程（含数据辨识）,APC过程控制模型创建流程（含数据辨识）,APC过程控制模型创建流程（含数据辨识）,APC过程控制模型创建流程（含数据辨识）,APC过程控制模型创建流程（含数据辨识）,APC过程控制模型创建流程（含数据辨识）,APC过程控制模型创建流程（含数据辨识）
prediction_ds.csv,22,prediction,APC过程控制模型创建流程（含数据辨识）,执行APC过程控制模型创建流程，包含数据辨识环节,输入表述形态多样性,专业规范表述,2022/2/1,17,9,8,APC过程控制模型创建流程（含数据辨识）,APC过程控制模型创建流程（含数据辨识）,APC过程控制模型创建流程（含数据辨识）,APC过程控制模型创建流程（含数据辨识）,APC过程控制模型创建流程（含数据辨识）,APC过程控制模型创建流程（含数据辨识）,APC过程控制模型创建流程（含数据辨识）,APC过程控制模型创建流程（含数据辨识）,APC过程控制模型创建流程（含数据辨识）,APC过程控制模型创建流程（含数据辨识）,APC过程控制模型创建流程（含数据辨识）,APC过程控制模型创建流程（含数据辨识）,APC过程控制模型创建流程（含数据辨识）,APC过程控制模型创建流程（含数据辨识）,APC过程控制模型创建流程（含数据辨识）,,APC过程控制模型创建流程（含数据辨识）,APC过程控制模型创建流程（含数据辨识）
prediction_ds.csv,22,prediction,APC过程控制模型创建流程（含数据辨识）,创建过程控制模型，采用APC技术，需完成数据辨识,输入表述形态多样性,专业规范表述,2022/2/2,18,9,9,APC过程控制模型创建流程（含数据辨识）,APC过程控制模型创建流程（含数据辨识）,APC过程控制模型创建流程（含数据辨识）,APC过程控制模型创建流程（含数据辨识）,APC过程控制模型创建流程（含数据辨识）,APC过程控制模型创建流程（含数据辨识）,APC过程控制模型创建流程（含数据辨识）,APC过程控制模型创建流程（含数据辨识）,APC过程控制模型创建流程（含数据辨识）,APC过程控制模型创建流程（含数据辨识）,APC过程控制模型创建流程（含数据辨识）,APC过程控制模型创建流程（含数据辨识）,APC过程控制模型创建流程（含数据辨识）,APC过程控制模型创建流程（含数据辨识）,APC过程控制模型创建流程（含数据辨识）,APC过程控制模型创建流程（含数据辨识）,APC过程控制模型创建流程（含数据辨识）,APC过程控制模型创建流程（含数据辨识）
prediction_ds.csv,22,prediction,APC过程控制模型创建流程（含数据辨识）,APC过程控制模型构建，包含模型创建与数据辨识全过程,输入表述形态多样性,专业规范表述,2022/2/3,18,9,9,APC过程控制模型创建流程（含数据辨识）,APC过程控制模型创建流程（含数据辨识）,APC过程控制模型创建流程（含数据辨识）,APC过程控制模型创建流程（含数据辨识）,APC过程控制模型创建流程（含数据辨识）,APC过程控制模型创建流程（含数据辨识）,APC过程控制模型创建流程（含数据辨识）,APC过程控制模型创建流程（含数据辨识）,APC过程控制模型创建流程（含数据辨识）,APC过程控制模型创建流程（含数据辨识）,APC过程控制模型创建流程（含数据辨识）,APC过程控制模型创建流程（含数据辨识）,APC过程控制模型创建流程（含数据辨识）,APC过程控制模型创建流程（含数据辨识）,APC过程控制模型创建流程（含数据辨识）,APC过程控制模型创建流程（含数据辨识）,APC过程控制模型创建流程（含数据辨识）,APC过程控制模型创建流程（含数据辨识）
prediction_ds.csv,22,prediction,APC过程控制模型创建流程（含数据辨识）,过程控制模型创建，基于APC框架，执行数据辨识流程,输入表述形态多样性,专业规范表述,2022/2/4,18,9,9,APC过程控制模型创建流程（含数据辨识）,APC过程控制模型创建流程（含数据辨识）,APC过程控制模型创建流程（含数据辨识）,APC过程控制模型创建流程（含数据辨识）,APC过程控制模型创建流程（含数据辨识）,APC过程控制模型创建流程（含数据辨识）,APC过程控制模型创建流程（含数据辨识）,APC过程控制模型创建流程（含数据辨识）,APC过程控制模型创建流程（含数据辨识）,APC过程控制模型创建流程（含数据辨识）,APC过程控制模型创建流程（含数据辨识）,APC过程控制模型创建流程（含数据辨识）,APC过程控制模型创建流程（含数据辨识）,APC过程控制模型创建流程（含数据辨识）,APC过程控制模型创建流程（含数据辨识）,APC过程控制模型创建流程（含数据辨识）,APC过程控制模型创建流程（含数据辨识）,APC过程控制模型创建流程（含数据辨识）
prediction_ds.csv,22,prediction,APC过程控制模型创建流程（含数据辨识）,APC模型创建与数据辨识，构建完整过程控制模型,输入表述形态多样性,专业规范表述,2022/2/5,18,9,9,APC过程控制模型创建流程（含数据辨识）,APC过程控制模型创建流程（含数据辨识）,APC过程控制模型创建流程（含数据辨识）,APC过程控制模型创建流程（含数据辨识）,APC过程控制模型创建流程（含数据辨识）,APC过程控制模型创建流程（含数据辨识）,APC过程控制模型创建流程（含数据辨识）,APC过程控制模型创建流程（含数据辨识）,APC过程控制模型创建流程（含数据辨识）,APC过程控制模型创建流程（含数据辨识）,APC过程控制模型创建流程（含数据辨识）,APC过程控制模型创建流程（含数据辨识）,APC过程控制模型创建流程（含数据辨识）,APC过程控制模型创建流程（含数据辨识）,APC过程控制模型创建流程（含数据辨识）,APC过程控制模型创建流程（含数据辨识）,APC过程控制模型创建流程（含数据辨识）,APC过程控制模型创建流程（含数据辨识）
prediction_ds.csv,22,prediction,APC过程控制模型创建流程（含数据辨识）,创建APC过程模型，含数据辨识,输入表述形态多样性,口语化简化表述,2022/3/1,18,9,9,APC过程控制模型创建流程（含数据辨识）,APC过程控制模型创建流程（含数据辨识）,APC过程控制模型创建流程（含数据辨识）,APC过程控制模型创建流程（含数据辨识）,APC过程控制模型创建流程（含数据辨识）,APC过程控制模型创建流程（含数据辨识）,APC过程控制模型创建流程（含数据辨识）,APC过程控制模型创建流程（含数据辨识）,APC过程控制模型创建流程（含数据辨识）,APC过程控制模型创建流程（含数据辨识）,APC过程控制模型创建流程（含数据辨识）,APC过程控制模型创建流程（含数据辨识）,APC过程控制模型创建流程（含数据辨识）,APC过程控制模型创建流程（含数据辨识）,APC过程控制模型创建流程（含数据辨识）,APC过程控制模型创建流程（含数据辨识）,APC过程控制模型创建流程（含数据辨识）,APC过程控制模型创建流程（含数据辨识）
prediction_ds.csv,22,prediction,APC过程控制模型创建流程（含数据辨识）,过程控制模型创建，APC的，数据辨识要做,输入表述形态多样性,口语化简化表述,2022/3/2,18,9,9,APC过程控制模型创建流程（含数据辨识）,APC过程控制模型创建流程（含数据辨识）,APC过程控制模型创建流程（含数据辨识）,APC过程控制模型创建流程（含数据辨识）,APC过程控制模型创建流程（含数据辨识）,APC过程控制模型创建流程（含数据辨识）,APC过程控制模型创建流程（含数据辨识）,APC过程控制模型创建流程（含数据辨识）,APC过程控制模型创建流程（含数据辨识）,APC过程控制模型创建流程（含数据辨识）,APC过程控制模型创建流程（含数据辨识）,APC过程控制模型创建流程（含数据辨识）,APC过程控制模型创建流程（含数据辨识）,APC过程控制模型创建流程（含数据辨识）,APC过程控制模型创建流程（含数据辨识）,APC过程控制模型创建流程（含数据辨识）,APC过程控制模型创建流程（含数据辨识）,APC过程控制模型创建流程（含数据辨识）
prediction_ds.csv,22,prediction,APC过程控制模型创建流程（含数据辨识）,APC模型创建，包含数据辨识,输入表述形态多样性,口语化简化表述,2022/3/3,18,9,9,APC过程控制模型创建流程（含数据辨识）,APC过程控制模型创建流程（含数据辨识）,APC过程控制模型创建流程（含数据辨识）,APC过程控制模型创建流程（含数据辨识）,APC过程控制模型创建流程（含数据辨识）,APC过程控制模型创建流程（含数据辨识）,APC过程控制模型创建流程（含数据辨识）,APC过程控制模型创建流程（含数据辨识）,APC过程控制模型创建流程（含数据辨识）,APC过程控制模型创建流程（含数据辨识）,APC过程控制模型创建流程（含数据辨识）,APC过程控制模型创建流程（含数据辨识）,APC过程控制模型创建流程（含数据辨识）,APC过程控制模型创建流程（含数据辨识）,APC过程控制模型创建流程（含数据辨识）,APC过程控制模型创建流程（含数据辨识）,APC过程控制模型创建流程（含数据辨识）,APC过程控制模型创建流程（含数据辨识）
prediction_ds.csv,22,prediction,APC过程控制模型创建流程（含数据辨识）,创建过程控制模型，APC框架，数据辨识一下,输入表述形态多样性,口语化简化表述,2022/3/4,18,9,9,APC过程控制模型创建流程（含数据辨识）,APC过程控制模型创建流程（含数据辨识）,APC过程控制模型创建流程（含数据辨识）,APC过程控制模型创建流程（含数据辨识）,APC过程控制模型创建流程（含数据辨识）,APC过程控制模型创建流程（含数据辨识）,APC过程控制模型创建流程（含数据辨识）,APC过程控制模型创建流程（含数据辨识）,APC过程控制模型创建流程（含数据辨识）,APC过程控制模型创建流程（含数据辨识）,APC过程控制模型创建流程（含数据辨识）,APC过程控制模型创建流程（含数据辨识）,APC过程控制模型创建流程（含数据辨识）,APC过程控制模型创建流程（含数据辨识）,APC过程控制模型创建流程（含数据辨识）,APC过程控制模型创建流程（含数据辨识）,APC过程控制模型创建流程（含数据辨识）,APC过程控制模型创建流程（含数据辨识）
prediction_ds.csv,22,prediction,APC过程控制模型创建流程（含数据辨识）,APC过程模型，创建并做数据辨识,输入表述形态多样性,口语化简化表述,2022/3/5,18,9,9,APC过程控制模型创建流程（含数据辨识）,APC过程控制模型创建流程（含数据辨识）,APC过程控制模型创建流程（含数据辨识）,APC过程控制模型创建流程（含数据辨识）,APC过程控制模型创建流程（含数据辨识）,APC过程控制模型创建流程（含数据辨识）,APC过程控制模型创建流程（含数据辨识）,APC过程控制模型创建流程（含数据辨识）,APC过程控制模型创建流程（含数据辨识）,APC过程控制模型创建流程（含数据辨识）,APC过程控制模型创建流程（含数据辨识）,APC过程控制模型创建流程（含数据辨识）,APC过程控制模型创建流程（含数据辨识）,APC过程控制模型创建流程（含数据辨识）,APC过程控制模型创建流程（含数据辨识）,APC过程控制模型创建流程（含数据辨识）,APC过程控制模型创建流程（含数据辨识）,APC过程控制模型创建流程（含数据辨识）
prediction_ds.csv,22,prediction,APC过程控制模型创建流程（含数据辨识）,查询APC过程控制模型参数（非创建模型）,意图边界与歧义性,相似意图区分,2022/4/1,0,0,0,,,,,,,,,,,,,,,,,,
prediction_ds.csv,22,prediction,APC过程控制模型创建流程（含数据辨识）,帮我创建一个APC过程模型（核心意图）,意图边界与歧义性,相似意图区分,2022/4/2,18,9,9,APC过程控制模型创建流程（含数据辨识）,APC过程控制模型创建流程（含数据辨识）,APC过程控制模型创建流程（含数据辨识）,APC过程控制模型创建流程（含数据辨识）,APC过程控制模型创建流程（含数据辨识）,APC过程控制模型创建流程（含数据辨识）,APC过程控制模型创建流程（含数据辨识）,APC过程控制模型创建流程（含数据辨识）,APC过程控制模型创建流程（含数据辨识）,APC过程控制模型创建流程（含数据辨识）,APC过程控制模型创建流程（含数据辨识）,APC过程控制模型创建流程（含数据辨识）,APC过程控制模型创建流程（含数据辨识）,APC过程控制模型创建流程（含数据辨识）,APC过程控制模型创建流程（含数据辨识）,APC过程控制模型创建流程（含数据辨识）,APC过程控制模型创建流程（含数据辨识）,APC过程控制模型创建流程（含数据辨识）
prediction_ds.csv,22,prediction,APC过程控制模型创建流程（含数据辨识）,修改APC过程控制模型参数（非创建模型）,意图边界与歧义性,相似意图区分,2022/4/3,1,1,0,,,APC过程控制模型创建流程（含数据辨识）,,,,,,,基础控制模型创建流程（仅矩阵辨识）,基础控制模型创建流程（仅矩阵辨识）,基础控制模型创建流程（仅矩阵辨识）,基础控制模型创建流程（仅矩阵辨识）,基础控制模型创建流程（仅矩阵辨识）,基础控制模型创建流程（仅矩阵辨识）,基础控制模型创建流程（仅矩阵辨识）,基础控制模型创建流程（仅矩阵辨识）,基础控制模型创建流程（仅矩阵辨识）
prediction_ds.csv,22,prediction,APC过程控制模型创建流程（含数据辨识）,优化APC过程控制模型性能（非创建模型）,意图边界与歧义性,相似意图区分,2022/4/4,1,0,1,,,,,,,,,,,基础控制模型创建流程（仅矩阵辨识）,基础控制模型创建流程（仅矩阵辨识）,,基础控制模型创建流程（仅矩阵辨识）,APC过程控制模型创建流程（含数据辨识）,,,基础控制模型创建流程（仅矩阵辨识）
prediction_ds.csv,22,prediction,APC过程控制模型创建流程（含数据辨识）,删除APC过程控制模型（非创建模型）,意图边界与歧义性,相似意图区分,2022/4/5,2,2,0,APC过程控制模型创建流程（含数据辨识）,,,APC过程控制模型创建流程（含数据辨识）,,,,,,,,,,,,,,
prediction_ds.csv,22,prediction,APC过程控制模型创建流程（含数据辨识）,现在是项目启动阶段，资源充足，帮我创建一个APC过程模型,干扰因素与鲁棒性,冗余信息叠加,2022/5/1,9,0,9,,,,,,,,,,APC过程控制模型创建流程（含数据辨识）,APC过程控制模型创建流程（含数据辨识）,APC过程控制模型创建流程（含数据辨识）,APC过程控制模型创建流程（含数据辨识）,APC过程控制模型创建流程（含数据辨识）,APC过程控制模型创建流程（含数据辨识）,APC过程控制模型创建流程（含数据辨识）,APC过程控制模型创建流程（含数据辨识）,APC过程控制模型创建流程（含数据辨识）
prediction_ds.csv,22,prediction,APC过程控制模型创建流程（含数据辨识）,工艺数据完整，质量良好，帮我创建一个过程控制模型,干扰因素与鲁棒性,冗余信息叠加,2022/5/2,18,9,9,APC过程控制模型创建流程（含数据辨识）,APC过程控制模型创建流程（含数据辨识）,APC过程控制模型创建流程（含数据辨识）,APC过程控制模型创建流程（含数据辨识）,APC过程控制模型创建流程（含数据辨识）,APC过程控制模型创建流程（含数据辨识）,APC过程控制模型创建流程（含数据辨识）,APC过程控制模型创建流程（含数据辨识）,APC过程控制模型创建流程（含数据辨识）,APC过程控制模型创建流程（含数据辨识）,APC过程控制模型创建流程（含数据辨识）,APC过程控制模型创建流程（含数据辨识）,APC过程控制模型创建流程（含数据辨识）,APC过程控制模型创建流程（含数据辨识）,APC过程控制模型创建流程（含数据辨识）,APC过程控制模型创建流程（含数据辨识）,APC过程控制模型创建流程（含数据辨识）,APC过程控制模型创建流程（含数据辨识）
prediction_ds.csv,22,prediction,APC过程控制模型创建流程（含数据辨识）,工程师团队就位，技能匹配，过程控制模型,干扰因素与鲁棒性,冗余信息叠加,2022/5/3,17,9,8,APC过程控制模型创建流程（含数据辨识）,APC过程控制模型创建流程（含数据辨识）,APC过程控制模型创建流程（含数据辨识）,APC过程控制模型创建流程（含数据辨识）,APC过程控制模型创建流程（含数据辨识）,APC过程控制模型创建流程（含数据辨识）,APC过程控制模型创建流程（含数据辨识）,APC过程控制模型创建流程（含数据辨识）,APC过程控制模型创建流程（含数据辨识）,APC过程控制模型创建流程（含数据辨识）,APC过程控制模型创建流程（含数据辨识）,APC过程控制模型创建流程（含数据辨识）,APC过程控制模型创建流程（含数据辨识）,APC过程控制模型创建流程（含数据辨识）,APC过程控制模型创建流程（含数据辨识）,APC过程控制模型创建流程（含数据辨识）,,APC过程控制模型创建流程（含数据辨识）
prediction_ds.csv,22,prediction,APC过程控制模型创建流程（含数据辨识）,控制系统硬件安装完成，运行稳定，帮我创建一个APC过程模型,干扰因素与鲁棒性,冗余信息叠加,2022/5/4,18,9,9,APC过程控制模型创建流程（含数据辨识）,APC过程控制模型创建流程（含数据辨识）,APC过程控制模型创建流程（含数据辨识）,APC过程控制模型创建流程（含数据辨识）,APC过程控制模型创建流程（含数据辨识）,APC过程控制模型创建流程（含数据辨识）,APC过程控制模型创建流程（含数据辨识）,APC过程控制模型创建流程（含数据辨识）,APC过程控制模型创建流程（含数据辨识）,APC过程控制模型创建流程（含数据辨识）,APC过程控制模型创建流程（含数据辨识）,APC过程控制模型创建流程（含数据辨识）,APC过程控制模型创建流程（含数据辨识）,APC过程控制模型创建流程（含数据辨识）,APC过程控制模型创建流程（含数据辨识）,APC过程控制模型创建流程（含数据辨识）,APC过程控制模型创建流程（含数据辨识）,APC过程控制模型创建流程（含数据辨识）
prediction_ds.csv,22,prediction,APC过程控制模型创建流程（含数据辨识）,项目预算获批，时间充裕，帮我创建一个过程控制模型,干扰因素与鲁棒性,冗余信息叠加,2022/5/5,18,9,9,APC过程控制模型创建流程（含数据辨识）,APC过程控制模型创建流程（含数据辨识）,APC过程控制模型创建流程（含数据辨识）,APC过程控制模型创建流程（含数据辨识）,APC过程控制模型创建流程（含数据辨识）,APC过程控制模型创建流程（含数据辨识）,APC过程控制模型创建流程（含数据辨识）,APC过程控制模型创建流程（含数据辨识）,APC过程控制模型创建流程（含数据辨识）,APC过程控制模型创建流程（含数据辨识）,APC过程控制模型创建流程（含数据辨识）,APC过程控制模型创建流程（含数据辨识）,APC过程控制模型创建流程（含数据辨识）,APC过程控制模型创建流程（含数据辨识）,APC过程控制模型创建流程（含数据辨识）,APC过程控制模型创建流程（含数据辨识）,APC过程控制模型创建流程（含数据辨识）,APC过程控制模型创建流程（含数据辨识）
prediction_ds.csv,22,prediction,APC过程控制模型创建流程（含数据辨识）,新装置投运前，帮我创建一个APC过程模型,实际工况适配性,全工况场景,2022/6/1,18,9,9,APC过程控制模型创建流程（含数据辨识）,APC过程控制模型创建流程（含数据辨识）,APC过程控制模型创建流程（含数据辨识）,APC过程控制模型创建流程（含数据辨识）,APC过程控制模型创建流程（含数据辨识）,APC过程控制模型创建流程（含数据辨识）,APC过程控制模型创建流程（含数据辨识）,APC过程控制模型创建流程（含数据辨识）,APC过程控制模型创建流程（含数据辨识）,APC过程控制模型创建流程（含数据辨识）,APC过程控制模型创建流程（含数据辨识）,APC过程控制模型创建流程（含数据辨识）,APC过程控制模型创建流程（含数据辨识）,APC过程控制模型创建流程（含数据辨识）,APC过程控制模型创建流程（含数据辨识）,APC过程控制模型创建流程（含数据辨识）,APC过程控制模型创建流程（含数据辨识）,APC过程控制模型创建流程（含数据辨识）
prediction_ds.csv,22,prediction,APC过程控制模型创建流程（含数据辨识）,工艺优化升级期，帮我创建一个过程控制模型,实际工况适配性,全工况场景,2022/6/2,18,9,9,APC过程控制模型创建流程（含数据辨识）,APC过程控制模型创建流程（含数据辨识）,APC过程控制模型创建流程（含数据辨识）,APC过程控制模型创建流程（含数据辨识）,APC过程控制模型创建流程（含数据辨识）,APC过程控制模型创建流程（含数据辨识）,APC过程控制模型创建流程（含数据辨识）,APC过程控制模型创建流程（含数据辨识）,APC过程控制模型创建流程（含数据辨识）,APC过程控制模型创建流程（含数据辨识）,APC过程控制模型创建流程（含数据辨识）,APC过程控制模型创建流程（含数据辨识）,APC过程控制模型创建流程（含数据辨识）,APC过程控制模型创建流程（含数据辨识）,APC过程控制模型创建流程（含数据辨识）,APC过程控制模型创建流程（含数据辨识）,APC过程控制模型创建流程（含数据辨识）,APC过程控制模型创建流程（含数据辨识）
prediction_ds.csv,22,prediction,APC过程控制模型创建流程（含数据辨识）,控制系统改造后，过程控制模型,实际工况适配性,全工况场景,2022/6/3,18,9,9,APC过程控制模型创建流程（含数据辨识）,APC过程控制模型创建流程（含数据辨识）,APC过程控制模型创建流程（含数据辨识）,APC过程控制模型创建流程（含数据辨识）,APC过程控制模型创建流程（含数据辨识）,APC过程控制模型创建流程（含数据辨识）,APC过程控制模型创建流程（含数据辨识）,APC过程控制模型创建流程（含数据辨识）,APC过程控制模型创建流程（含数据辨识）,APC过程控制模型创建流程（含数据辨识）,APC过程控制模型创建流程（含数据辨识）,APC过程控制模型创建流程（含数据辨识）,APC过程控制模型创建流程（含数据辨识）,APC过程控制模型创建流程（含数据辨识）,APC过程控制模型创建流程（含数据辨识）,APC过程控制模型创建流程（含数据辨识）,APC过程控制模型创建流程（含数据辨识）,APC过程控制模型创建流程（含数据辨识）
prediction_ds.csv,22,prediction,APC过程控制模型创建流程（含数据辨识）,装置扩能改造时，帮我创建一个APC过程模型,实际工况适配性,全工况场景,2022/6/4,18,9,9,APC过程控制模型创建流程（含数据辨识）,APC过程控制模型创建流程（含数据辨识）,APC过程控制模型创建流程（含数据辨识）,APC过程控制模型创建流程（含数据辨识）,APC过程控制模型创建流程（含数据辨识）,APC过程控制模型创建流程（含数据辨识）,APC过程控制模型创建流程（含数据辨识）,APC过程控制模型创建流程（含数据辨识）,APC过程控制模型创建流程（含数据辨识）,APC过程控制模型创建流程（含数据辨识）,APC过程控制模型创建流程（含数据辨识）,APC过程控制模型创建流程（含数据辨识）,APC过程控制模型创建流程（含数据辨识）,APC过程控制模型创建流程（含数据辨识）,APC过程控制模型创建流程（含数据辨识）,APC过程控制模型创建流程（含数据辨识）,APC过程控制模型创建流程（含数据辨识）,APC过程控制模型创建流程（含数据辨识）
prediction_ds.csv,22,prediction,APC过程控制模型创建流程（含数据辨识）,产品质量提升需求，帮我创建一个过程控制模型,实际工况适配性,全工况场景,2022/6/5,9,9,0,APC过程控制模型创建流程（含数据辨识）,APC过程控制模型创建流程（含数据辨识）,APC过程控制模型创建流程（含数据辨识）,APC过程控制模型创建流程（含数据辨识）,APC过程控制模型创建流程（含数据辨识）,APC过程控制模型创建流程（含数据辨识）,APC过程控制模型创建流程（含数据辨识）,APC过程控制模型创建流程（含数据辨识）,APC过程控制模型创建流程（含数据辨识）,APC模型创建流程（矩阵+数据辨识）,,APC模型创建流程（矩阵+数据辨识）,APC模型创建流程（矩阵+数据辨识）,APC模型创建流程（矩阵+数据辨识）,APC模型创建流程（矩阵+数据辨识）,APC模型创建流程（矩阵+数据辨识）,APC模型创建流程（矩阵+数据辨识）,APC模型创建流程（矩阵+数据辨识）
prediction_ds.csv,23,prediction,基础控制模型创建流程（仅矩阵辨识）,帮我创建一个控制模型,场景与功能全覆盖,直接复用语料,2023/1/1,0,0,0,APC过程控制模型创建流程（含数据辨识）,APC过程控制模型创建流程（含数据辨识）,APC过程控制模型创建流程（含数据辨识）,APC过程控制模型创建流程（含数据辨识）,APC过程控制模型创建流程（含数据辨识）,APC过程控制模型创建流程（含数据辨识）,APC过程控制模型创建流程（含数据辨识）,APC过程控制模型创建流程（含数据辨识）,APC过程控制模型创建流程（含数据辨识）,APC过程控制模型创建流程（含数据辨识）,APC过程控制模型创建流程（含数据辨识）,APC过程控制模型创建流程（含数据辨识）,APC过程控制模型创建流程（含数据辨识）,APC过程控制模型创建流程（含数据辨识）,APC过程控制模型创建流程（含数据辨识）,APC过程控制模型创建流程（含数据辨识）,,APC过程控制模型创建流程（含数据辨识）
prediction_ds.csv,23,prediction,基础控制模型创建流程（仅矩阵辨识）,帮我创建一个控制模型,场景与功能全覆盖,直接复用语料,2023/1/2,0,0,0,APC过程控制模型创建流程（含数据辨识）,APC过程控制模型创建流程（含数据辨识）,APC过程控制模型创建流程（含数据辨识）,APC过程控制模型创建流程（含数据辨识）,APC过程控制模型创建流程（含数据辨识）,APC过程控制模型创建流程（含数据辨识）,APC过程控制模型创建流程（含数据辨识）,APC过程控制模型创建流程（含数据辨识）,APC过程控制模型创建流程（含数据辨识）,APC过程控制模型创建流程（含数据辨识）,APC过程控制模型创建流程（含数据辨识）,APC过程控制模型创建流程（含数据辨识）,APC过程控制模型创建流程（含数据辨识）,APC过程控制模型创建流程（含数据辨识）,APC过程控制模型创建流程（含数据辨识）,APC过程控制模型创建流程（含数据辨识）,,APC过程控制模型创建流程（含数据辨识）
prediction_ds.csv,23,prediction,基础控制模型创建流程（仅矩阵辨识）,帮我创建一个控制模型,场景与功能全覆盖,直接复用语料,2023/1/3,0,0,0,APC过程控制模型创建流程（含数据辨识）,APC过程控制模型创建流程（含数据辨识）,APC过程控制模型创建流程（含数据辨识）,APC过程控制模型创建流程（含数据辨识）,APC过程控制模型创建流程（含数据辨识）,APC过程控制模型创建流程（含数据辨识）,APC过程控制模型创建流程（含数据辨识）,APC过程控制模型创建流程（含数据辨识）,APC过程控制模型创建流程（含数据辨识）,APC过程控制模型创建流程（含数据辨识）,APC过程控制模型创建流程（含数据辨识）,APC过程控制模型创建流程（含数据辨识）,APC过程控制模型创建流程（含数据辨识）,APC过程控制模型创建流程（含数据辨识）,APC过程控制模型创建流程（含数据辨识）,APC过程控制模型创建流程（含数据辨识）,,APC过程控制模型创建流程（含数据辨识）
prediction_ds.csv,23,prediction,基础控制模型创建流程（仅矩阵辨识）,帮我创建一个控制模型,场景与功能全覆盖,直接复用语料,2023/1/4,0,0,0,APC过程控制模型创建流程（含数据辨识）,APC过程控制模型创建流程（含数据辨识）,APC过程控制模型创建流程（含数据辨识）,APC过程控制模型创建流程（含数据辨识）,APC过程控制模型创建流程（含数据辨识）,APC过程控制模型创建流程（含数据辨识）,APC过程控制模型创建流程（含数据辨识）,APC过程控制模型创建流程（含数据辨识）,APC过程控制模型创建流程（含数据辨识）,APC过程控制模型创建流程（含数据辨识）,APC过程控制模型创建流程（含数据辨识）,APC过程控制模型创建流程（含数据辨识）,APC过程控制模型创建流程（含数据辨识）,APC过程控制模型创建流程（含数据辨识）,APC过程控制模型创建流程（含数据辨识）,APC过程控制模型创建流程（含数据辨识）,,APC过程控制模型创建流程（含数据辨识）
prediction_ds.csv,23,prediction,基础控制模型创建流程（仅矩阵辨识）,帮我创建一个控制模型,场景与功能全覆盖,直接复用语料,2023/1/5,0,0,0,APC过程控制模型创建流程（含数据辨识）,APC过程控制模型创建流程（含数据辨识）,APC过程控制模型创建流程（含数据辨识）,APC过程控制模型创建流程（含数据辨识）,APC过程控制模型创建流程（含数据辨识）,APC过程控制模型创建流程（含数据辨识）,APC过程控制模型创建流程（含数据辨识）,APC过程控制模型创建流程（含数据辨识）,APC过程控制模型创建流程（含数据辨识）,APC过程控制模型创建流程（含数据辨识）,APC过程控制模型创建流程（含数据辨识）,APC过程控制模型创建流程（含数据辨识）,APC过程控制模型创建流程（含数据辨识）,APC过程控制模型创建流程（含数据辨识）,APC过程控制模型创建流程（含数据辨识）,APC过程控制模型创建流程（含数据辨识）,,APC过程控制模型创建流程（含数据辨识）
prediction_ds.csv,23,prediction,基础控制模型创建流程（仅矩阵辨识）,执行基础控制模型创建流程，仅包含矩阵辨识环节,输入表述形态多样性,专业规范表述,2023/2/1,9,0,9,,APC过程控制模型创建流程（含数据辨识）,,,,,,APC过程控制模型创建流程（含数据辨识）,,基础控制模型创建流程（仅矩阵辨识）,基础控制模型创建流程（仅矩阵辨识）,基础控制模型创建流程（仅矩阵辨识）,基础控制模型创建流程（仅矩阵辨识）,基础控制模型创建流程（仅矩阵辨识）,基础控制模型创建流程（仅矩阵辨识）,基础控制模型创建流程（仅矩阵辨识）,基础控制模型创建流程（仅矩阵辨识）,基础控制模型创建流程（仅矩阵辨识）
prediction_ds.csv,23,prediction,基础控制模型创建流程（仅矩阵辨识）,创建控制模型，基于矩阵辨识方法，不包含数据辨识,输入表述形态多样性,专业规范表述,2023/2/2,0,0,0,,,,,,,,,,,,,,,,,,
prediction_ds.csv,23,prediction,基础控制模型创建流程（仅矩阵辨识）,基础控制模型构建，仅执行矩阵辨识流程,输入表述形态多样性,专业规范表述,2023/2/3,0,0,0,APC过程控制模型创建流程（含数据辨识）,,APC过程控制模型创建流程（含数据辨识）,,,,,APC过程控制模型创建流程（含数据辨识）,APC过程控制模型创建流程（含数据辨识）,,,,,,APC过程控制模型创建流程（含数据辨识）,,,
prediction_ds.csv,23,prediction,基础控制模型创建流程（仅矩阵辨识）,控制模型创建，采用矩阵辨识技术构建基础模型,输入表述形态多样性,专业规范表述,2023/2/4,0,0,0,APC过程控制模型创建流程（含数据辨识）,APC过程控制模型创建流程（含数据辨识）,APC过程控制模型创建流程（含数据辨识）,APC过程控制模型创建流程（含数据辨识）,APC过程控制模型创建流程（含数据辨识）,APC过程控制模型创建流程（含数据辨识）,APC过程控制模型创建流程（含数据辨识）,APC过程控制模型创建流程（含数据辨识）,APC过程控制模型创建流程（含数据辨识）,APC过程控制模型创建流程（含数据辨识）,APC过程控制模型创建流程（含数据辨识）,APC过程控制模型创建流程（含数据辨识）,APC过程控制模型创建流程（含数据辨识）,APC过程控制模型创建流程（含数据辨识）,APC过程控制模型创建流程（含数据辨识）,APC过程控制模型创建流程（含数据辨识）,APC过程控制模型创建流程（含数据辨识）,APC过程控制模型创建流程（含数据辨识）
prediction_ds.csv,23,prediction,基础控制模型创建流程（仅矩阵辨识）,矩阵辨识方式创建基础控制模型,输入表述形态多样性,专业规范表述,2023/2/5,0,0,0,APC过程控制模型创建流程（含数据辨识）,APC过程控制模型创建流程（含数据辨识）,APC过程控制模型创建流程（含数据辨识）,APC过程控制模型创建流程（含数据辨识）,APC过程控制模型创建流程（含数据辨识）,APC过程控制模型创建流程（含数据辨识）,APC过程控制模型创建流程（含数据辨识）,APC过程控制模型创建流程（含数据辨识）,APC过程控制模型创建流程（含数据辨识）,APC过程控制模型创建流程（含数据辨识）,APC过程控制模型创建流程（含数据辨识）,APC过程控制模型创建流程（含数据辨识）,APC过程控制模型创建流程（含数据辨识）,APC过程控制模型创建流程（含数据辨识）,APC过程控制模型创建流程（含数据辨识）,APC过程控制模型创建流程（含数据辨识）,APC过程控制模型创建流程（含数据辨识）,APC过程控制模型创建流程（含数据辨识）
prediction_ds.csv,23,prediction,基础控制模型创建流程（仅矩阵辨识）,创建控制模型，只做矩阵辨识,输入表述形态多样性,口语化简化表述,2023/3/1,0,0,0,,,,,,,,,,APC过程控制模型创建流程（含数据辨识）,APC过程控制模型创建流程（含数据辨识）,APC过程控制模型创建流程（含数据辨识）,APC过程控制模型创建流程（含数据辨识）,APC过程控制模型创建流程（含数据辨识）,APC过程控制模型创建流程（含数据辨识）,APC过程控制模型创建流程（含数据辨识）,APC过程控制模型创建流程（含数据辨识）,APC过程控制模型创建流程（含数据辨识）
prediction_ds.csv,23,prediction,基础控制模型创建流程（仅矩阵辨识）,基础控制模型创建，矩阵辨识一下,输入表述形态多样性,口语化简化表述,2023/3/2,0,0,0,APC过程控制模型创建流程（含数据辨识）,APC过程控制模型创建流程（含数据辨识）,APC过程控制模型创建流程（含数据辨识）,,APC过程控制模型创建流程（含数据辨识）,APC过程控制模型创建流程（含数据辨识）,APC过程控制模型创建流程（含数据辨识）,APC过程控制模型创建流程（含数据辨识）,APC过程控制模型创建流程（含数据辨识）,,,,,APC过程控制模型创建流程（含数据辨识）,,,APC过程控制模型创建流程（含数据辨识）,APC过程控制模型创建流程（含数据辨识）
prediction_ds.csv,23,prediction,基础控制模型创建流程（仅矩阵辨识）,控制模型，矩阵辨识创建,输入表述形态多样性,口语化简化表述,2023/3/3,0,0,0,APC过程控制模型创建流程（含数据辨识）,APC过程控制模型创建流程（含数据辨识）,APC过程控制模型创建流程（含数据辨识）,APC过程控制模型创建流程（含数据辨识）,APC过程控制模型创建流程（含数据辨识）,APC过程控制模型创建流程（含数据辨识）,APC过程控制模型创建流程（含数据辨识）,APC过程控制模型创建流程（含数据辨识）,APC过程控制模型创建流程（含数据辨识）,APC过程控制模型创建流程（含数据辨识）,APC过程控制模型创建流程（含数据辨识）,APC过程控制模型创建流程（含数据辨识）,APC过程控制模型创建流程（含数据辨识）,APC过程控制模型创建流程（含数据辨识）,APC过程控制模型创建流程（含数据辨识）,APC过程控制模型创建流程（含数据辨识）,APC过程控制模型创建流程（含数据辨识）,APC过程控制模型创建流程（含数据辨识）
prediction_ds.csv,23,prediction,基础控制模型创建流程（仅矩阵辨识）,创建基础控制模型，仅矩阵辨识,输入表述形态多样性,口语化简化表述,2023/3/4,9,9,0,基础控制模型创建流程（仅矩阵辨识）,基础控制模型创建流程（仅矩阵辨识）,基础控制模型创建流程（仅矩阵辨识）,基础控制模型创建流程（仅矩阵辨识）,基础控制模型创建流程（仅矩阵辨识）,基础控制模型创建流程（仅矩阵辨识）,基础控制模型创建流程（仅矩阵辨识）,基础控制模型创建流程（仅矩阵辨识）,基础控制模型创建流程（仅矩阵辨识）,,,,,,,,,
prediction_ds.csv,23,prediction,基础控制模型创建流程（仅矩阵辨识）,矩阵辨识方式，创建控制模型,输入表述形态多样性,口语化简化表述,2023/3/5,0,0,0,APC过程控制模型创建流程（含数据辨识）,,,APC过程控制模型创建流程（含数据辨识）,,,,APC过程控制模型创建流程（含数据辨识）,APC过程控制模型创建流程（含数据辨识）,APC过程控制模型创建流程（含数据辨识）,APC过程控制模型创建流程（含数据辨识）,APC过程控制模型创建流程（含数据辨识）,APC过程控制模型创建流程（含数据辨识）,APC过程控制模型创建流程（含数据辨识）,APC过程控制模型创建流程（含数据辨识）,APC过程控制模型创建流程（含数据辨识）,APC过程控制模型创建流程（含数据辨识）,APC过程控制模型创建流程（含数据辨识）
prediction_ds.csv,23,prediction,基础控制模型创建流程（仅矩阵辨识）,查询控制模型矩阵参数（非创建模型）,意图边界与歧义性,相似意图区分,2023/4/1,0,0,0,APC过程控制模型创建流程（含数据辨识）,,,,APC过程控制模型创建流程（含数据辨识）,APC过程控制模型创建流程（含数据辨识）,APC过程控制模型创建流程（含数据辨识）,,,,,,,,,,,
prediction_ds.csv,23,prediction,基础控制模型创建流程（仅矩阵辨识）,帮我创建一个控制模型（核心意图）,意图边界与歧义性,相似意图区分,2023/4/2,0,0,0,,,,,,,,,,,,APC过程控制模型创建流程（含数据辨识）,,,,,,
prediction_ds.csv,23,prediction,基础控制模型创建流程（仅矩阵辨识）,修改控制模型矩阵参数（非创建模型）,意图边界与歧义性,相似意图区分,2023/4/3,0,0,0,APC过程控制模型创建流程（含数据辨识）,APC过程控制模型创建流程（含数据辨识）,APC过程控制模型创建流程（含数据辨识）,APC过程控制模型创建流程（含数据辨识）,APC过程控制模型创建流程（含数据辨识）,APC过程控制模型创建流程（含数据辨识）,APC过程控制模型创建流程（含数据辨识）,APC过程控制模型创建流程（含数据辨识）,APC过程控制模型创建流程（含数据辨识）,,,APC过程控制模型创建流程（含数据辨识）,APC过程控制模型创建流程（含数据辨识）,,APC过程控制模型创建流程（含数据辨识）,APC过程控制模型创建流程（含数据辨识）,,APC过程控制模型创建流程（含数据辨识）
prediction_ds.csv,23,prediction,基础控制模型创建流程（仅矩阵辨识）,优化控制模型性能（非创建模型）,意图边界与歧义性,相似意图区分,2023/4/4,0,0,0,,,,,,,,,,,,,,,,,,
prediction_ds.csv,23,prediction,基础控制模型创建流程（仅矩阵辨识）,删除控制模型（非创建模型）,意图边界与歧义性,相似意图区分,2023/4/5,0,0,0,,,,,,,,,,APC过程控制模型创建流程（含数据辨识）,APC过程控制模型创建流程（含数据辨识）,,,,,APC过程控制模型创建流程（含数据辨识）,APC过程控制模型创建流程（含数据辨识）,APC过程控制模型创建流程（含数据辨识）
prediction_ds.csv,23,prediction,基础控制模型创建流程（仅矩阵辨识）,现在是项目初期，需求明确，帮我创建一个控制模型,干扰因素与鲁棒性,冗余信息叠加,2023/5/1,0,0,0,锅炉与电解槽AI智能控制方案设计流程,锅炉与电解槽AI智能控制方案设计流程,锅炉与电解槽AI智能控制方案设计流程,锅炉与电解槽AI智能控制方案设计流程,锅炉与电解槽AI智能控制方案设计流程,锅炉与电解槽AI智能控制方案设计流程,锅炉与电解槽AI智能控制方案设计流程,锅炉与电解槽AI智能控制方案设计流程,锅炉与电解槽AI智能控制方案设计流程,锅炉与电解槽AI智能控制方案设计流程,锅炉与电解槽AI智能控制方案设计流程,锅炉与电解槽AI智能控制方案设计流程,锅炉与电解槽AI智能控制方案设计流程,锅炉与电解槽AI智能控制方案设计流程,锅炉与电解槽AI智能控制方案设计流程,锅炉与电解槽AI智能控制方案设计流程,锅炉与电解槽AI智能控制方案设计流程,锅炉与电解槽AI智能控制方案设计流程
prediction_ds.csv,23,prediction,基础控制模型创建流程（仅矩阵辨识）,矩阵数据准备完成，格式规范，帮我创建一个控制模型,干扰因素与鲁棒性,冗余信息叠加,2023/5/2,0,0,0,APC过程控制模型创建流程（含数据辨识）,APC过程控制模型创建流程（含数据辨识）,APC过程控制模型创建流程（含数据辨识）,APC过程控制模型创建流程（含数据辨识）,APC过程控制模型创建流程（含数据辨识）,APC过程控制模型创建流程（含数据辨识）,APC过程控制模型创建流程（含数据辨识）,APC过程控制模型创建流程（含数据辨识）,APC过程控制模型创建流程（含数据辨识）,APC过程控制模型创建流程（含数据辨识）,APC过程控制模型创建流程（含数据辨识）,APC过程控制模型创建流程（含数据辨识）,APC过程控制模型创建流程（含数据辨识）,APC过程控制模型创建流程（含数据辨识）,APC过程控制模型创建流程（含数据辨识）,APC过程控制模型创建流程（含数据辨识）,APC过程控制模型创建流程（含数据辨识）,APC过程控制模型创建流程（含数据辨识）
prediction_ds.csv,23,prediction,基础控制模型创建流程（仅矩阵辨识）,工程师时间充足，专注建模，帮我创建一个控制模型,干扰因素与鲁棒性,冗余信息叠加,2023/5/3,0,0,0,APC模型创建流程（矩阵+数据辨识）,APC模型创建流程（矩阵+数据辨识）,APC模型创建流程（矩阵+数据辨识）,APC模型创建流程（矩阵+数据辨识）,APC模型创建流程（矩阵+数据辨识）,APC模型创建流程（矩阵+数据辨识）,APC模型创建流程（矩阵+数据辨识）,APC模型创建流程（矩阵+数据辨识）,APC模型创建流程（矩阵+数据辨识）,APC模型创建流程（矩阵+数据辨识）,APC模型创建流程（矩阵+数据辨识）,APC模型创建流程（矩阵+数据辨识）,APC模型创建流程（矩阵+数据辨识）,APC模型创建流程（矩阵+数据辨识）,APC模型创建流程（矩阵+数据辨识）,APC模型创建流程（矩阵+数据辨识）,APC模型创建流程（矩阵+数据辨识）,APC模型创建流程（矩阵+数据辨识）
prediction_ds.csv,23,prediction,基础控制模型创建流程（仅矩阵辨识）,软件开发环境配置完成，运行正常，帮我创建一个控制模型,干扰因素与鲁棒性,冗余信息叠加,2023/5/4,0,0,0,锅炉与电解槽AI智能控制方案设计流程,锅炉与电解槽AI智能控制方案设计流程,锅炉与电解槽AI智能控制方案设计流程,锅炉与电解槽AI智能控制方案设计流程,锅炉与电解槽AI智能控制方案设计流程,锅炉与电解槽AI智能控制方案设计流程,锅炉与电解槽AI智能控制方案设计流程,锅炉与电解槽AI智能控制方案设计流程,锅炉与电解槽AI智能控制方案设计流程,,,,,,,,,
prediction_ds.csv,23,prediction,基础控制模型创建流程（仅矩阵辨识）,项目进度符合计划，时间节点明确，帮我创建一个控制模型,干扰因素与鲁棒性,冗余信息叠加,2023/5/5,0,0,0,APC过程控制模型创建流程（含数据辨识）,APC过程控制模型创建流程（含数据辨识）,APC过程控制模型创建流程（含数据辨识）,APC过程控制模型创建流程（含数据辨识）,APC过程控制模型创建流程（含数据辨识）,APC过程控制模型创建流程（含数据辨识）,APC过程控制模型创建流程（含数据辨识）,APC过程控制模型创建流程（含数据辨识）,APC过程控制模型创建流程（含数据辨识）,APC过程控制模型创建流程（含数据辨识）,,APC过程控制模型创建流程（含数据辨识）,APC过程控制模型创建流程（含数据辨识）,APC过程控制模型创建流程（含数据辨识）,APC过程控制模型创建流程（含数据辨识）,APC过程控制模型创建流程（含数据辨识）,APC过程控制模型创建流程（含数据辨识）,APC过程控制模型创建流程（含数据辨识）
prediction_ds.csv,23,prediction,基础控制模型创建流程（仅矩阵辨识）,新控制系统部署时，帮我创建一个控制模型,实际工况适配性,全工况场景,2023/6/1,0,0,0,APC过程控制模型创建流程（含数据辨识）,APC过程控制模型创建流程（含数据辨识）,APC过程控制模型创建流程（含数据辨识）,APC过程控制模型创建流程（含数据辨识）,APC过程控制模型创建流程（含数据辨识）,APC过程控制模型创建流程（含数据辨识）,APC过程控制模型创建流程（含数据辨识）,APC过程控制模型创建流程（含数据辨识）,APC过程控制模型创建流程（含数据辨识）,APC过程控制模型创建流程（含数据辨识）,APC过程控制模型创建流程（含数据辨识）,APC过程控制模型创建流程（含数据辨识）,APC过程控制模型创建流程（含数据辨识）,APC过程控制模型创建流程（含数据辨识）,APC过程控制模型创建流程（含数据辨识）,APC过程控制模型创建流程（含数据辨识）,APC过程控制模型创建流程（含数据辨识）,APC过程控制模型创建流程（含数据辨识）
prediction_ds.csv,23,prediction,基础控制模型创建流程（仅矩阵辨识）,工艺简单控制需求，帮我创建一个控制模型,实际工况适配性,全工况场景,2023/6/2,0,0,0,复杂回路AI智能控制方案构建流程,复杂回路AI智能控制方案构建流程,复杂回路AI智能控制方案构建流程,复杂回路AI智能控制方案构建流程,复杂回路AI智能控制方案构建流程,复杂回路AI智能控制方案构建流程,复杂回路AI智能控制方案构建流程,复杂回路AI智能控制方案构建流程,复杂回路AI智能控制方案构建流程,复杂回路AI智能控制方案构建流程,复杂回路AI智能控制方案构建流程,复杂回路AI智能控制方案构建流程,复杂回路AI智能控制方案构建流程,复杂回路AI智能控制方案构建流程,复杂回路AI智能控制方案构建流程,复杂回路AI智能控制方案构建流程,复杂回路AI智能控制方案构建流程,复杂回路AI智能控制方案构建流程
prediction_ds.csv,23,prediction,基础控制模型创建流程（仅矩阵辨识）,快速原型开发阶段，帮我创建一个控制模型,实际工况适配性,全工况场景,2023/6/3,0,0,0,APC过程控制模型创建流程（含数据辨识）,APC过程控制模型创建流程（含数据辨识）,APC过程控制模型创建流程（含数据辨识）,APC过程控制模型创建流程（含数据辨识）,APC过程控制模型创建流程（含数据辨识）,APC过程控制模型创建流程（含数据辨识）,APC过程控制模型创建流程（含数据辨识）,APC过程控制模型创建流程（含数据辨识）,APC过程控制模型创建流程（含数据辨识）,APC过程控制模型创建流程（含数据辨识）,APC过程控制模型创建流程（含数据辨识）,APC过程控制模型创建流程（含数据辨识）,APC过程控制模型创建流程（含数据辨识）,APC过程控制模型创建流程（含数据辨识）,APC过程控制模型创建流程（含数据辨识）,APC过程控制模型创建流程（含数据辨识）,APC过程控制模型创建流程（含数据辨识）,APC过程控制模型创建流程（含数据辨识）
prediction_ds.csv,23,prediction,基础控制模型创建流程（仅矩阵辨识）,教学演示用途，帮我创建一个控制模型,实际工况适配性,全工况场景,2023/6/4,0,0,0,锅炉与电解槽AI智能控制方案设计流程,锅炉与电解槽AI智能控制方案设计流程,锅炉与电解槽AI智能控制方案设计流程,锅炉与电解槽AI智能控制方案设计流程,锅炉与电解槽AI智能控制方案设计流程,锅炉与电解槽AI智能控制方案设计流程,锅炉与电解槽AI智能控制方案设计流程,锅炉与电解槽AI智能控制方案设计流程,锅炉与电解槽AI智能控制方案设计流程,锅炉与电解槽AI智能控制方案设计流程,锅炉与电解槽AI智能控制方案设计流程,锅炉与电解槽AI智能控制方案设计流程,锅炉与电解槽AI智能控制方案设计流程,锅炉与电解槽AI智能控制方案设计流程,锅炉与电解槽AI智能控制方案设计流程,锅炉与电解槽AI智能控制方案设计流程,锅炉与电解槽AI智能控制方案设计流程,锅炉与电解槽AI智能控制方案设计流程
prediction_ds.csv,23,prediction,基础控制模型创建流程（仅矩阵辨识）,概念验证测试，帮我创建一个控制模型,实际工况适配性,全工况场景,2023/6/5,0,0,0,锅炉与电解槽AI智能控制方案设计流程,锅炉与电解槽AI智能控制方案设计流程,锅炉与电解槽AI智能控制方案设计流程,锅炉与电解槽AI智能控制方案设计流程,锅炉与电解槽AI智能控制方案设计流程,锅炉与电解槽AI智能控制方案设计流程,锅炉与电解槽AI智能控制方案设计流程,锅炉与电解槽AI智能控制方案设计流程,锅炉与电解槽AI智能控制方案设计流程,,,,,,,,,
prediction_ds.csv,24,prediction,APC模型创建流程（矩阵+数据辨识）,帮我创建一个APC模型,场景与功能全覆盖,直接复用语料,2024/1/1,0,0,0,APC过程控制模型创建流程（含数据辨识）,APC过程控制模型创建流程（含数据辨识）,APC过程控制模型创建流程（含数据辨识）,APC过程控制模型创建流程（含数据辨识）,APC过程控制模型创建流程（含数据辨识）,APC过程控制模型创建流程（含数据辨识）,APC过程控制模型创建流程（含数据辨识）,APC过程控制模型创建流程（含数据辨识）,APC过程控制模型创建流程（含数据辨识）,APC过程控制模型创建流程（含数据辨识）,APC过程控制模型创建流程（含数据辨识）,APC过程控制模型创建流程（含数据辨识）,APC过程控制模型创建流程（含数据辨识）,APC过程控制模型创建流程（含数据辨识）,APC过程控制模型创建流程（含数据辨识）,APC过程控制模型创建流程（含数据辨识）,APC过程控制模型创建流程（含数据辨识）,APC过程控制模型创建流程（含数据辨识）
prediction_ds.csv,24,prediction,APC模型创建流程（矩阵+数据辨识）,帮我创建一个APC模型,场景与功能全覆盖,直接复用语料,2024/1/2,0,0,0,APC过程控制模型创建流程（含数据辨识）,APC过程控制模型创建流程（含数据辨识）,APC过程控制模型创建流程（含数据辨识）,APC过程控制模型创建流程（含数据辨识）,APC过程控制模型创建流程（含数据辨识）,APC过程控制模型创建流程（含数据辨识）,APC过程控制模型创建流程（含数据辨识）,APC过程控制模型创建流程（含数据辨识）,APC过程控制模型创建流程（含数据辨识）,APC过程控制模型创建流程（含数据辨识）,APC过程控制模型创建流程（含数据辨识）,APC过程控制模型创建流程（含数据辨识）,APC过程控制模型创建流程（含数据辨识）,APC过程控制模型创建流程（含数据辨识）,APC过程控制模型创建流程（含数据辨识）,APC过程控制模型创建流程（含数据辨识）,APC过程控制模型创建流程（含数据辨识）,APC过程控制模型创建流程（含数据辨识）
prediction_ds.csv,24,prediction,APC模型创建流程（矩阵+数据辨识）,帮我创建一个APC模型,场景与功能全覆盖,直接复用语料,2024/1/3,0,0,0,APC过程控制模型创建流程（含数据辨识）,APC过程控制模型创建流程（含数据辨识）,APC过程控制模型创建流程（含数据辨识）,APC过程控制模型创建流程（含数据辨识）,APC过程控制模型创建流程（含数据辨识）,APC过程控制模型创建流程（含数据辨识）,APC过程控制模型创建流程（含数据辨识）,APC过程控制模型创建流程（含数据辨识）,APC过程控制模型创建流程（含数据辨识）,APC过程控制模型创建流程（含数据辨识）,APC过程控制模型创建流程（含数据辨识）,APC过程控制模型创建流程（含数据辨识）,APC过程控制模型创建流程（含数据辨识）,APC过程控制模型创建流程（含数据辨识）,APC过程控制模型创建流程（含数据辨识）,APC过程控制模型创建流程（含数据辨识）,APC过程控制模型创建流程（含数据辨识）,APC过程控制模型创建流程（含数据辨识）
prediction_ds.csv,24,prediction,APC模型创建流程（矩阵+数据辨识）,帮我创建一个APC模型,场景与功能全覆盖,直接复用语料,2024/1/4,0,0,0,APC过程控制模型创建流程（含数据辨识）,APC过程控制模型创建流程（含数据辨识）,APC过程控制模型创建流程（含数据辨识）,APC过程控制模型创建流程（含数据辨识）,APC过程控制模型创建流程（含数据辨识）,APC过程控制模型创建流程（含数据辨识）,APC过程控制模型创建流程（含数据辨识）,APC过程控制模型创建流程（含数据辨识）,APC过程控制模型创建流程（含数据辨识）,APC过程控制模型创建流程（含数据辨识）,APC过程控制模型创建流程（含数据辨识）,APC过程控制模型创建流程（含数据辨识）,APC过程控制模型创建流程（含数据辨识）,APC过程控制模型创建流程（含数据辨识）,APC过程控制模型创建流程（含数据辨识）,APC过程控制模型创建流程（含数据辨识）,APC过程控制模型创建流程（含数据辨识）,APC过程控制模型创建流程（含数据辨识）
prediction_ds.csv,24,prediction,APC模型创建流程（矩阵+数据辨识）,帮我创建一个APC模型,场景与功能全覆盖,直接复用语料,2024/1/5,0,0,0,APC过程控制模型创建流程（含数据辨识）,APC过程控制模型创建流程（含数据辨识）,APC过程控制模型创建流程（含数据辨识）,APC过程控制模型创建流程（含数据辨识）,APC过程控制模型创建流程（含数据辨识）,APC过程控制模型创建流程（含数据辨识）,APC过程控制模型创建流程（含数据辨识）,APC过程控制模型创建流程（含数据辨识）,APC过程控制模型创建流程（含数据辨识）,APC过程控制模型创建流程（含数据辨识）,APC过程控制模型创建流程（含数据辨识）,APC过程控制模型创建流程（含数据辨识）,APC过程控制模型创建流程（含数据辨识）,APC过程控制模型创建流程（含数据辨识）,APC过程控制模型创建流程（含数据辨识）,APC过程控制模型创建流程（含数据辨识）,APC过程控制模型创建流程（含数据辨识）,APC过程控制模型创建流程（含数据辨识）
prediction_ds.csv,24,prediction,APC模型创建流程（矩阵+数据辨识）,执行APC模型创建流程，包含矩阵辨识与数据辨识双环节,输入表述形态多样性,专业规范表述,2024/2/1,0,0,0,APC过程控制模型创建流程（含数据辨识）,APC过程控制模型创建流程（含数据辨识）,APC过程控制模型创建流程（含数据辨识）,APC过程控制模型创建流程（含数据辨识）,APC过程控制模型创建流程（含数据辨识）,APC过程控制模型创建流程（含数据辨识）,APC过程控制模型创建流程（含数据辨识）,APC过程控制模型创建流程（含数据辨识）,APC过程控制模型创建流程（含数据辨识）,APC过程控制模型创建流程（含数据辨识）,APC过程控制模型创建流程（含数据辨识）,APC过程控制模型创建流程（含数据辨识）,APC过程控制模型创建流程（含数据辨识）,APC过程控制模型创建流程（含数据辨识）,APC过程控制模型创建流程（含数据辨识）,APC过程控制模型创建流程（含数据辨识）,APC过程控制模型创建流程（含数据辨识）,APC过程控制模型创建流程（含数据辨识）
prediction_ds.csv,24,prediction,APC模型创建流程（矩阵+数据辨识）,创建APC模型，采用矩阵辨识与数据辨识相结合的方法,输入表述形态多样性,专业规范表述,2024/2/2,0,0,0,APC过程控制模型创建流程（含数据辨识）,APC过程控制模型创建流程（含数据辨识）,APC过程控制模型创建流程（含数据辨识）,APC过程控制模型创建流程（含数据辨识）,APC过程控制模型创建流程（含数据辨识）,APC过程控制模型创建流程（含数据辨识）,APC过程控制模型创建流程（含数据辨识）,APC过程控制模型创建流程（含数据辨识）,APC过程控制模型创建流程（含数据辨识）,APC过程控制模型创建流程（含数据辨识）,APC过程控制模型创建流程（含数据辨识）,APC过程控制模型创建流程（含数据辨识）,APC过程控制模型创建流程（含数据辨识）,APC过程控制模型创建流程（含数据辨识）,APC过程控制模型创建流程（含数据辨识）,APC过程控制模型创建流程（含数据辨识）,APC过程控制模型创建流程（含数据辨识）,APC过程控制模型创建流程（含数据辨识）
prediction_ds.csv,24,prediction,APC模型创建流程（矩阵+数据辨识）,APC模型构建，完成矩阵辨识和数据辨识全过程,输入表述形态多样性,专业规范表述,2024/2/3,0,0,0,APC过程控制模型创建流程（含数据辨识）,APC过程控制模型创建流程（含数据辨识）,APC过程控制模型创建流程（含数据辨识）,APC过程控制模型创建流程（含数据辨识）,APC过程控制模型创建流程（含数据辨识）,APC过程控制模型创建流程（含数据辨识）,APC过程控制模型创建流程（含数据辨识）,APC过程控制模型创建流程（含数据辨识）,APC过程控制模型创建流程（含数据辨识）,APC过程控制模型创建流程（含数据辨识）,APC过程控制模型创建流程（含数据辨识）,APC过程控制模型创建流程（含数据辨识）,APC过程控制模型创建流程（含数据辨识）,APC过程控制模型创建流程（含数据辨识）,APC过程控制模型创建流程（含数据辨识）,APC过程控制模型创建流程（含数据辨识）,APC过程控制模型创建流程（含数据辨识）,APC过程控制模型创建流程（含数据辨识）
prediction_ds.csv,24,prediction,APC模型创建流程（矩阵+数据辨识）,APC模型创建，基于矩阵辨识和数据辨识的综合方法,输入表述形态多样性,专业规范表述,2024/2/4,1,0,1,APC过程控制模型创建流程（含数据辨识）,APC过程控制模型创建流程（含数据辨识）,APC过程控制模型创建流程（含数据辨识）,APC过程控制模型创建流程（含数据辨识）,APC过程控制模型创建流程（含数据辨识）,APC过程控制模型创建流程（含数据辨识）,APC过程控制模型创建流程（含数据辨识）,APC过程控制模型创建流程（含数据辨识）,APC过程控制模型创建流程（含数据辨识）,APC过程控制模型创建流程（含数据辨识）,APC过程控制模型创建流程（含数据辨识）,APC过程控制模型创建流程（含数据辨识）,APC模型创建流程（矩阵+数据辨识）,APC过程控制模型创建流程（含数据辨识）,APC过程控制模型创建流程（含数据辨识）,APC过程控制模型创建流程（含数据辨识）,APC过程控制模型创建流程（含数据辨识）,APC过程控制模型创建流程（含数据辨识）
prediction_ds.csv,24,prediction,APC模型创建流程（矩阵+数据辨识）,矩阵辨识与数据辨识结合的APC模型创建流程,输入表述形态多样性,专业规范表述,2024/2/5,0,0,0,APC过程控制模型创建流程（含数据辨识）,APC过程控制模型创建流程（含数据辨识）,APC过程控制模型创建流程（含数据辨识）,APC过程控制模型创建流程（含数据辨识）,APC过程控制模型创建流程（含数据辨识）,APC过程控制模型创建流程（含数据辨识）,APC过程控制模型创建流程（含数据辨识）,APC过程控制模型创建流程（含数据辨识）,APC过程控制模型创建流程（含数据辨识）,APC过程控制模型创建流程（含数据辨识）,APC过程控制模型创建流程（含数据辨识）,APC过程控制模型创建流程（含数据辨识）,APC过程控制模型创建流程（含数据辨识）,APC过程控制模型创建流程（含数据辨识）,APC过程控制模型创建流程（含数据辨识）,APC过程控制模型创建流程（含数据辨识）,APC过程控制模型创建流程（含数据辨识）,APC过程控制模型创建流程（含数据辨识）
prediction_ds.csv,24,prediction,APC模型创建流程（矩阵+数据辨识）,创建APC模型，矩阵和数据辨识都要做,输入表述形态多样性,口语化简化表述,2024/3/1,0,0,0,APC过程控制模型创建流程（含数据辨识）,APC过程控制模型创建流程（含数据辨识）,APC过程控制模型创建流程（含数据辨识）,APC过程控制模型创建流程（含数据辨识）,APC过程控制模型创建流程（含数据辨识）,APC过程控制模型创建流程（含数据辨识）,APC过程控制模型创建流程（含数据辨识）,APC过程控制模型创建流程（含数据辨识）,APC过程控制模型创建流程（含数据辨识）,APC过程控制模型创建流程（含数据辨识）,APC过程控制模型创建流程（含数据辨识）,APC过程控制模型创建流程（含数据辨识）,APC过程控制模型创建流程（含数据辨识）,APC过程控制模型创建流程（含数据辨识）,APC过程控制模型创建流程（含数据辨识）,APC过程控制模型创建流程（含数据辨识）,APC过程控制模型创建流程（含数据辨识）,APC过程控制模型创建流程（含数据辨识）
prediction_ds.csv,24,prediction,APC模型创建流程（矩阵+数据辨识）,APC模型创建，包含矩阵和数据辨识,输入表述形态多样性,口语化简化表述,2024/3/2,0,0,0,APC过程控制模型创建流程（含数据辨识）,APC过程控制模型创建流程（含数据辨识）,APC过程控制模型创建流程（含数据辨识）,APC过程控制模型创建流程（含数据辨识）,APC过程控制模型创建流程（含数据辨识）,APC过程控制模型创建流程（含数据辨识）,APC过程控制模型创建流程（含数据辨识）,APC过程控制模型创建流程（含数据辨识）,APC过程控制模型创建流程（含数据辨识）,APC过程控制模型创建流程（含数据辨识）,APC过程控制模型创建流程（含数据辨识）,APC过程控制模型创建流程（含数据辨识）,APC过程控制模型创建流程（含数据辨识）,APC过程控制模型创建流程（含数据辨识）,APC过程控制模型创建流程（含数据辨识）,APC过程控制模型创建流程（含数据辨识）,APC过程控制模型创建流程（含数据辨识）,APC过程控制模型创建流程（含数据辨识）
prediction_ds.csv,24,prediction,APC模型创建流程（矩阵+数据辨识）,矩阵+数据辨识方式创建APC模型,输入表述形态多样性,口语化简化表述,2024/3/3,18,9,9,APC模型创建流程（矩阵+数据辨识）,APC模型创建流程（矩阵+数据辨识）,APC模型创建流程（矩阵+数据辨识）,APC模型创建流程（矩阵+数据辨识）,APC模型创建流程（矩阵+数据辨识）,APC模型创建流程（矩阵+数据辨识）,APC模型创建流程（矩阵+数据辨识）,APC模型创建流程（矩阵+数据辨识）,APC模型创建流程（矩阵+数据辨识）,APC模型创建流程（矩阵+数据辨识）,APC模型创建流程（矩阵+数据辨识）,APC模型创建流程（矩阵+数据辨识）,APC模型创建流程（矩阵+数据辨识）,APC模型创建流程（矩阵+数据辨识）,APC模型创建流程（矩阵+数据辨识）,APC模型创建流程（矩阵+数据辨识）,APC模型创建流程（矩阵+数据辨识）,APC模型创建流程（矩阵+数据辨识）
prediction_ds.csv,24,prediction,APC模型创建流程（矩阵+数据辨识）,APC模型，矩阵辨识和数据辨识一起做,输入表述形态多样性,口语化简化表述,2024/3/4,2,0,2,APC过程控制模型创建流程（含数据辨识）,APC过程控制模型创建流程（含数据辨识）,APC过程控制模型创建流程（含数据辨识）,APC过程控制模型创建流程（含数据辨识）,APC过程控制模型创建流程（含数据辨识）,APC过程控制模型创建流程（含数据辨识）,APC过程控制模型创建流程（含数据辨识）,APC过程控制模型创建流程（含数据辨识）,APC过程控制模型创建流程（含数据辨识）,APC过程控制模型创建流程（含数据辨识）,APC过程控制模型创建流程（含数据辨识）,APC过程控制模型创建流程（含数据辨识）,APC模型创建流程（矩阵+数据辨识）,APC过程控制模型创建流程（含数据辨识）,APC过程控制模型创建流程（含数据辨识）,APC过程控制模型创建流程（含数据辨识）,APC模型创建流程（矩阵+数据辨识）,APC过程控制模型创建流程（含数据辨识）
prediction_ds.csv,24,prediction,APC模型创建流程（矩阵+数据辨识）,创建APC模型，矩阵和数据辨识全流程,输入表述形态多样性,口语化简化表述,2024/3/5,0,0,0,APC过程控制模型创建流程（含数据辨识）,APC过程控制模型创建流程（含数据辨识）,APC过程控制模型创建流程（含数据辨识）,APC过程控制模型创建流程（含数据辨识）,APC过程控制模型创建流程（含数据辨识）,APC过程控制模型创建流程（含数据辨识）,APC过程控制模型创建流程（含数据辨识）,APC过程控制模型创建流程（含数据辨识）,APC过程控制模型创建流程（含数据辨识）,APC过程控制模型创建流程（含数据辨识）,APC过程控制模型创建流程（含数据辨识）,APC过程控制模型创建流程（含数据辨识）,APC过程控制模型创建流程（含数据辨识）,APC过程控制模型创建流程（含数据辨识）,APC过程控制模型创建流程（含数据辨识）,APC过程控制模型创建流程（含数据辨识）,APC过程控制模型创建流程（含数据辨识）,APC过程控制模型创建流程（含数据辨识）
prediction_ds.csv,24,prediction,APC模型创建流程（矩阵+数据辨识）,查询APC模型矩阵和数据参数（非创建模型）,意图边界与歧义性,相似意图区分,2024/4/1,0,0,0,,,,,APC过程控制模型创建流程（含数据辨识）,,,,APC过程控制模型创建流程（含数据辨识）,APC过程控制模型创建流程（含数据辨识）,APC过程控制模型创建流程（含数据辨识）,APC过程控制模型创建流程（含数据辨识）,APC过程控制模型创建流程（含数据辨识）,APC过程控制模型创建流程（含数据辨识）,APC过程控制模型创建流程（含数据辨识）,APC过程控制模型创建流程（含数据辨识）,APC过程控制模型创建流程（含数据辨识）,APC过程控制模型创建流程（含数据辨识）
prediction_ds.csv,24,prediction,APC模型创建流程（矩阵+数据辨识）,帮我创建一个APC模型（核心意图）,意图边界与歧义性,相似意图区分,2024/4/2,0,0,0,APC过程控制模型创建流程（含数据辨识）,APC过程控制模型创建流程（含数据辨识）,APC过程控制模型创建流程（含数据辨识）,APC过程控制模型创建流程（含数据辨识）,APC过程控制模型创建流程（含数据辨识）,APC过程控制模型创建流程（含数据辨识）,APC过程控制模型创建流程（含数据辨识）,APC过程控制模型创建流程（含数据辨识）,APC过程控制模型创建流程（含数据辨识）,APC过程控制模型创建流程（含数据辨识）,APC过程控制模型创建流程（含数据辨识）,APC过程控制模型创建流程（含数据辨识）,APC过程控制模型创建流程（含数据辨识）,APC过程控制模型创建流程（含数据辨识）,APC过程控制模型创建流程（含数据辨识）,APC过程控制模型创建流程（含数据辨识）,APC过程控制模型创建流程（含数据辨识）,APC过程控制模型创建流程（含数据辨识）
prediction_ds.csv,24,prediction,APC模型创建流程（矩阵+数据辨识）,修改APC模型矩阵和数据参数（非创建模型）,意图边界与歧义性,相似意图区分,2024/4/3,0,0,0,APC过程控制模型创建流程（含数据辨识）,APC过程控制模型创建流程（含数据辨识）,APC过程控制模型创建流程（含数据辨识）,APC过程控制模型创建流程（含数据辨识）,APC过程控制模型创建流程（含数据辨识）,APC过程控制模型创建流程（含数据辨识）,APC过程控制模型创建流程（含数据辨识）,APC过程控制模型创建流程（含数据辨识）,APC过程控制模型创建流程（含数据辨识）,APC过程控制模型创建流程（含数据辨识）,APC过程控制模型创建流程（含数据辨识）,APC过程控制模型创建流程（含数据辨识）,APC过程控制模型创建流程（含数据辨识）,APC过程控制模型创建流程（含数据辨识）,APC过程控制模型创建流程（含数据辨识）,APC过程控制模型创建流程（含数据辨识）,APC过程控制模型创建流程（含数据辨识）,APC过程控制模型创建流程（含数据辨识）
prediction_ds.csv,24,prediction,APC模型创建流程（矩阵+数据辨识）,优化APC模型性能（非创建模型）,意图边界与歧义性,相似意图区分,2024/4/4,0,0,0,,,,,,,,,,APC过程控制模型创建流程（含数据辨识）,APC过程控制模型创建流程（含数据辨识）,APC过程控制模型创建流程（含数据辨识）,APC过程控制模型创建流程（含数据辨识）,APC过程控制模型创建流程（含数据辨识）,APC过程控制模型创建流程（含数据辨识）,APC过程控制模型创建流程（含数据辨识）,APC过程控制模型创建流程（含数据辨识）,APC过程控制模型创建流程（含数据辨识）
prediction_ds.csv,24,prediction,APC模型创建流程（矩阵+数据辨识）,验证APC模型准确性（非创建模型）,意图边界与歧义性,相似意图区分,2024/4/5,0,0,0,,,,,,,,,,,,,,,APC过程控制模型创建流程（含数据辨识）,,,
prediction_ds.csv,24,prediction,APC模型创建流程（矩阵+数据辨识）,现在是项目关键阶段，资源协调完成，帮我创建一个APC模型,干扰因素与鲁棒性,冗余信息叠加,2024/5/1,0,0,0,APC控制方案优化与设备稳定性提升流程,APC控制方案优化与设备稳定性提升流程,APC控制方案优化与设备稳定性提升流程,APC控制方案优化与设备稳定性提升流程,APC控制方案优化与设备稳定性提升流程,APC控制方案优化与设备稳定性提升流程,APC控制方案优化与设备稳定性提升流程,APC控制方案优化与设备稳定性提升流程,APC控制方案优化与设备稳定性提升流程,APC控制方案优化与设备稳定性提升流程,APC控制方案优化与设备稳定性提升流程,APC控制方案优化与设备稳定性提升流程,APC控制方案优化与设备稳定性提升流程,APC控制方案优化与设备稳定性提升流程,APC控制方案优化与设备稳定性提升流程,APC控制方案优化与设备稳定性提升流程,APC控制方案优化与设备稳定性提升流程,APC控制方案优化与设备稳定性提升流程
prediction_ds.csv,24,prediction,APC模型创建流程（矩阵+数据辨识）,矩阵数据和工艺数据都已准备，质量良好，帮我创建一个APC模型,干扰因素与鲁棒性,冗余信息叠加,2024/5/2,0,0,0,APC过程控制模型创建流程（含数据辨识）,APC过程控制模型创建流程（含数据辨识）,APC过程控制模型创建流程（含数据辨识）,APC过程控制模型创建流程（含数据辨识）,APC过程控制模型创建流程（含数据辨识）,APC过程控制模型创建流程（含数据辨识）,APC过程控制模型创建流程（含数据辨识）,APC过程控制模型创建流程（含数据辨识）,APC过程控制模型创建流程（含数据辨识）,APC过程控制模型创建流程（含数据辨识）,APC过程控制模型创建流程（含数据辨识）,APC过程控制模型创建流程（含数据辨识）,APC过程控制模型创建流程（含数据辨识）,APC过程控制模型创建流程（含数据辨识）,APC过程控制模型创建流程（含数据辨识）,APC过程控制模型创建流程（含数据辨识）,APC过程控制模型创建流程（含数据辨识）,APC过程控制模型创建流程（含数据辨识）
prediction_ds.csv,24,prediction,APC模型创建流程（矩阵+数据辨识）,建模团队专业配备，经验丰富，帮我创建一个APC模型,干扰因素与鲁棒性,冗余信息叠加,2024/5/3,0,0,0,,APC过程控制模型创建流程（含数据辨识）,APC过程控制模型创建流程（含数据辨识）,APC过程控制模型创建流程（含数据辨识）,APC过程控制模型创建流程（含数据辨识）,APC过程控制模型创建流程（含数据辨识）,,APC过程控制模型创建流程（含数据辨识）,APC过程控制模型创建流程（含数据辨识）,,APC过程控制模型创建流程（含数据辨识）,APC过程控制模型创建流程（含数据辨识）,,,,APC过程控制模型创建流程（含数据辨识）,APC过程控制模型创建流程（含数据辨识）,APC过程控制模型创建流程（含数据辨识）
prediction_ds.csv,24,prediction,APC模型创建流程（矩阵+数据辨识）,软硬件环境调试完成，运行稳定，帮我创建一个APC模型,干扰因素与鲁棒性,冗余信息叠加,2024/5/4,9,9,0,APC模型创建流程（矩阵+数据辨识）,APC模型创建流程（矩阵+数据辨识）,APC模型创建流程（矩阵+数据辨识）,APC模型创建流程（矩阵+数据辨识）,APC模型创建流程（矩阵+数据辨识）,APC模型创建流程（矩阵+数据辨识）,APC模型创建流程（矩阵+数据辨识）,APC模型创建流程（矩阵+数据辨识）,APC模型创建流程（矩阵+数据辨识）,APC过程控制模型创建流程（含数据辨识）,APC过程控制模型创建流程（含数据辨识）,APC过程控制模型创建流程（含数据辨识）,APC过程控制模型创建流程（含数据辨识）,APC过程控制模型创建流程（含数据辨识）,APC过程控制模型创建流程（含数据辨识）,APC过程控制模型创建流程（含数据辨识）,APC过程控制模型创建流程（含数据辨识）,APC过程控制模型创建流程（含数据辨识）
prediction_ds.csv,24,prediction,APC模型创建流程（矩阵+数据辨识）,项目里程碑节点明确，进度可控，帮我创建一个APC模型,干扰因素与鲁棒性,冗余信息叠加,2024/5/5,0,0,0,APC过程控制模型创建流程（含数据辨识）,APC过程控制模型创建流程（含数据辨识）,APC过程控制模型创建流程（含数据辨识）,APC过程控制模型创建流程（含数据辨识）,APC过程控制模型创建流程（含数据辨识）,APC过程控制模型创建流程（含数据辨识）,APC过程控制模型创建流程（含数据辨识）,APC过程控制模型创建流程（含数据辨识）,APC过程控制模型创建流程（含数据辨识）,APC过程控制模型创建流程（含数据辨识）,APC过程控制模型创建流程（含数据辨识）,APC过程控制模型创建流程（含数据辨识）,APC过程控制模型创建流程（含数据辨识）,APC过程控制模型创建流程（含数据辨识）,APC过程控制模型创建流程（含数据辨识）,,APC过程控制模型创建流程（含数据辨识）,APC过程控制模型创建流程（含数据辨识）
prediction_ds.csv,24,prediction,APC模型创建流程（矩阵+数据辨识）,复杂工艺控制需求，帮我创建一个APC模型,实际工况适配性,全工况场景,2024/6/1,0,0,0,APC过程控制模型创建流程（含数据辨识）,APC过程控制模型创建流程（含数据辨识）,APC过程控制模型创建流程（含数据辨识）,APC过程控制模型创建流程（含数据辨识）,APC过程控制模型创建流程（含数据辨识）,APC过程控制模型创建流程（含数据辨识）,APC过程控制模型创建流程（含数据辨识）,APC过程控制模型创建流程（含数据辨识）,APC过程控制模型创建流程（含数据辨识）,,,,,,,,,
prediction_ds.csv,24,prediction,APC模型创建流程（矩阵+数据辨识）,高精度控制要求，帮我创建一个APC模型,实际工况适配性,全工况场景,2024/6/2,0,0,0,,,APC过程控制模型创建流程（含数据辨识）,,,,,,,APC过程控制模型创建流程（含数据辨识）,APC过程控制模型创建流程（含数据辨识）,APC过程控制模型创建流程（含数据辨识）,APC过程控制模型创建流程（含数据辨识）,APC过程控制模型创建流程（含数据辨识）,APC过程控制模型创建流程（含数据辨识）,APC过程控制模型创建流程（含数据辨识）,APC过程控制模型创建流程（含数据辨识）,APC过程控制模型创建流程（含数据辨识）
prediction_ds.csv,24,prediction,APC模型创建流程（矩阵+数据辨识）,多变量协调控制场景，帮我创建一个APC模型,实际工况适配性,全工况场景,2024/6/3,0,0,0,APC过程控制模型创建流程（含数据辨识）,APC过程控制模型创建流程（含数据辨识）,APC过程控制模型创建流程（含数据辨识）,APC过程控制模型创建流程（含数据辨识）,APC过程控制模型创建流程（含数据辨识）,APC过程控制模型创建流程（含数据辨识）,APC过程控制模型创建流程（含数据辨识）,APC过程控制模型创建流程（含数据辨识）,APC过程控制模型创建流程（含数据辨识）,APC过程控制模型创建流程（含数据辨识）,APC过程控制模型创建流程（含数据辨识）,APC过程控制模型创建流程（含数据辨识）,APC过程控制模型创建流程（含数据辨识）,APC过程控制模型创建流程（含数据辨识）,APC过程控制模型创建流程（含数据辨识）,APC过程控制模型创建流程（含数据辨识）,APC过程控制模型创建流程（含数据辨识）,APC过程控制模型创建流程（含数据辨识）
prediction_ds.csv,24,prediction,APC模型创建流程（矩阵+数据辨识）,先进控制技术应用，帮我创建一个APC模型,实际工况适配性,全工况场景,2024/6/4,0,0,0,APC过程控制模型创建流程（含数据辨识）,,,,APC过程控制模型创建流程（含数据辨识）,APC过程控制模型创建流程（含数据辨识）,,,APC过程控制模型创建流程（含数据辨识）,,,,,,,,,
prediction_ds.csv,24,prediction,APC模型创建流程（矩阵+数据辨识）,工业化规模应用，帮我创建一个APC模型,实际工况适配性,全工况场景,2024/6/5,0,0,0,APC过程控制模型创建流程（含数据辨识）,APC过程控制模型创建流程（含数据辨识）,APC过程控制模型创建流程（含数据辨识）,APC过程控制模型创建流程（含数据辨识）,APC过程控制模型创建流程（含数据辨识）,APC过程控制模型创建流程（含数据辨识）,APC过程控制模型创建流程（含数据辨识）,APC过程控制模型创建流程（含数据辨识）,APC过程控制模型创建流程（含数据辨识）,APC过程控制模型创建流程（含数据辨识）,APC过程控制模型创建流程（含数据辨识）,APC过程控制模型创建流程（含数据辨识）,APC过程控制模型创建流程（含数据辨识）,APC过程控制模型创建流程（含数据辨识）,APC过程控制模型创建流程（含数据辨识）,APC过程控制模型创建流程（含数据辨识）,APC过程控制模型创建流程（含数据辨识）,APC过程控制模型创建流程（含数据辨识）
simulation_ds.csv,12,simulation,工艺装置稳态工况模拟验证流程（含多煤种对比）,帮我模拟验证一下气化炉模型，在仿真状态下输出稳态工况验证结果,场景与功能全覆盖,直接复用语料,2012/1/1,18,9,9,工艺装置稳态工况模拟验证流程（含多煤种对比）,工艺装置稳态工况模拟验证流程（含多煤种对比）,工艺装置稳态工况模拟验证流程（含多煤种对比）,工艺装置稳态工况模拟验证流程（含多煤种对比）,工艺装置稳态工况模拟验证流程（含多煤种对比）,工艺装置稳态工况模拟验证流程（含多煤种对比）,工艺装置稳态工况模拟验证流程（含多煤种对比）,工艺装置稳态工况模拟验证流程（含多煤种对比）,工艺装置稳态工况模拟验证流程（含多煤种对比）,工艺装置稳态工况模拟验证流程（含多煤种对比）,工艺装置稳态工况模拟验证流程（含多煤种对比）,工艺装置稳态工况模拟验证流程（含多煤种对比）,工艺装置稳态工况模拟验证流程（含多煤种对比）,工艺装置稳态工况模拟验证流程（含多煤种对比）,工艺装置稳态工况模拟验证流程（含多煤种对比）,工艺装置稳态工况模拟验证流程（含多煤种对比）,工艺装置稳态工况模拟验证流程（含多煤种对比）,工艺装置稳态工况模拟验证流程（含多煤种对比）
simulation_ds.csv,12,simulation,工艺装置稳态工况模拟验证流程（含多煤种对比）,帮我模拟验证一下加压精馏模型，在仿真状态下输出稳态工况验证结果,场景与功能全覆盖,直接复用语料,2012/1/2,18,9,9,工艺装置稳态工况模拟验证流程（含多煤种对比）,工艺装置稳态工况模拟验证流程（含多煤种对比）,工艺装置稳态工况模拟验证流程（含多煤种对比）,工艺装置稳态工况模拟验证流程（含多煤种对比）,工艺装置稳态工况模拟验证流程（含多煤种对比）,工艺装置稳态工况模拟验证流程（含多煤种对比）,工艺装置稳态工况模拟验证流程（含多煤种对比）,工艺装置稳态工况模拟验证流程（含多煤种对比）,工艺装置稳态工况模拟验证流程（含多煤种对比）,工艺装置稳态工况模拟验证流程（含多煤种对比）,工艺装置稳态工况模拟验证流程（含多煤种对比）,工艺装置稳态工况模拟验证流程（含多煤种对比）,工艺装置稳态工况模拟验证流程（含多煤种对比）,工艺装置稳态工况模拟验证流程（含多煤种对比）,工艺装置稳态工况模拟验证流程（含多煤种对比）,工艺装置稳态工况模拟验证流程（含多煤种对比）,工艺装置稳态工况模拟验证流程（含多煤种对比）,工艺装置稳态工况模拟验证流程（含多煤种对比）
simulation_ds.csv,12,simulation,工艺装置稳态工况模拟验证流程（含多煤种对比）,帮我模拟验证一下气化炉模型,场景与功能全覆盖,直接复用语料,2012/1/3,0,0,0,,,,,,,,,,,,,,,,,,
simulation_ds.csv,12,simulation,工艺装置稳态工况模拟验证流程（含多煤种对比）,请对气化炉的仿真模型进行稳态模拟，并给出工况标定的验证报告,场景与功能全覆盖,直接复用语料,2012/1/4,0,0,0,,,,,,,,,,,,,,,,,,
simulation_ds.csv,12,simulation,工艺装置稳态工况模拟验证流程（含多煤种对比）,在给定的三种不同煤种（烟煤、褐煤、石油焦）作为进料的前提下，分别模拟验证气化炉模型在仿真环境下的稳态工况，并对比分析验证结果,场景与功能全覆盖,直接复用语料,2012/1/5,0,0,0,气化炉模型鲁棒性模拟验证流程（氧气进料波动）,气化炉模型鲁棒性模拟验证流程（氧气进料波动）,气化炉模型鲁棒性模拟验证流程（氧气进料波动）,气化炉模型鲁棒性模拟验证流程（氧气进料波动）,气化炉模型鲁棒性模拟验证流程（氧气进料波动）,气化炉模型鲁棒性模拟验证流程（氧气进料波动）,气化炉模型鲁棒性模拟验证流程（氧气进料波动）,气化炉模型鲁棒性模拟验证流程（氧气进料波动）,气化炉模型鲁棒性模拟验证流程（氧气进料波动）,,,,,,,,,
simulation_ds.csv,12,simulation,工艺装置稳态工况模拟验证流程（含多煤种对比）,执行气化炉工艺装置稳态工况模拟验证，输出仿真状态下的验证结果,输入表述形态多样性,专业规范表述,2012/2/1,18,9,9,工艺装置稳态工况模拟验证流程（含多煤种对比）,工艺装置稳态工况模拟验证流程（含多煤种对比）,工艺装置稳态工况模拟验证流程（含多煤种对比）,工艺装置稳态工况模拟验证流程（含多煤种对比）,工艺装置稳态工况模拟验证流程（含多煤种对比）,工艺装置稳态工况模拟验证流程（含多煤种对比）,工艺装置稳态工况模拟验证流程（含多煤种对比）,工艺装置稳态工况模拟验证流程（含多煤种对比）,工艺装置稳态工况模拟验证流程（含多煤种对比）,工艺装置稳态工况模拟验证流程（含多煤种对比）,工艺装置稳态工况模拟验证流程（含多煤种对比）,工艺装置稳态工况模拟验证流程（含多煤种对比）,工艺装置稳态工况模拟验证流程（含多煤种对比）,工艺装置稳态工况模拟验证流程（含多煤种对比）,工艺装置稳态工况模拟验证流程（含多煤种对比）,工艺装置稳态工况模拟验证流程（含多煤种对比）,工艺装置稳态工况模拟验证流程（含多煤种对比）,工艺装置稳态工况模拟验证流程（含多煤种对比）
simulation_ds.csv,12,simulation,工艺装置稳态工况模拟验证流程（含多煤种对比）,对加压精馏模型进行稳态工况模拟验证，生成仿真验证报告,输入表述形态多样性,专业规范表述,2012/2/2,0,0,0,,,,,,,,,,,,,,,,,,
simulation_ds.csv,12,simulation,工艺装置稳态工况模拟验证流程（含多煤种对比）,气化炉仿真模型稳态模拟验证，需包含工况标定数据,输入表述形态多样性,专业规范表述,2012/2/3,11,8,3,,工艺装置稳态工况模拟验证流程（含多煤种对比）,工艺装置稳态工况模拟验证流程（含多煤种对比）,工艺装置稳态工况模拟验证流程（含多煤种对比）,工艺装置稳态工况模拟验证流程（含多煤种对比）,工艺装置稳态工况模拟验证流程（含多煤种对比）,工艺装置稳态工况模拟验证流程（含多煤种对比）,工艺装置稳态工况模拟验证流程（含多煤种对比）,工艺装置稳态工况模拟验证流程（含多煤种对比）,工艺装置稳态工况模拟验证流程（含多煤种对比）,,工艺装置稳态工况模拟验证流程（含多煤种对比）,,工艺装置稳态工况模拟验证流程（含多煤种对比）,,,,
simulation_ds.csv,12,simulation,工艺装置稳态工况模拟验证流程（含多煤种对比）,多煤种（烟煤、褐煤、石油焦）条件下气化炉模型稳态工况对比验证,输入表述形态多样性,专业规范表述,2012/2/4,0,0,0,,,,,,,,,,,,,,,,,,
simulation_ds.csv,12,simulation,工艺装置稳态工况模拟验证流程（含多煤种对比）,气化炉模型稳态工况模拟验证，同步输出关键参数趋势曲线及数据表格,输入表述形态多样性,专业规范表述,2012/2/5,9,9,0,工艺装置稳态工况模拟验证流程（含多煤种对比）,工艺装置稳态工况模拟验证流程（含多煤种对比）,工艺装置稳态工况模拟验证流程（含多煤种对比）,工艺装置稳态工况模拟验证流程（含多煤种对比）,工艺装置稳态工况模拟验证流程（含多煤种对比）,工艺装置稳态工况模拟验证流程（含多煤种对比）,工艺装置稳态工况模拟验证流程（含多煤种对比）,工艺装置稳态工况模拟验证流程（含多煤种对比）,工艺装置稳态工况模拟验证流程（含多煤种对比）,,,,,,,,,
simulation_ds.csv,12,simulation,工艺装置稳态工况模拟验证流程（含多煤种对比）,气化炉模型帮我模拟验证一下，看看稳态工况,输入表述形态多样性,口语化简化表述,2012/3/1,18,9,9,工艺装置稳态工况模拟验证流程（含多煤种对比）,工艺装置稳态工况模拟验证流程（含多煤种对比）,工艺装置稳态工况模拟验证流程（含多煤种对比）,工艺装置稳态工况模拟验证流程（含多煤种对比）,工艺装置稳态工况模拟验证流程（含多煤种对比）,工艺装置稳态工况模拟验证流程（含多煤种对比）,工艺装置稳态工况模拟验证流程（含多煤种对比）,工艺装置稳态工况模拟验证流程（含多煤种对比）,工艺装置稳态工况模拟验证流程（含多煤种对比）,工艺装置稳态工况模拟验证流程（含多煤种对比）,工艺装置稳态工况模拟验证流程（含多煤种对比）,工艺装置稳态工况模拟验证流程（含多煤种对比）,工艺装置稳态工况模拟验证流程（含多煤种对比）,工艺装置稳态工况模拟验证流程（含多煤种对比）,工艺装置稳态工况模拟验证流程（含多煤种对比）,工艺装置稳态工况模拟验证流程（含多煤种对比）,工艺装置稳态工况模拟验证流程（含多煤种对比）,工艺装置稳态工况模拟验证流程（含多煤种对比）
simulation_ds.csv,12,simulation,工艺装置稳态工况模拟验证流程（含多煤种对比）,加压精馏模型验证一下，输出稳态结果,输入表述形态多样性,口语化简化表述,2012/3/2,0,0,0,,,,,,,,,,,,,,,,,,
simulation_ds.csv,12,simulation,工艺装置稳态工况模拟验证流程（含多煤种对比）,气化炉仿真模型，做下稳态验证,输入表述形态多样性,口语化简化表述,2012/3/3,9,9,0,工艺装置稳态工况模拟验证流程（含多煤种对比）,工艺装置稳态工况模拟验证流程（含多煤种对比）,工艺装置稳态工况模拟验证流程（含多煤种对比）,工艺装置稳态工况模拟验证流程（含多煤种对比）,工艺装置稳态工况模拟验证流程（含多煤种对比）,工艺装置稳态工况模拟验证流程（含多煤种对比）,工艺装置稳态工况模拟验证流程（含多煤种对比）,工艺装置稳态工况模拟验证流程（含多煤种对比）,工艺装置稳态工况模拟验证流程（含多煤种对比）,,,,,,,,,气化炉模型鲁棒性模拟验证流程（氧气进料波动）
simulation_ds.csv,12,simulation,工艺装置稳态工况模拟验证流程（含多煤种对比）,不同煤种条件下，气化炉模型验证对比一下,输入表述形态多样性,口语化简化表述,2012/3/4,3,0,3,,,,,,,,,,工艺装置稳态工况模拟验证流程（含多煤种对比）,气化炉模型鲁棒性模拟验证流程（氧气进料波动）,工艺装置稳态工况模拟验证流程（含多煤种对比）,气化炉模型鲁棒性模拟验证流程（氧气进料波动）,气化炉模型鲁棒性模拟验证流程（氧气进料波动）,气化炉模型鲁棒性模拟验证流程（氧气进料波动）,工艺装置稳态工况模拟验证流程（含多煤种对比）,气化炉模型鲁棒性模拟验证流程（氧气进料波动）,气化炉模型鲁棒性模拟验证流程（氧气进料波动）
simulation_ds.csv,12,simulation,工艺装置稳态工况模拟验证流程（含多煤种对比）,气化炉模型验证，把趋势曲线和数据表格都给我,输入表述形态多样性,口语化简化表述,2012/3/5,6,0,6,,,,,,,,,,,工艺装置稳态工况模拟验证流程（含多煤种对比）,工艺装置稳态工况模拟验证流程（含多煤种对比）,,工艺装置稳态工况模拟验证流程（含多煤种对比）,工艺装置稳态工况模拟验证流程（含多煤种对比）,工艺装置稳态工况模拟验证流程（含多煤种对比）,工艺装置稳态工况模拟验证流程（含多煤种对比）,
simulation_ds.csv,12,simulation,工艺装置稳态工况模拟验证流程（含多煤种对比）,查询气化炉模型参数（非模拟验证）,意图边界与歧义性,相似意图区分,2012/4/1,0,0,0,,,,,,,,,,,,,,,,,,
simulation_ds.csv,12,simulation,工艺装置稳态工况模拟验证流程（含多煤种对比）,帮我模拟验证一下气化炉模型（核心意图）,意图边界与歧义性,相似意图区分,2012/4/2,0,0,0,气化炉模型鲁棒性模拟验证流程（氧气进料波动）,气化炉模型鲁棒性模拟验证流程（氧气进料波动）,气化炉模型鲁棒性模拟验证流程（氧气进料波动）,气化炉模型鲁棒性模拟验证流程（氧气进料波动）,气化炉模型鲁棒性模拟验证流程（氧气进料波动）,气化炉模型鲁棒性模拟验证流程（氧气进料波动）,气化炉模型鲁棒性模拟验证流程（氧气进料波动）,气化炉模型鲁棒性模拟验证流程（氧气进料波动）,气化炉模型鲁棒性模拟验证流程（氧气进料波动）,,,,,,,,,
simulation_ds.csv,12,simulation,工艺装置稳态工况模拟验证流程（含多煤种对比）,修改气化炉模型参数（非模拟验证）,意图边界与歧义性,相似意图区分,2012/4/3,0,0,0,,,,,,,,,,,,,,,,,,
simulation_ds.csv,12,simulation,工艺装置稳态工况模拟验证流程（含多煤种对比）,备份气化炉模型数据（非模拟验证）,意图边界与歧义性,相似意图区分,2012/4/4,0,0,0,基础控制模型创建流程（仅矩阵辨识）,基础控制模型创建流程（仅矩阵辨识）,基础控制模型创建流程（仅矩阵辨识）,基础控制模型创建流程（仅矩阵辨识）,基础控制模型创建流程（仅矩阵辨识）,基础控制模型创建流程（仅矩阵辨识）,基础控制模型创建流程（仅矩阵辨识）,基础控制模型创建流程（仅矩阵辨识）,基础控制模型创建流程（仅矩阵辨识）,基础控制模型创建流程（仅矩阵辨识）,基础控制模型创建流程（仅矩阵辨识）,基础控制模型创建流程（仅矩阵辨识）,基础控制模型创建流程（仅矩阵辨识）,基础控制模型创建流程（仅矩阵辨识）,基础控制模型创建流程（仅矩阵辨识）,基础控制模型创建流程（仅矩阵辨识）,基础控制模型创建流程（仅矩阵辨识）,基础控制模型创建流程（仅矩阵辨识）
simulation_ds.csv,12,simulation,工艺装置稳态工况模拟验证流程（含多煤种对比）,导出气化炉模型文件（非模拟验证）,意图边界与歧义性,相似意图区分,2012/4/5,0,0,0,,,,,,,,,,,,,,,,,,
simulation_ds.csv,12,simulation,工艺装置稳态工况模拟验证流程（含多煤种对比）,现在是下午2点，天气不错，帮我模拟验证一下气化炉模型，在仿真状态下输出稳态工况验证结果,干扰因素与鲁棒性,冗余信息叠加,2012/5/1,18,9,9,工艺装置稳态工况模拟验证流程（含多煤种对比）,工艺装置稳态工况模拟验证流程（含多煤种对比）,工艺装置稳态工况模拟验证流程（含多煤种对比）,工艺装置稳态工况模拟验证流程（含多煤种对比）,工艺装置稳态工况模拟验证流程（含多煤种对比）,工艺装置稳态工况模拟验证流程（含多煤种对比）,工艺装置稳态工况模拟验证流程（含多煤种对比）,工艺装置稳态工况模拟验证流程（含多煤种对比）,工艺装置稳态工况模拟验证流程（含多煤种对比）,工艺装置稳态工况模拟验证流程（含多煤种对比）,工艺装置稳态工况模拟验证流程（含多煤种对比）,工艺装置稳态工况模拟验证流程（含多煤种对比）,工艺装置稳态工况模拟验证流程（含多煤种对比）,工艺装置稳态工况模拟验证流程（含多煤种对比）,工艺装置稳态工况模拟验证流程（含多煤种对比）,工艺装置稳态工况模拟验证流程（含多煤种对比）,工艺装置稳态工况模拟验证流程（含多煤种对比）,工艺装置稳态工况模拟验证流程（含多煤种对比）
simulation_ds.csv,12,simulation,工艺装置稳态工况模拟验证流程（含多煤种对比）,刚完成设备巡检，一切正常，帮我模拟验证一下加压精馏模型，在仿真状态下输出稳态工况验证结果,干扰因素与鲁棒性,冗余信息叠加,2012/5/2,18,9,9,工艺装置稳态工况模拟验证流程（含多煤种对比）,工艺装置稳态工况模拟验证流程（含多煤种对比）,工艺装置稳态工况模拟验证流程（含多煤种对比）,工艺装置稳态工况模拟验证流程（含多煤种对比）,工艺装置稳态工况模拟验证流程（含多煤种对比）,工艺装置稳态工况模拟验证流程（含多煤种对比）,工艺装置稳态工况模拟验证流程（含多煤种对比）,工艺装置稳态工况模拟验证流程（含多煤种对比）,工艺装置稳态工况模拟验证流程（含多煤种对比）,工艺装置稳态工况模拟验证流程（含多煤种对比）,工艺装置稳态工况模拟验证流程（含多煤种对比）,工艺装置稳态工况模拟验证流程（含多煤种对比）,工艺装置稳态工况模拟验证流程（含多煤种对比）,工艺装置稳态工况模拟验证流程（含多煤种对比）,工艺装置稳态工况模拟验证流程（含多煤种对比）,工艺装置稳态工况模拟验证流程（含多煤种对比）,工艺装置稳态工况模拟验证流程（含多煤种对比）,工艺装置稳态工况模拟验证流程（含多煤种对比）
simulation_ds.csv,12,simulation,工艺装置稳态工况模拟验证流程（含多煤种对比）,操作员都在岗，设备运行平稳，请对气化炉的仿真模型进行稳态模拟，并给出工况标定的验证报告,干扰因素与鲁棒性,冗余信息叠加,2012/5/3,16,9,7,工艺装置稳态工况模拟验证流程（含多煤种对比）,工艺装置稳态工况模拟验证流程（含多煤种对比）,工艺装置稳态工况模拟验证流程（含多煤种对比）,工艺装置稳态工况模拟验证流程（含多煤种对比）,工艺装置稳态工况模拟验证流程（含多煤种对比）,工艺装置稳态工况模拟验证流程（含多煤种对比）,工艺装置稳态工况模拟验证流程（含多煤种对比）,工艺装置稳态工况模拟验证流程（含多煤种对比）,工艺装置稳态工况模拟验证流程（含多煤种对比）,工艺装置稳态工况模拟验证流程（含多煤种对比）,工艺装置稳态工况模拟验证流程（含多煤种对比）,工艺装置稳态工况模拟验证流程（含多煤种对比）,工艺装置稳态工况模拟验证流程（含多煤种对比）,工艺装置稳态工况模拟验证流程（含多煤种对比）,工艺装置稳态工况模拟验证流程（含多煤种对比）,工艺装置稳态工况模拟验证流程（含多煤种对比）,,
simulation_ds.csv,12,simulation,工艺装置稳态工况模拟验证流程（含多煤种对比）,煤种供应稳定，质量合格，在给定的三种不同煤种（烟煤、褐煤、石油焦）作为进料的前提下，分别模拟验证气化炉模型在仿真环境下的稳态工况，并对比分析验证结果,干扰因素与鲁棒性,冗余信息叠加,2012/5/4,0,0,0,,,,,,,,,,,,,,,,,,
simulation_ds.csv,12,simulation,工艺装置稳态工况模拟验证流程（含多煤种对比）,DCS系统运行正常，数据采集准确，帮我模拟验证气化炉模型在仿真状态下的稳态工况，除了数据结果外，请同时生成关键参数（如温度、压力、合成气成分）的趋势曲线图和数据表格,干扰因素与鲁棒性,冗余信息叠加,2012/5/5,0,0,0,,,,,,,,,,,,,,,,,,
simulation_ds.csv,12,simulation,工艺装置稳态工况模拟验证流程（含多煤种对比）,装置开车前，帮我模拟验证一下气化炉模型，在仿真状态下输出稳态工况验证结果,实际工况适配性,全工况场景,2012/6/1,18,9,9,工艺装置稳态工况模拟验证流程（含多煤种对比）,工艺装置稳态工况模拟验证流程（含多煤种对比）,工艺装置稳态工况模拟验证流程（含多煤种对比）,工艺装置稳态工况模拟验证流程（含多煤种对比）,工艺装置稳态工况模拟验证流程（含多煤种对比）,工艺装置稳态工况模拟验证流程（含多煤种对比）,工艺装置稳态工况模拟验证流程（含多煤种对比）,工艺装置稳态工况模拟验证流程（含多煤种对比）,工艺装置稳态工况模拟验证流程（含多煤种对比）,工艺装置稳态工况模拟验证流程（含多煤种对比）,工艺装置稳态工况模拟验证流程（含多煤种对比）,工艺装置稳态工况模拟验证流程（含多煤种对比）,工艺装置稳态工况模拟验证流程（含多煤种对比）,工艺装置稳态工况模拟验证流程（含多煤种对比）,工艺装置稳态工况模拟验证流程（含多煤种对比）,工艺装置稳态工况模拟验证流程（含多煤种对比）,工艺装置稳态工况模拟验证流程（含多煤种对比）,工艺装置稳态工况模拟验证流程（含多煤种对比）
simulation_ds.csv,12,simulation,工艺装置稳态工况模拟验证流程（含多煤种对比）,稳态运行优化期，帮我模拟验证一下加压精馏模型，在仿真状态下输出稳态工况验证结果,实际工况适配性,全工况场景,2012/6/2,0,0,0,,,,,,,,,,,,,,,,,,
simulation_ds.csv,12,simulation,工艺装置稳态工况模拟验证流程（含多煤种对比）,工艺参数调整后，请对气化炉的仿真模型进行稳态模拟，并给出工况标定的验证报告,实际工况适配性,全工况场景,2012/6/3,9,9,0,工艺装置稳态工况模拟验证流程（含多煤种对比）,工艺装置稳态工况模拟验证流程（含多煤种对比）,工艺装置稳态工况模拟验证流程（含多煤种对比）,工艺装置稳态工况模拟验证流程（含多煤种对比）,工艺装置稳态工况模拟验证流程（含多煤种对比）,工艺装置稳态工况模拟验证流程（含多煤种对比）,工艺装置稳态工况模拟验证流程（含多煤种对比）,工艺装置稳态工况模拟验证流程（含多煤种对比）,工艺装置稳态工况模拟验证流程（含多煤种对比）,气化炉模型鲁棒性模拟验证流程（氧气进料波动）,气化炉模型鲁棒性模拟验证流程（氧气进料波动）,气化炉模型鲁棒性模拟验证流程（氧气进料波动）,气化炉模型鲁棒性模拟验证流程（氧气进料波动）,气化炉模型鲁棒性模拟验证流程（氧气进料波动）,气化炉模型鲁棒性模拟验证流程（氧气进料波动）,气化炉模型鲁棒性模拟验证流程（氧气进料波动）,气化炉模型鲁棒性模拟验证流程（氧气进料波动）,气化炉模型鲁棒性模拟验证流程（氧气进料波动）
simulation_ds.csv,12,simulation,工艺装置稳态工况模拟验证流程（含多煤种对比）,新煤种试用阶段，在给定的三种不同煤种（烟煤、褐煤、石油焦）作为进料的前提下，分别模拟验证气化炉模型在仿真环境下的稳态工况，并对比分析验证结果,实际工况适配性,全工况场景,2012/6/4,0,0,0,,,,,,,,,,,,,,,,,,
simulation_ds.csv,12,simulation,工艺装置稳态工况模拟验证流程（含多煤种对比）,装置停车检修前，帮我模拟验证气化炉模型在仿真状态下的稳态工况，除了数据结果外，请同时生成关键参数（如温度、压力、合成气成分）的趋势曲线图和数据表格,实际工况适配性,全工况场景,2012/6/5,0,0,0,气化炉模型鲁棒性模拟验证流程（氧气进料波动）,气化炉模型鲁棒性模拟验证流程（氧气进料波动）,气化炉模型鲁棒性模拟验证流程（氧气进料波动）,气化炉模型鲁棒性模拟验证流程（氧气进料波动）,气化炉模型鲁棒性模拟验证流程（氧气进料波动）,气化炉模型鲁棒性模拟验证流程（氧气进料波动）,气化炉模型鲁棒性模拟验证流程（氧气进料波动）,气化炉模型鲁棒性模拟验证流程（氧气进料波动）,气化炉模型鲁棒性模拟验证流程（氧气进料波动）,,,,,,,,,
simulation_ds.csv,20,simulation,气化炉模型鲁棒性模拟验证流程（氧气进料波动）,如果气化炉模型的氧气进料量出现小幅随机波动，模拟验证其稳态工况的鲁棒性，并指出哪些输出参数最敏感,场景与功能全覆盖,直接复用语料,2020/1/1,7,0,7,,,,APC控制方案优化与设备稳定性提升流程,,,,工艺装置稳态工况模拟验证流程（含多煤种对比）,,气化炉模型鲁棒性模拟验证流程（氧气进料波动）,气化炉模型鲁棒性模拟验证流程（氧气进料波动）,气化炉模型鲁棒性模拟验证流程（氧气进料波动）,,气化炉模型鲁棒性模拟验证流程（氧气进料波动）,气化炉模型鲁棒性模拟验证流程（氧气进料波动）,,气化炉模型鲁棒性模拟验证流程（氧气进料波动）,气化炉模型鲁棒性模拟验证流程（氧气进料波动）
simulation_ds.csv,20,simulation,气化炉模型鲁棒性模拟验证流程（氧气进料波动）,如果气化炉模型的氧气进料量出现小幅随机波动，模拟验证其稳态工况的鲁棒性，并指出哪些输出参数最敏感,场景与功能全覆盖,直接复用语料,2020/1/2,7,0,7,,,,APC控制方案优化与设备稳定性提升流程,,,,工艺装置稳态工况模拟验证流程（含多煤种对比）,,气化炉模型鲁棒性模拟验证流程（氧气进料波动）,气化炉模型鲁棒性模拟验证流程（氧气进料波动）,气化炉模型鲁棒性模拟验证流程（氧气进料波动）,,气化炉模型鲁棒性模拟验证流程（氧气进料波动）,气化炉模型鲁棒性模拟验证流程（氧气进料波动）,,气化炉模型鲁棒性模拟验证流程（氧气进料波动）,气化炉模型鲁棒性模拟验证流程（氧气进料波动）
simulation_ds.csv,20,simulation,气化炉模型鲁棒性模拟验证流程（氧气进料波动）,如果气化炉模型的氧气进料量出现小幅随机波动，模拟验证其稳态工况的鲁棒性，并指出哪些输出参数最敏感,场景与功能全覆盖,直接复用语料,2020/1/3,7,0,7,,,,APC控制方案优化与设备稳定性提升流程,,,,工艺装置稳态工况模拟验证流程（含多煤种对比）,,气化炉模型鲁棒性模拟验证流程（氧气进料波动）,气化炉模型鲁棒性模拟验证流程（氧气进料波动）,气化炉模型鲁棒性模拟验证流程（氧气进料波动）,,气化炉模型鲁棒性模拟验证流程（氧气进料波动）,气化炉模型鲁棒性模拟验证流程（氧气进料波动）,,气化炉模型鲁棒性模拟验证流程（氧气进料波动）,气化炉模型鲁棒性模拟验证流程（氧气进料波动）
simulation_ds.csv,20,simulation,气化炉模型鲁棒性模拟验证流程（氧气进料波动）,如果气化炉模型的氧气进料量出现小幅随机波动，模拟验证其稳态工况的鲁棒性，并指出哪些输出参数最敏感,场景与功能全覆盖,直接复用语料,2020/1/4,7,0,7,,,,APC控制方案优化与设备稳定性提升流程,,,,工艺装置稳态工况模拟验证流程（含多煤种对比）,,气化炉模型鲁棒性模拟验证流程（氧气进料波动）,气化炉模型鲁棒性模拟验证流程（氧气进料波动）,气化炉模型鲁棒性模拟验证流程（氧气进料波动）,,气化炉模型鲁棒性模拟验证流程（氧气进料波动）,气化炉模型鲁棒性模拟验证流程（氧气进料波动）,,气化炉模型鲁棒性模拟验证流程（氧气进料波动）,气化炉模型鲁棒性模拟验证流程（氧气进料波动）
simulation_ds.csv,20,simulation,气化炉模型鲁棒性模拟验证流程（氧气进料波动）,如果气化炉模型的氧气进料量出现小幅随机波动，模拟验证其稳态工况的鲁棒性，并指出哪些输出参数最敏感,场景与功能全覆盖,直接复用语料,2020/1/5,7,0,7,,,,APC控制方案优化与设备稳定性提升流程,,,,工艺装置稳态工况模拟验证流程（含多煤种对比）,,气化炉模型鲁棒性模拟验证流程（氧气进料波动）,气化炉模型鲁棒性模拟验证流程（氧气进料波动）,气化炉模型鲁棒性模拟验证流程（氧气进料波动）,,气化炉模型鲁棒性模拟验证流程（氧气进料波动）,气化炉模型鲁棒性模拟验证流程（氧气进料波动）,,气化炉模型鲁棒性模拟验证流程（氧气进料波动）,气化炉模型鲁棒性模拟验证流程（氧气进料波动）
simulation_ds.csv,20,simulation,气化炉模型鲁棒性模拟验证流程（氧气进料波动）,气化炉模型在氧气进料量±5%随机波动条件下，执行稳态工况鲁棒性模拟验证，识别敏感输出参数,输入表述形态多样性,专业规范表述,2020/2/1,0,0,0,,,,,工艺装置稳态工况模拟验证流程（含多煤种对比）,,,,,APC控制方案优化与设备稳定性提升流程,APC控制方案优化与设备稳定性提升流程,APC控制方案优化与设备稳定性提升流程,,APC控制方案优化与设备稳定性提升流程,,APC控制方案优化与设备稳定性提升流程,APC控制方案优化与设备稳定性提升流程,APC控制方案优化与设备稳定性提升流程
simulation_ds.csv,20,simulation,气化炉模型鲁棒性模拟验证流程（氧气进料波动）,模拟验证气化炉模型在氧气进料波动工况下的鲁棒性，分析关键输出参数敏感性,输入表述形态多样性,专业规范表述,2020/2/2,0,0,0,,,,工艺装置稳态工况模拟验证流程（含多煤种对比）,,,工艺装置稳态工况模拟验证流程（含多煤种对比）,,,,,,,,,,,
simulation_ds.csv,20,simulation,气化炉模型鲁棒性模拟验证流程（氧气进料波动）,氧气进料量随机波动条件下，气化炉模型稳态鲁棒性验证及敏感参数识别,输入表述形态多样性,专业规范表述,2020/2/3,0,0,0,,,,,,,,,,,,,,,,,,
simulation_ds.csv,20,simulation,气化炉模型鲁棒性模拟验证流程（氧气进料波动）,气化炉模型鲁棒性模拟验证，输入条件为氧气进料量小幅随机波动，输出敏感参数分析,输入表述形态多样性,专业规范表述,2020/2/4,8,7,1,,气化炉模型鲁棒性模拟验证流程（氧气进料波动）,,气化炉模型鲁棒性模拟验证流程（氧气进料波动）,气化炉模型鲁棒性模拟验证流程（氧气进料波动）,气化炉模型鲁棒性模拟验证流程（氧气进料波动）,气化炉模型鲁棒性模拟验证流程（氧气进料波动）,气化炉模型鲁棒性模拟验证流程（氧气进料波动）,气化炉模型鲁棒性模拟验证流程（氧气进料波动）,,,,,气化炉模型鲁棒性模拟验证流程（氧气进料波动）,,,,
simulation_ds.csv,20,simulation,气化炉模型鲁棒性模拟验证流程（氧气进料波动）,执行气化炉模型鲁棒性验证，模拟氧气进料波动工况，识别最敏感输出参数,输入表述形态多样性,专业规范表述,2020/2/5,0,0,0,,,,,,,,,,,,,,,,,,
simulation_ds.csv,20,simulation,气化炉模型鲁棒性模拟验证流程（氧气进料波动）,气化炉氧气进料波动，验证下鲁棒性，看哪些参数敏感,输入表述形态多样性,口语化简化表述,2020/3/1,0,0,0,,,,,,,,,,,PID回路性能评估与异常诊断流程,PID回路性能评估与异常诊断流程,,,,PID回路性能评估与异常诊断流程,,装置物料参数查询与文件异常分析流程
simulation_ds.csv,20,simulation,气化炉模型鲁棒性模拟验证流程（氧气进料波动）,氧气波动条件下，气化炉模型鲁棒性验证一下,输入表述形态多样性,口语化简化表述,2020/3/2,0,0,0,,PID回路参数智能整定流程（含有效性检测与震荡判断）,PID回路参数智能整定流程（含有效性检测与震荡判断）,PID回路参数智能整定流程（含有效性检测与震荡判断）,PID回路参数智能整定流程（含有效性检测与震荡判断）,PID回路参数智能整定流程（含有效性检测与震荡判断）,,PID回路参数智能整定流程（含有效性检测与震荡判断）,PID回路参数智能整定流程（含有效性检测与震荡判断）,APC控制方案优化与设备稳定性提升流程,APC控制方案优化与设备稳定性提升流程,APC控制方案优化与设备稳定性提升流程,,APC控制方案优化与设备稳定性提升流程,APC控制方案优化与设备稳定性提升流程,APC控制方案优化与设备稳定性提升流程,,APC控制方案优化与设备稳定性提升流程
simulation_ds.csv,20,simulation,气化炉模型鲁棒性模拟验证流程（氧气进料波动）,气化炉模型，氧气进料有波动，做下鲁棒性验证,输入表述形态多样性,口语化简化表述,2020/3/3,2,0,2,,,,,,,,,,气化炉模型鲁棒性模拟验证流程（氧气进料波动）,气化炉模型鲁棒性模拟验证流程（氧气进料波动）,,,,,,,
simulation_ds.csv,20,simulation,气化炉模型鲁棒性模拟验证流程（氧气进料波动）,氧气小幅波动，验证气化炉鲁棒性，指出敏感参数,输入表述形态多样性,口语化简化表述,2020/3/4,0,0,0,,,APC控制方案优化与设备稳定性提升流程,,,,,PID回路参数智能整定流程（含有效性检测与震荡判断）,APC控制方案优化与设备稳定性提升流程,,,,,,,,,
simulation_ds.csv,20,simulation,气化炉模型鲁棒性模拟验证流程（氧气进料波动）,气化炉模型鲁棒性验证，氧气波动条件，敏感参数分析,输入表述形态多样性,口语化简化表述,2020/3/5,0,0,0,APC控制方案优化与设备稳定性提升流程,APC控制方案优化与设备稳定性提升流程,APC控制方案优化与设备稳定性提升流程,PID回路参数智能整定流程（含有效性检测与震荡判断）,APC控制方案优化与设备稳定性提升流程,PID回路参数智能整定流程（含有效性检测与震荡判断）,APC控制方案优化与设备稳定性提升流程,,APC控制方案优化与设备稳定性提升流程,PID回路参数智能整定流程（含有效性检测与震荡判断）,,,,,PID回路参数智能整定流程（含有效性检测与震荡判断）,,,
simulation_ds.csv,20,simulation,气化炉模型鲁棒性模拟验证流程（氧气进料波动）,查询气化炉模型氧气进料参数（非鲁棒性验证）,意图边界与歧义性,相似意图区分,2020/4/1,0,0,0,,APC过程控制模型创建流程（含数据辨识）,APC过程控制模型创建流程（含数据辨识）,PID回路参数查询与基础信息维护流程,APC过程控制模型创建流程（含数据辨识）,,APC过程控制模型创建流程（含数据辨识）,APC过程控制模型创建流程（含数据辨识）,APC过程控制模型创建流程（含数据辨识）,基础控制模型创建流程（仅矩阵辨识）,基础控制模型创建流程（仅矩阵辨识）,基础控制模型创建流程（仅矩阵辨识）,APC模型创建流程（矩阵+数据辨识）,基础控制模型创建流程（仅矩阵辨识）,PID回路参数查询与基础信息维护流程,APC模型创建流程（矩阵+数据辨识）,基础控制模型创建流程（仅矩阵辨识）,基础控制模型创建流程（仅矩阵辨识）
simulation_ds.csv,20,simulation,气化炉模型鲁棒性模拟验证流程（氧气进料波动）,如果气化炉模型的氧气进料量出现小幅随机波动，模拟验证其稳态工况的鲁棒性（核心意图）,意图边界与歧义性,相似意图区分,2020/4/2,0,0,0,,,,,,,,,,,,,,,,,,
simulation_ds.csv,20,simulation,气化炉模型鲁棒性模拟验证流程（氧气进料波动）,修改气化炉模型氧气进料参数（非鲁棒性验证）,意图边界与歧义性,相似意图区分,2020/4/3,0,0,0,,,,,,,,,,,,,,,,,,
simulation_ds.csv,20,simulation,气化炉模型鲁棒性模拟验证流程（氧气进料波动）,优化气化炉模型氧气进料控制（非鲁棒性验证）,意图边界与歧义性,相似意图区分,2020/4/4,0,0,0,APC控制方案优化与设备稳定性提升流程,APC控制方案优化与设备稳定性提升流程,APC控制方案优化与设备稳定性提升流程,APC控制方案优化与设备稳定性提升流程,APC控制方案优化与设备稳定性提升流程,APC控制方案优化与设备稳定性提升流程,APC控制方案优化与设备稳定性提升流程,APC控制方案优化与设备稳定性提升流程,APC控制方案优化与设备稳定性提升流程,APC控制方案优化与设备稳定性提升流程,APC控制方案优化与设备稳定性提升流程,APC控制方案优化与设备稳定性提升流程,APC控制方案优化与设备稳定性提升流程,APC控制方案优化与设备稳定性提升流程,APC控制方案优化与设备稳定性提升流程,APC控制方案优化与设备稳定性提升流程,APC控制方案优化与设备稳定性提升流程,APC控制方案优化与设备稳定性提升流程
simulation_ds.csv,20,simulation,气化炉模型鲁棒性模拟验证流程（氧气进料波动）,校准气化炉模型氧气进料测量（非鲁棒性验证）,意图边界与歧义性,相似意图区分,2020/4/5,0,0,0,,,,,,,,,,,,,,,,,,
simulation_ds.csv,20,simulation,气化炉模型鲁棒性模拟验证流程（氧气进料波动）,现在是上午10点，设备运行正常，如果气化炉模型的氧气进料量出现小幅随机波动，模拟验证其稳态工况的鲁棒性，并指出哪些输出参数最敏感,干扰因素与鲁棒性,冗余信息叠加,2020/5/1,0,0,0,,,,,,,,,,工艺装置稳态工况模拟验证流程（含多煤种对比）,,,,,,,,
simulation_ds.csv,20,simulation,气化炉模型鲁棒性模拟验证流程（氧气进料波动）,刚完成氧气压缩机维护，运行平稳，如果气化炉模型的氧气进料量出现小幅随机波动，模拟验证其稳态工况的鲁棒性，并指出哪些输出参数最敏感,干扰因素与鲁棒性,冗余信息叠加,2020/5/2,0,0,0,,,,,,,,,,,,,,,,,,
simulation_ds.csv,20,simulation,气化炉模型鲁棒性模拟验证流程（氧气进料波动）,操作员培训已完成，技能达标，如果气化炉模型的氧气进料量出现小幅随机波动，模拟验证其稳态工况的鲁棒性，并指出哪些输出参数最敏感,干扰因素与鲁棒性,冗余信息叠加,2020/5/3,0,0,0,,,,,,,,,,,,,,,,,,
simulation_ds.csv,20,simulation,气化炉模型鲁棒性模拟验证流程（氧气进料波动）,仪表校验合格，数据准确，如果气化炉模型的氧气进料量出现小幅随机波动，模拟验证其稳态工况的鲁棒性，并指出哪些输出参数最敏感,干扰因素与鲁棒性,冗余信息叠加,2020/5/4,0,0,0,,,,,,,,,,,,,,,,,,
simulation_ds.csv,20,simulation,气化炉模型鲁棒性模拟验证流程（氧气进料波动）,工艺参数稳定，工况良好，如果气化炉模型的氧气进料量出现小幅随机波动，模拟验证其稳态工况的鲁棒性，并指出哪些输出参数最敏感,干扰因素与鲁棒性,冗余信息叠加,2020/5/5,0,0,0,,,,,,,,,,,,,,,,,,
simulation_ds.csv,20,simulation,气化炉模型鲁棒性模拟验证流程（氧气进料波动）,装置开车调试阶段，如果气化炉模型的氧气进料量出现小幅随机波动，模拟验证其稳态工况的鲁棒性，并指出哪些输出参数最敏感,实际工况适配性,全工况场景,2020/6/1,0,0,0,,,,,,,,,,,,,,,,,,
simulation_ds.csv,20,simulation,气化炉模型鲁棒性模拟验证流程（氧气进料波动）,稳态运行优化期，如果气化炉模型的氧气进料量出现小幅随机波动，模拟验证其稳态工况的鲁棒性，并指出哪些输出参数最敏感,实际工况适配性,全工况场景,2020/6/2,0,0,0,,,,,,,,,,,,,,,,,,
simulation_ds.csv,20,simulation,气化炉模型鲁棒性模拟验证流程（氧气进料波动）,氧气供应不稳定时，如果气化炉模型的氧气进料量出现小幅随机波动，模拟验证其稳态工况的鲁棒性，并指出哪些输出参数最敏感,实际工况适配性,全工况场景,2020/6/3,0,0,0,,,,,,,,,,,,,,,,,,
simulation_ds.csv,20,simulation,气化炉模型鲁棒性模拟验证流程（氧气进料波动）,设备故障恢复后，如果气化炉模型的氧气进料量出现小幅随机波动，模拟验证其稳态工况的鲁棒性，并指出哪些输出参数最敏感,实际工况适配性,全工况场景,2020/6/4,0,0,0,,,,,,,,,,,,,,,,,,
simulation_ds.csv,20,simulation,气化炉模型鲁棒性模拟验证流程（氧气进料波动）,工艺升级改造前，如果气化炉模型的氧气进料量出现小幅随机波动，模拟验证其稳态工况的鲁棒性，并指出哪些输出参数最敏感,实际工况适配性,全工况场景,2020/6/5,0,0,0,,,,,,,,,,,,,,,,,,
statistic_ds.csv,1,statistics,PID回路参数智能整定流程（含有效性检测与震荡判断）,帮我整定下FIC1001,场景与功能全覆盖,直接复用语料,2001/1/1,18,9,9,PID回路参数智能整定流程（含有效性检测与震荡判断）,PID回路参数智能整定流程（含有效性检测与震荡判断）,PID回路参数智能整定流程（含有效性检测与震荡判断）,PID回路参数智能整定流程（含有效性检测与震荡判断）,PID回路参数智能整定流程（含有效性检测与震荡判断）,PID回路参数智能整定流程（含有效性检测与震荡判断）,PID回路参数智能整定流程（含有效性检测与震荡判断）,PID回路参数智能整定流程（含有效性检测与震荡判断）,PID回路参数智能整定流程（含有效性检测与震荡判断）,PID回路参数智能整定流程（含有效性检测与震荡判断）,PID回路参数智能整定流程（含有效性检测与震荡判断）,PID回路参数智能整定流程（含有效性检测与震荡判断）,PID回路参数智能整定流程（含有效性检测与震荡判断）,PID回路参数智能整定流程（含有效性检测与震荡判断）,PID回路参数智能整定流程（含有效性检测与震荡判断）,PID回路参数智能整定流程（含有效性检测与震荡判断）,PID回路参数智能整定流程（含有效性检测与震荡判断）,PID回路参数智能整定流程（含有效性检测与震荡判断）
statistic_ds.csv,1,statistics,PID回路参数智能整定流程（含有效性检测与震荡判断）,帮我整定下523FIC_0009,场景与功能全覆盖,直接复用语料,2001/1/2,18,9,9,PID回路参数智能整定流程（含有效性检测与震荡判断）,PID回路参数智能整定流程（含有效性检测与震荡判断）,PID回路参数智能整定流程（含有效性检测与震荡判断）,PID回路参数智能整定流程（含有效性检测与震荡判断）,PID回路参数智能整定流程（含有效性检测与震荡判断）,PID回路参数智能整定流程（含有效性检测与震荡判断）,PID回路参数智能整定流程（含有效性检测与震荡判断）,PID回路参数智能整定流程（含有效性检测与震荡判断）,PID回路参数智能整定流程（含有效性检测与震荡判断）,PID回路参数智能整定流程（含有效性检测与震荡判断）,PID回路参数智能整定流程（含有效性检测与震荡判断）,PID回路参数智能整定流程（含有效性检测与震荡判断）,PID回路参数智能整定流程（含有效性检测与震荡判断）,PID回路参数智能整定流程（含有效性检测与震荡判断）,PID回路参数智能整定流程（含有效性检测与震荡判断）,PID回路参数智能整定流程（含有效性检测与震荡判断）,PID回路参数智能整定流程（含有效性检测与震荡判断）,PID回路参数智能整定流程（含有效性检测与震荡判断）
statistic_ds.csv,1,statistics,PID回路参数智能整定流程（含有效性检测与震荡判断）,整定反应釜温度,场景与功能全覆盖,直接复用语料,2001/1/3,18,9,9,PID回路参数智能整定流程（含有效性检测与震荡判断）,PID回路参数智能整定流程（含有效性检测与震荡判断）,PID回路参数智能整定流程（含有效性检测与震荡判断）,PID回路参数智能整定流程（含有效性检测与震荡判断）,PID回路参数智能整定流程（含有效性检测与震荡判断）,PID回路参数智能整定流程（含有效性检测与震荡判断）,PID回路参数智能整定流程（含有效性检测与震荡判断）,PID回路参数智能整定流程（含有效性检测与震荡判断）,PID回路参数智能整定流程（含有效性检测与震荡判断）,PID回路参数智能整定流程（含有效性检测与震荡判断）,PID回路参数智能整定流程（含有效性检测与震荡判断）,PID回路参数智能整定流程（含有效性检测与震荡判断）,PID回路参数智能整定流程（含有效性检测与震荡判断）,PID回路参数智能整定流程（含有效性检测与震荡判断）,PID回路参数智能整定流程（含有效性检测与震荡判断）,PID回路参数智能整定流程（含有效性检测与震荡判断）,PID回路参数智能整定流程（含有效性检测与震荡判断）,PID回路参数智能整定流程（含有效性检测与震荡判断）
statistic_ds.csv,1,statistics,PID回路参数智能整定流程（含有效性检测与震荡判断）,帮我整定下AAA,场景与功能全覆盖,直接复用语料,2001/1/4,18,9,9,PID回路参数智能整定流程（含有效性检测与震荡判断）,PID回路参数智能整定流程（含有效性检测与震荡判断）,PID回路参数智能整定流程（含有效性检测与震荡判断）,PID回路参数智能整定流程（含有效性检测与震荡判断）,PID回路参数智能整定流程（含有效性检测与震荡判断）,PID回路参数智能整定流程（含有效性检测与震荡判断）,PID回路参数智能整定流程（含有效性检测与震荡判断）,PID回路参数智能整定流程（含有效性检测与震荡判断）,PID回路参数智能整定流程（含有效性检测与震荡判断）,PID回路参数智能整定流程（含有效性检测与震荡判断）,PID回路参数智能整定流程（含有效性检测与震荡判断）,PID回路参数智能整定流程（含有效性检测与震荡判断）,PID回路参数智能整定流程（含有效性检测与震荡判断）,PID回路参数智能整定流程（含有效性检测与震荡判断）,PID回路参数智能整定流程（含有效性检测与震荡判断）,PID回路参数智能整定流程（含有效性检测与震荡判断）,PID回路参数智能整定流程（含有效性检测与震荡判断）,PID回路参数智能整定流程（含有效性检测与震荡判断）
statistic_ds.csv,1,statistics,PID回路参数智能整定流程（含有效性检测与震荡判断）,帮我整定下PIDTEST131_4_copy1,场景与功能全覆盖,直接复用语料,2001/1/5,18,9,9,PID回路参数智能整定流程（含有效性检测与震荡判断）,PID回路参数智能整定流程（含有效性检测与震荡判断）,PID回路参数智能整定流程（含有效性检测与震荡判断）,PID回路参数智能整定流程（含有效性检测与震荡判断）,PID回路参数智能整定流程（含有效性检测与震荡判断）,PID回路参数智能整定流程（含有效性检测与震荡判断）,PID回路参数智能整定流程（含有效性检测与震荡判断）,PID回路参数智能整定流程（含有效性检测与震荡判断）,PID回路参数智能整定流程（含有效性检测与震荡判断）,PID回路参数智能整定流程（含有效性检测与震荡判断）,PID回路参数智能整定流程（含有效性检测与震荡判断）,PID回路参数智能整定流程（含有效性检测与震荡判断）,PID回路参数智能整定流程（含有效性检测与震荡判断）,PID回路参数智能整定流程（含有效性检测与震荡判断）,PID回路参数智能整定流程（含有效性检测与震荡判断）,PID回路参数智能整定流程（含有效性检测与震荡判断）,PID回路参数智能整定流程（含有效性检测与震荡判断）,PID回路参数智能整定流程（含有效性检测与震荡判断）
statistic_ds.csv,1,statistics,PID回路参数智能整定流程（含有效性检测与震荡判断）,请对FIC1001回路执行PID参数整定，含有效性检测与震荡判断,输入表述形态多样性,专业规范表述,2001/2/1,18,9,9,PID回路参数智能整定流程（含有效性检测与震荡判断）,PID回路参数智能整定流程（含有效性检测与震荡判断）,PID回路参数智能整定流程（含有效性检测与震荡判断）,PID回路参数智能整定流程（含有效性检测与震荡判断）,PID回路参数智能整定流程（含有效性检测与震荡判断）,PID回路参数智能整定流程（含有效性检测与震荡判断）,PID回路参数智能整定流程（含有效性检测与震荡判断）,PID回路参数智能整定流程（含有效性检测与震荡判断）,PID回路参数智能整定流程（含有效性检测与震荡判断）,PID回路参数智能整定流程（含有效性检测与震荡判断）,PID回路参数智能整定流程（含有效性检测与震荡判断）,PID回路参数智能整定流程（含有效性检测与震荡判断）,PID回路参数智能整定流程（含有效性检测与震荡判断）,PID回路参数智能整定流程（含有效性检测与震荡判断）,PID回路参数智能整定流程（含有效性检测与震荡判断）,PID回路参数智能整定流程（含有效性检测与震荡判断）,PID回路参数智能整定流程（含有效性检测与震荡判断）,PID回路参数智能整定流程（含有效性检测与震荡判断）
statistic_ds.csv,1,statistics,PID回路参数智能整定流程（含有效性检测与震荡判断）,需完成523FIC_0009回路PID参数整定，同步执行数据有效性检测,输入表述形态多样性,专业规范表述,2001/2/2,18,9,9,PID回路参数智能整定流程（含有效性检测与震荡判断）,PID回路参数智能整定流程（含有效性检测与震荡判断）,PID回路参数智能整定流程（含有效性检测与震荡判断）,PID回路参数智能整定流程（含有效性检测与震荡判断）,PID回路参数智能整定流程（含有效性检测与震荡判断）,PID回路参数智能整定流程（含有效性检测与震荡判断）,PID回路参数智能整定流程（含有效性检测与震荡判断）,PID回路参数智能整定流程（含有效性检测与震荡判断）,PID回路参数智能整定流程（含有效性检测与震荡判断）,PID回路参数智能整定流程（含有效性检测与震荡判断）,PID回路参数智能整定流程（含有效性检测与震荡判断）,PID回路参数智能整定流程（含有效性检测与震荡判断）,PID回路参数智能整定流程（含有效性检测与震荡判断）,PID回路参数智能整定流程（含有效性检测与震荡判断）,PID回路参数智能整定流程（含有效性检测与震荡判断）,PID回路参数智能整定流程（含有效性检测与震荡判断）,PID回路参数智能整定流程（含有效性检测与震荡判断）,PID回路参数智能整定流程（含有效性检测与震荡判断）
statistic_ds.csv,1,statistics,PID回路参数智能整定流程（含有效性检测与震荡判断）,反应釜温度控制回路PID参数整定，需包含震荡状态判断,输入表述形态多样性,专业规范表述,2001/2/3,0,0,0,,,,,,,,,,,,,,,,,,
statistic_ds.csv,1,statistics,PID回路参数智能整定流程（含有效性检测与震荡判断）,执行AAA回路PID参数整定操作，附带数据有效性检测流程,输入表述形态多样性,专业规范表述,2001/2/4,18,9,9,PID回路参数智能整定流程（含有效性检测与震荡判断）,PID回路参数智能整定流程（含有效性检测与震荡判断）,PID回路参数智能整定流程（含有效性检测与震荡判断）,PID回路参数智能整定流程（含有效性检测与震荡判断）,PID回路参数智能整定流程（含有效性检测与震荡判断）,PID回路参数智能整定流程（含有效性检测与震荡判断）,PID回路参数智能整定流程（含有效性检测与震荡判断）,PID回路参数智能整定流程（含有效性检测与震荡判断）,PID回路参数智能整定流程（含有效性检测与震荡判断）,PID回路参数智能整定流程（含有效性检测与震荡判断）,PID回路参数智能整定流程（含有效性检测与震荡判断）,PID回路参数智能整定流程（含有效性检测与震荡判断）,PID回路参数智能整定流程（含有效性检测与震荡判断）,PID回路参数智能整定流程（含有效性检测与震荡判断）,PID回路参数智能整定流程（含有效性检测与震荡判断）,PID回路参数智能整定流程（含有效性检测与震荡判断）,PID回路参数智能整定流程（含有效性检测与震荡判断）,PID回路参数智能整定流程（含有效性检测与震荡判断）
statistic_ds.csv,1,statistics,PID回路参数智能整定流程（含有效性检测与震荡判断）,PIDTEST131_4_copy1回路PID参数整定及有效性验证,输入表述形态多样性,专业规范表述,2001/2/5,18,9,9,PID回路参数智能整定流程（含有效性检测与震荡判断）,PID回路参数智能整定流程（含有效性检测与震荡判断）,PID回路参数智能整定流程（含有效性检测与震荡判断）,PID回路参数智能整定流程（含有效性检测与震荡判断）,PID回路参数智能整定流程（含有效性检测与震荡判断）,PID回路参数智能整定流程（含有效性检测与震荡判断）,PID回路参数智能整定流程（含有效性检测与震荡判断）,PID回路参数智能整定流程（含有效性检测与震荡判断）,PID回路参数智能整定流程（含有效性检测与震荡判断）,PID回路参数智能整定流程（含有效性检测与震荡判断）,PID回路参数智能整定流程（含有效性检测与震荡判断）,PID回路参数智能整定流程（含有效性检测与震荡判断）,PID回路参数智能整定流程（含有效性检测与震荡判断）,PID回路参数智能整定流程（含有效性检测与震荡判断）,PID回路参数智能整定流程（含有效性检测与震荡判断）,PID回路参数智能整定流程（含有效性检测与震荡判断）,PID回路参数智能整定流程（含有效性检测与震荡判断）,PID回路参数智能整定流程（含有效性检测与震荡判断）
statistic_ds.csv,1,statistics,PID回路参数智能整定流程（含有效性检测与震荡判断）,FIC1001帮调下PID，看看数据准不准、晃不晃,输入表述形态多样性,口语化简化表述,2001/3/1,18,9,9,PID回路参数智能整定流程（含有效性检测与震荡判断）,PID回路参数智能整定流程（含有效性检测与震荡判断）,PID回路参数智能整定流程（含有效性检测与震荡判断）,PID回路参数智能整定流程（含有效性检测与震荡判断）,PID回路参数智能整定流程（含有效性检测与震荡判断）,PID回路参数智能整定流程（含有效性检测与震荡判断）,PID回路参数智能整定流程（含有效性检测与震荡判断）,PID回路参数智能整定流程（含有效性检测与震荡判断）,PID回路参数智能整定流程（含有效性检测与震荡判断）,PID回路参数智能整定流程（含有效性检测与震荡判断）,PID回路参数智能整定流程（含有效性检测与震荡判断）,PID回路参数智能整定流程（含有效性检测与震荡判断）,PID回路参数智能整定流程（含有效性检测与震荡判断）,PID回路参数智能整定流程（含有效性检测与震荡判断）,PID回路参数智能整定流程（含有效性检测与震荡判断）,PID回路参数智能整定流程（含有效性检测与震荡判断）,PID回路参数智能整定流程（含有效性检测与震荡判断）,PID回路参数智能整定流程（含有效性检测与震荡判断）
statistic_ds.csv,1,statistics,PID回路参数智能整定流程（含有效性检测与震荡判断）,523FIC_0009整下PID，查下数据有效不、震不震,输入表述形态多样性,口语化简化表述,2001/3/2,18,9,9,PID回路参数智能整定流程（含有效性检测与震荡判断）,PID回路参数智能整定流程（含有效性检测与震荡判断）,PID回路参数智能整定流程（含有效性检测与震荡判断）,PID回路参数智能整定流程（含有效性检测与震荡判断）,PID回路参数智能整定流程（含有效性检测与震荡判断）,PID回路参数智能整定流程（含有效性检测与震荡判断）,PID回路参数智能整定流程（含有效性检测与震荡判断）,PID回路参数智能整定流程（含有效性检测与震荡判断）,PID回路参数智能整定流程（含有效性检测与震荡判断）,PID回路参数智能整定流程（含有效性检测与震荡判断）,PID回路参数智能整定流程（含有效性检测与震荡判断）,PID回路参数智能整定流程（含有效性检测与震荡判断）,PID回路参数智能整定流程（含有效性检测与震荡判断）,PID回路参数智能整定流程（含有效性检测与震荡判断）,PID回路参数智能整定流程（含有效性检测与震荡判断）,PID回路参数智能整定流程（含有效性检测与震荡判断）,PID回路参数智能整定流程（含有效性检测与震荡判断）,PID回路参数智能整定流程（含有效性检测与震荡判断）
statistic_ds.csv,1,statistics,PID回路参数智能整定流程（含有效性检测与震荡判断）,反应釜温度调下PID，快整,输入表述形态多样性,口语化简化表述,2001/3/3,18,9,9,PID回路参数智能整定流程（含有效性检测与震荡判断）,PID回路参数智能整定流程（含有效性检测与震荡判断）,PID回路参数智能整定流程（含有效性检测与震荡判断）,PID回路参数智能整定流程（含有效性检测与震荡判断）,PID回路参数智能整定流程（含有效性检测与震荡判断）,PID回路参数智能整定流程（含有效性检测与震荡判断）,PID回路参数智能整定流程（含有效性检测与震荡判断）,PID回路参数智能整定流程（含有效性检测与震荡判断）,PID回路参数智能整定流程（含有效性检测与震荡判断）,PID回路参数智能整定流程（含有效性检测与震荡判断）,PID回路参数智能整定流程（含有效性检测与震荡判断）,PID回路参数智能整定流程（含有效性检测与震荡判断）,PID回路参数智能整定流程（含有效性检测与震荡判断）,PID回路参数智能整定流程（含有效性检测与震荡判断）,PID回路参数智能整定流程（含有效性检测与震荡判断）,PID回路参数智能整定流程（含有效性检测与震荡判断）,PID回路参数智能整定流程（含有效性检测与震荡判断）,PID回路参数智能整定流程（含有效性检测与震荡判断）
statistic_ds.csv,1,statistics,PID回路参数智能整定流程（含有效性检测与震荡判断）,AAA回路PID帮忙弄一下，数据和震荡也看看,输入表述形态多样性,口语化简化表述,2001/3/4,11,9,2,PID回路参数智能整定流程（含有效性检测与震荡判断）,PID回路参数智能整定流程（含有效性检测与震荡判断）,PID回路参数智能整定流程（含有效性检测与震荡判断）,PID回路参数智能整定流程（含有效性检测与震荡判断）,PID回路参数智能整定流程（含有效性检测与震荡判断）,PID回路参数智能整定流程（含有效性检测与震荡判断）,PID回路参数智能整定流程（含有效性检测与震荡判断）,PID回路参数智能整定流程（含有效性检测与震荡判断）,PID回路参数智能整定流程（含有效性检测与震荡判断）,,,,,PID回路参数智能整定流程（含有效性检测与震荡判断）,,,PID回路参数智能整定流程（含有效性检测与震荡判断）,
statistic_ds.csv,1,statistics,PID回路参数智能整定流程（含有效性检测与震荡判断）,PIDTEST131_4_copy1整定下PID，检测有效性,输入表述形态多样性,口语化简化表述,2001/3/5,18,9,9,PID回路参数智能整定流程（含有效性检测与震荡判断）,PID回路参数智能整定流程（含有效性检测与震荡判断）,PID回路参数智能整定流程（含有效性检测与震荡判断）,PID回路参数智能整定流程（含有效性检测与震荡判断）,PID回路参数智能整定流程（含有效性检测与震荡判断）,PID回路参数智能整定流程（含有效性检测与震荡判断）,PID回路参数智能整定流程（含有效性检测与震荡判断）,PID回路参数智能整定流程（含有效性检测与震荡判断）,PID回路参数智能整定流程（含有效性检测与震荡判断）,PID回路参数智能整定流程（含有效性检测与震荡判断）,PID回路参数智能整定流程（含有效性检测与震荡判断）,PID回路参数智能整定流程（含有效性检测与震荡判断）,PID回路参数智能整定流程（含有效性检测与震荡判断）,PID回路参数智能整定流程（含有效性检测与震荡判断）,PID回路参数智能整定流程（含有效性检测与震荡判断）,PID回路参数智能整定流程（含有效性检测与震荡判断）,PID回路参数智能整定流程（含有效性检测与震荡判断）,PID回路参数智能整定流程（含有效性检测与震荡判断）
statistic_ds.csv,1,statistics,PID回路参数智能整定流程（含有效性检测与震荡判断）,帮我查询FIC1001的PID参数（非整定）,意图边界与歧义性,相似意图区分,2001/4/1,0,0,0,PID回路参数查询与基础信息维护流程,PID回路参数查询与基础信息维护流程,PID回路参数查询与基础信息维护流程,PID回路参数查询与基础信息维护流程,PID回路参数查询与基础信息维护流程,PID回路参数查询与基础信息维护流程,PID回路参数查询与基础信息维护流程,PID回路参数查询与基础信息维护流程,PID回路参数查询与基础信息维护流程,PID回路参数查询与基础信息维护流程,PID回路参数查询与基础信息维护流程,PID回路参数查询与基础信息维护流程,PID回路参数查询与基础信息维护流程,PID回路参数查询与基础信息维护流程,PID回路参数查询与基础信息维护流程,PID回路参数查询与基础信息维护流程,PID回路参数查询与基础信息维护流程,PID回路参数查询与基础信息维护流程
statistic_ds.csv,1,statistics,PID回路参数智能整定流程（含有效性检测与震荡判断）,帮我整定下FIC1001的PID参数（核心意图）,意图边界与歧义性,相似意图区分,2001/4/2,18,9,9,PID回路参数智能整定流程（含有效性检测与震荡判断）,PID回路参数智能整定流程（含有效性检测与震荡判断）,PID回路参数智能整定流程（含有效性检测与震荡判断）,PID回路参数智能整定流程（含有效性检测与震荡判断）,PID回路参数智能整定流程（含有效性检测与震荡判断）,PID回路参数智能整定流程（含有效性检测与震荡判断）,PID回路参数智能整定流程（含有效性检测与震荡判断）,PID回路参数智能整定流程（含有效性检测与震荡判断）,PID回路参数智能整定流程（含有效性检测与震荡判断）,PID回路参数智能整定流程（含有效性检测与震荡判断）,PID回路参数智能整定流程（含有效性检测与震荡判断）,PID回路参数智能整定流程（含有效性检测与震荡判断）,PID回路参数智能整定流程（含有效性检测与震荡判断）,PID回路参数智能整定流程（含有效性检测与震荡判断）,PID回路参数智能整定流程（含有效性检测与震荡判断）,PID回路参数智能整定流程（含有效性检测与震荡判断）,PID回路参数智能整定流程（含有效性检测与震荡判断）,PID回路参数智能整定流程（含有效性检测与震荡判断）
statistic_ds.csv,1,statistics,PID回路参数智能整定流程（含有效性检测与震荡判断）,帮我备份FIC1001的PID参数（非整定）,意图边界与歧义性,相似意图区分,2001/4/3,0,0,0,PID回路参数查询与基础信息维护流程,PID回路参数查询与基础信息维护流程,PID回路参数查询与基础信息维护流程,PID回路参数查询与基础信息维护流程,PID回路参数查询与基础信息维护流程,PID回路参数查询与基础信息维护流程,PID回路参数查询与基础信息维护流程,PID回路参数查询与基础信息维护流程,PID回路参数查询与基础信息维护流程,PID回路参数查询与基础信息维护流程,PID回路参数查询与基础信息维护流程,PID回路参数查询与基础信息维护流程,PID回路参数查询与基础信息维护流程,PID回路参数查询与基础信息维护流程,PID回路参数查询与基础信息维护流程,PID回路参数查询与基础信息维护流程,PID回路参数查询与基础信息维护流程,PID回路参数查询与基础信息维护流程
statistic_ds.csv,1,statistics,PID回路参数智能整定流程（含有效性检测与震荡判断）,帮我恢复FIC1001的PID参数（非整定）,意图边界与歧义性,相似意图区分,2001/4/4,0,0,0,PID回路参数查询与基础信息维护流程,PID回路参数查询与基础信息维护流程,PID回路参数查询与基础信息维护流程,PID回路参数查询与基础信息维护流程,PID回路参数查询与基础信息维护流程,PID回路参数查询与基础信息维护流程,PID回路参数查询与基础信息维护流程,PID回路参数查询与基础信息维护流程,PID回路参数查询与基础信息维护流程,PID回路参数查询与基础信息维护流程,PID回路参数查询与基础信息维护流程,PID回路参数查询与基础信息维护流程,PID回路参数查询与基础信息维护流程,PID回路参数查询与基础信息维护流程,PID回路参数查询与基础信息维护流程,PID回路参数查询与基础信息维护流程,PID回路参数查询与基础信息维护流程,PID回路参数查询与基础信息维护流程
statistic_ds.csv,1,statistics,PID回路参数智能整定流程（含有效性检测与震荡判断）,帮我整定下FIC1001的报警阈值（非PID整定）,意图边界与歧义性,相似意图区分,2001/4/5,0,0,0,PID回路性能评估与异常诊断流程,PID回路性能评估与异常诊断流程,PID回路性能评估与异常诊断流程,PID回路性能评估与异常诊断流程,PID回路性能评估与异常诊断流程,PID回路性能评估与异常诊断流程,PID回路性能评估与异常诊断流程,PID回路性能评估与异常诊断流程,PID回路性能评估与异常诊断流程,PID回路参数查询与基础信息维护流程,PID回路参数查询与基础信息维护流程,PID回路参数查询与基础信息维护流程,PID回路参数查询与基础信息维护流程,PID回路参数查询与基础信息维护流程,PID回路参数查询与基础信息维护流程,PID回路参数查询与基础信息维护流程,PID回路参数查询与基础信息维护流程,PID回路参数查询与基础信息维护流程
statistic_ds.csv,1,statistics,PID回路参数智能整定流程（含有效性检测与震荡判断）,现在是上午10点，天气晴，设备整体正常，就是帮我整定下FIC1001,干扰因素与鲁棒性,冗余信息叠加,2001/5/1,18,9,9,PID回路参数智能整定流程（含有效性检测与震荡判断）,PID回路参数智能整定流程（含有效性检测与震荡判断）,PID回路参数智能整定流程（含有效性检测与震荡判断）,PID回路参数智能整定流程（含有效性检测与震荡判断）,PID回路参数智能整定流程（含有效性检测与震荡判断）,PID回路参数智能整定流程（含有效性检测与震荡判断）,PID回路参数智能整定流程（含有效性检测与震荡判断）,PID回路参数智能整定流程（含有效性检测与震荡判断）,PID回路参数智能整定流程（含有效性检测与震荡判断）,PID回路参数智能整定流程（含有效性检测与震荡判断）,PID回路参数智能整定流程（含有效性检测与震荡判断）,PID回路参数智能整定流程（含有效性检测与震荡判断）,PID回路参数智能整定流程（含有效性检测与震荡判断）,PID回路参数智能整定流程（含有效性检测与震荡判断）,PID回路参数智能整定流程（含有效性检测与震荡判断）,PID回路参数智能整定流程（含有效性检测与震荡判断）,PID回路参数智能整定流程（含有效性检测与震荡判断）,PID回路参数智能整定流程（含有效性检测与震荡判断）
statistic_ds.csv,1,statistics,PID回路参数智能整定流程（含有效性检测与震荡判断）,昨天刚检修完管线，今天帮我整定下523FIC_0009，其他回路不用管,干扰因素与鲁棒性,冗余信息叠加,2001/5/2,18,9,9,PID回路参数智能整定流程（含有效性检测与震荡判断）,PID回路参数智能整定流程（含有效性检测与震荡判断）,PID回路参数智能整定流程（含有效性检测与震荡判断）,PID回路参数智能整定流程（含有效性检测与震荡判断）,PID回路参数智能整定流程（含有效性检测与震荡判断）,PID回路参数智能整定流程（含有效性检测与震荡判断）,PID回路参数智能整定流程（含有效性检测与震荡判断）,PID回路参数智能整定流程（含有效性检测与震荡判断）,PID回路参数智能整定流程（含有效性检测与震荡判断）,PID回路参数智能整定流程（含有效性检测与震荡判断）,PID回路参数智能整定流程（含有效性检测与震荡判断）,PID回路参数智能整定流程（含有效性检测与震荡判断）,PID回路参数智能整定流程（含有效性检测与震荡判断）,PID回路参数智能整定流程（含有效性检测与震荡判断）,PID回路参数智能整定流程（含有效性检测与震荡判断）,PID回路参数智能整定流程（含有效性检测与震荡判断）,PID回路参数智能整定流程（含有效性检测与震荡判断）,PID回路参数智能整定流程（含有效性检测与震荡判断）
statistic_ds.csv,1,statistics,PID回路参数智能整定流程（含有效性检测与震荡判断）,反应釜温度有点高，不过主要是帮我整定下PID参数，不用调温度设定,干扰因素与鲁棒性,冗余信息叠加,2001/5/3,18,9,9,PID回路参数智能整定流程（含有效性检测与震荡判断）,PID回路参数智能整定流程（含有效性检测与震荡判断）,PID回路参数智能整定流程（含有效性检测与震荡判断）,PID回路参数智能整定流程（含有效性检测与震荡判断）,PID回路参数智能整定流程（含有效性检测与震荡判断）,PID回路参数智能整定流程（含有效性检测与震荡判断）,PID回路参数智能整定流程（含有效性检测与震荡判断）,PID回路参数智能整定流程（含有效性检测与震荡判断）,PID回路参数智能整定流程（含有效性检测与震荡判断）,PID回路参数智能整定流程（含有效性检测与震荡判断）,PID回路参数智能整定流程（含有效性检测与震荡判断）,PID回路参数智能整定流程（含有效性检测与震荡判断）,PID回路参数智能整定流程（含有效性检测与震荡判断）,PID回路参数智能整定流程（含有效性检测与震荡判断）,PID回路参数智能整定流程（含有效性检测与震荡判断）,PID回路参数智能整定流程（含有效性检测与震荡判断）,PID回路参数智能整定流程（含有效性检测与震荡判断）,PID回路参数智能整定流程（含有效性检测与震荡判断）
statistic_ds.csv,1,statistics,PID回路参数智能整定流程（含有效性检测与震荡判断）,操作员刚换班，交接时说要帮我整定下AAA，其他没什么问题,干扰因素与鲁棒性,冗余信息叠加,2001/5/4,18,9,9,PID回路参数智能整定流程（含有效性检测与震荡判断）,PID回路参数智能整定流程（含有效性检测与震荡判断）,PID回路参数智能整定流程（含有效性检测与震荡判断）,PID回路参数智能整定流程（含有效性检测与震荡判断）,PID回路参数智能整定流程（含有效性检测与震荡判断）,PID回路参数智能整定流程（含有效性检测与震荡判断）,PID回路参数智能整定流程（含有效性检测与震荡判断）,PID回路参数智能整定流程（含有效性检测与震荡判断）,PID回路参数智能整定流程（含有效性检测与震荡判断）,PID回路参数智能整定流程（含有效性检测与震荡判断）,PID回路参数智能整定流程（含有效性检测与震荡判断）,PID回路参数智能整定流程（含有效性检测与震荡判断）,PID回路参数智能整定流程（含有效性检测与震荡判断）,PID回路参数智能整定流程（含有效性检测与震荡判断）,PID回路参数智能整定流程（含有效性检测与震荡判断）,PID回路参数智能整定流程（含有效性检测与震荡判断）,PID回路参数智能整定流程（含有效性检测与震荡判断）,PID回路参数智能整定流程（含有效性检测与震荡判断）
statistic_ds.csv,1,statistics,PID回路参数智能整定流程（含有效性检测与震荡判断）,车间有点吵，不影响操作，帮我整定下PIDTEST131_4_copy1的PID参数,干扰因素与鲁棒性,冗余信息叠加,2001/5/5,18,9,9,PID回路参数智能整定流程（含有效性检测与震荡判断）,PID回路参数智能整定流程（含有效性检测与震荡判断）,PID回路参数智能整定流程（含有效性检测与震荡判断）,PID回路参数智能整定流程（含有效性检测与震荡判断）,PID回路参数智能整定流程（含有效性检测与震荡判断）,PID回路参数智能整定流程（含有效性检测与震荡判断）,PID回路参数智能整定流程（含有效性检测与震荡判断）,PID回路参数智能整定流程（含有效性检测与震荡判断）,PID回路参数智能整定流程（含有效性检测与震荡判断）,PID回路参数智能整定流程（含有效性检测与震荡判断）,PID回路参数智能整定流程（含有效性检测与震荡判断）,PID回路参数智能整定流程（含有效性检测与震荡判断）,PID回路参数智能整定流程（含有效性检测与震荡判断）,PID回路参数智能整定流程（含有效性检测与震荡判断）,PID回路参数智能整定流程（含有效性检测与震荡判断）,PID回路参数智能整定流程（含有效性检测与震荡判断）,PID回路参数智能整定流程（含有效性检测与震荡判断）,PID回路参数智能整定流程（含有效性检测与震荡判断）
statistic_ds.csv,1,statistics,PID回路参数智能整定流程（含有效性检测与震荡判断）,装置开车阶段，帮我整定下FIC1001的PID参数,实际工况适配性,全工况场景,2001/6/1,0,0,0,装置开车PID参数批量预设流程,装置开车PID参数批量预设流程,装置开车PID参数批量预设流程,装置开车PID参数批量预设流程,装置开车PID参数批量预设流程,装置开车PID参数批量预设流程,装置开车PID参数批量预设流程,装置开车PID参数批量预设流程,装置开车PID参数批量预设流程,装置开车PID参数批量预设流程,装置开车PID参数批量预设流程,装置开车PID参数批量预设流程,装置开车PID参数批量预设流程,装置开车PID参数批量预设流程,装置开车PID参数批量预设流程,装置开车PID参数批量预设流程,装置开车PID参数批量预设流程,装置开车PID参数批量预设流程
statistic_ds.csv,1,statistics,PID回路参数智能整定流程（含有效性检测与震荡判断）,稳态运行时，523FIC_0009波动增大，整定下PID,实际工况适配性,全工况场景,2001/6/2,18,9,9,PID回路参数智能整定流程（含有效性检测与震荡判断）,PID回路参数智能整定流程（含有效性检测与震荡判断）,PID回路参数智能整定流程（含有效性检测与震荡判断）,PID回路参数智能整定流程（含有效性检测与震荡判断）,PID回路参数智能整定流程（含有效性检测与震荡判断）,PID回路参数智能整定流程（含有效性检测与震荡判断）,PID回路参数智能整定流程（含有效性检测与震荡判断）,PID回路参数智能整定流程（含有效性检测与震荡判断）,PID回路参数智能整定流程（含有效性检测与震荡判断）,PID回路参数智能整定流程（含有效性检测与震荡判断）,PID回路参数智能整定流程（含有效性检测与震荡判断）,PID回路参数智能整定流程（含有效性检测与震荡判断）,PID回路参数智能整定流程（含有效性检测与震荡判断）,PID回路参数智能整定流程（含有效性检测与震荡判断）,PID回路参数智能整定流程（含有效性检测与震荡判断）,PID回路参数智能整定流程（含有效性检测与震荡判断）,PID回路参数智能整定流程（含有效性检测与震荡判断）,PID回路参数智能整定流程（含有效性检测与震荡判断）
statistic_ds.csv,1,statistics,PID回路参数智能整定流程（含有效性检测与震荡判断）,反应釜故障恢复后，需重新整定温度PID参数,实际工况适配性,全工况场景,2001/6/3,18,9,9,PID回路参数智能整定流程（含有效性检测与震荡判断）,PID回路参数智能整定流程（含有效性检测与震荡判断）,PID回路参数智能整定流程（含有效性检测与震荡判断）,PID回路参数智能整定流程（含有效性检测与震荡判断）,PID回路参数智能整定流程（含有效性检测与震荡判断）,PID回路参数智能整定流程（含有效性检测与震荡判断）,PID回路参数智能整定流程（含有效性检测与震荡判断）,PID回路参数智能整定流程（含有效性检测与震荡判断）,PID回路参数智能整定流程（含有效性检测与震荡判断）,PID回路参数智能整定流程（含有效性检测与震荡判断）,PID回路参数智能整定流程（含有效性检测与震荡判断）,PID回路参数智能整定流程（含有效性检测与震荡判断）,PID回路参数智能整定流程（含有效性检测与震荡判断）,PID回路参数智能整定流程（含有效性检测与震荡判断）,PID回路参数智能整定流程（含有效性检测与震荡判断）,PID回路参数智能整定流程（含有效性检测与震荡判断）,PID回路参数智能整定流程（含有效性检测与震荡判断）,PID回路参数智能整定流程（含有效性检测与震荡判断）
statistic_ds.csv,1,statistics,PID回路参数智能整定流程（含有效性检测与震荡判断）,H2S浓度疑似超标，紧急整定下AAA回路PID参数,实际工况适配性,全工况场景,2001/6/4,18,9,9,PID回路参数智能整定流程（含有效性检测与震荡判断）,PID回路参数智能整定流程（含有效性检测与震荡判断）,PID回路参数智能整定流程（含有效性检测与震荡判断）,PID回路参数智能整定流程（含有效性检测与震荡判断）,PID回路参数智能整定流程（含有效性检测与震荡判断）,PID回路参数智能整定流程（含有效性检测与震荡判断）,PID回路参数智能整定流程（含有效性检测与震荡判断）,PID回路参数智能整定流程（含有效性检测与震荡判断）,PID回路参数智能整定流程（含有效性检测与震荡判断）,PID回路参数智能整定流程（含有效性检测与震荡判断）,PID回路参数智能整定流程（含有效性检测与震荡判断）,PID回路参数智能整定流程（含有效性检测与震荡判断）,PID回路参数智能整定流程（含有效性检测与震荡判断）,PID回路参数智能整定流程（含有效性检测与震荡判断）,PID回路参数智能整定流程（含有效性检测与震荡判断）,PID回路参数智能整定流程（含有效性检测与震荡判断）,PID回路参数智能整定流程（含有效性检测与震荡判断）,PID回路参数智能整定流程（含有效性检测与震荡判断）
statistic_ds.csv,1,statistics,PID回路参数智能整定流程（含有效性检测与震荡判断）,装置停车前，帮我整定下PIDTEST131_4_copy1的PID参数备用,实际工况适配性,全工况场景,2001/6/5,0,0,0,,,,,,,,,,,,,,,,,,
statistic_ds.csv,2,statistics,装置回路信息查询流程,查看氯碱装置的回路详细信息,场景与功能全覆盖,直接复用语料,2002/1/1,18,9,9,装置回路信息查询流程,装置回路信息查询流程,装置回路信息查询流程,装置回路信息查询流程,装置回路信息查询流程,装置回路信息查询流程,装置回路信息查询流程,装置回路信息查询流程,装置回路信息查询流程,装置回路信息查询流程,装置回路信息查询流程,装置回路信息查询流程,装置回路信息查询流程,装置回路信息查询流程,装置回路信息查询流程,装置回路信息查询流程,装置回路信息查询流程,装置回路信息查询流程
statistic_ds.csv,2,statistics,装置回路信息查询流程,查看乙烯装置一部的回路详细信息,场景与功能全覆盖,直接复用语料,2002/1/2,18,9,9,装置回路信息查询流程,装置回路信息查询流程,装置回路信息查询流程,装置回路信息查询流程,装置回路信息查询流程,装置回路信息查询流程,装置回路信息查询流程,装置回路信息查询流程,装置回路信息查询流程,装置回路信息查询流程,装置回路信息查询流程,装置回路信息查询流程,装置回路信息查询流程,装置回路信息查询流程,装置回路信息查询流程,装置回路信息查询流程,装置回路信息查询流程,装置回路信息查询流程
statistic_ds.csv,2,statistics,装置回路信息查询流程,查看乙烯装置二部的回路详细信息,场景与功能全覆盖,直接复用语料,2002/1/3,18,9,9,装置回路信息查询流程,装置回路信息查询流程,装置回路信息查询流程,装置回路信息查询流程,装置回路信息查询流程,装置回路信息查询流程,装置回路信息查询流程,装置回路信息查询流程,装置回路信息查询流程,装置回路信息查询流程,装置回路信息查询流程,装置回路信息查询流程,装置回路信息查询流程,装置回路信息查询流程,装置回路信息查询流程,装置回路信息查询流程,装置回路信息查询流程,装置回路信息查询流程
statistic_ds.csv,2,statistics,装置回路信息查询流程,查看氯碱装置的回路详细信息,场景与功能全覆盖,直接复用语料,2002/1/4,18,9,9,装置回路信息查询流程,装置回路信息查询流程,装置回路信息查询流程,装置回路信息查询流程,装置回路信息查询流程,装置回路信息查询流程,装置回路信息查询流程,装置回路信息查询流程,装置回路信息查询流程,装置回路信息查询流程,装置回路信息查询流程,装置回路信息查询流程,装置回路信息查询流程,装置回路信息查询流程,装置回路信息查询流程,装置回路信息查询流程,装置回路信息查询流程,装置回路信息查询流程
statistic_ds.csv,2,statistics,装置回路信息查询流程,查看乙烯装置一部的回路详细信息,场景与功能全覆盖,直接复用语料,2002/1/5,18,9,9,装置回路信息查询流程,装置回路信息查询流程,装置回路信息查询流程,装置回路信息查询流程,装置回路信息查询流程,装置回路信息查询流程,装置回路信息查询流程,装置回路信息查询流程,装置回路信息查询流程,装置回路信息查询流程,装置回路信息查询流程,装置回路信息查询流程,装置回路信息查询流程,装置回路信息查询流程,装置回路信息查询流程,装置回路信息查询流程,装置回路信息查询流程,装置回路信息查询流程
statistic_ds.csv,2,statistics,装置回路信息查询流程,请输出氯碱装置所有控制回路的详细信息报表,输入表述形态多样性,专业规范表述,2002/2/1,18,9,9,装置回路信息查询流程,装置回路信息查询流程,装置回路信息查询流程,装置回路信息查询流程,装置回路信息查询流程,装置回路信息查询流程,装置回路信息查询流程,装置回路信息查询流程,装置回路信息查询流程,装置回路信息查询流程,装置回路信息查询流程,装置回路信息查询流程,装置回路信息查询流程,装置回路信息查询流程,装置回路信息查询流程,装置回路信息查询流程,装置回路信息查询流程,装置回路信息查询流程
statistic_ds.csv,2,statistics,装置回路信息查询流程,需获取乙烯装置一部回路的完整参数及运行状态信息,输入表述形态多样性,专业规范表述,2002/2/2,0,0,0,PID回路参数查询与基础信息维护流程,PID回路参数查询与基础信息维护流程,PID回路参数查询与基础信息维护流程,PID回路参数查询与基础信息维护流程,PID回路参数查询与基础信息维护流程,PID回路参数查询与基础信息维护流程,PID回路参数查询与基础信息维护流程,PID回路参数查询与基础信息维护流程,PID回路参数查询与基础信息维护流程,PID回路参数查询与基础信息维护流程,PID回路参数查询与基础信息维护流程,PID回路参数查询与基础信息维护流程,PID回路参数查询与基础信息维护流程,PID回路参数查询与基础信息维护流程,PID回路参数查询与基础信息维护流程,PID回路参数查询与基础信息维护流程,PID回路参数查询与基础信息维护流程,PID回路参数查询与基础信息维护流程
statistic_ds.csv,2,statistics,装置回路信息查询流程,请查询乙烯装置二部控制回路的详细技术信息,输入表述形态多样性,专业规范表述,2002/2/3,18,9,9,装置回路信息查询流程,装置回路信息查询流程,装置回路信息查询流程,装置回路信息查询流程,装置回路信息查询流程,装置回路信息查询流程,装置回路信息查询流程,装置回路信息查询流程,装置回路信息查询流程,装置回路信息查询流程,装置回路信息查询流程,装置回路信息查询流程,装置回路信息查询流程,装置回路信息查询流程,装置回路信息查询流程,装置回路信息查询流程,装置回路信息查询流程,装置回路信息查询流程
statistic_ds.csv,2,statistics,装置回路信息查询流程,导出氯碱装置回路的详细信息（含参数、位号、状态）,输入表述形态多样性,专业规范表述,2002/2/4,18,9,9,装置回路信息查询流程,装置回路信息查询流程,装置回路信息查询流程,装置回路信息查询流程,装置回路信息查询流程,装置回路信息查询流程,装置回路信息查询流程,装置回路信息查询流程,装置回路信息查询流程,装置回路信息查询流程,装置回路信息查询流程,装置回路信息查询流程,装置回路信息查询流程,装置回路信息查询流程,装置回路信息查询流程,装置回路信息查询流程,装置回路信息查询流程,装置回路信息查询流程
statistic_ds.csv,2,statistics,装置回路信息查询流程,提供乙烯装置一部回路的详细信息清单,输入表述形态多样性,专业规范表述,2002/2/5,18,9,9,装置回路信息查询流程,装置回路信息查询流程,装置回路信息查询流程,装置回路信息查询流程,装置回路信息查询流程,装置回路信息查询流程,装置回路信息查询流程,装置回路信息查询流程,装置回路信息查询流程,装置回路信息查询流程,装置回路信息查询流程,装置回路信息查询流程,装置回路信息查询流程,装置回路信息查询流程,装置回路信息查询流程,装置回路信息查询流程,装置回路信息查询流程,装置回路信息查询流程
statistic_ds.csv,2,statistics,装置回路信息查询流程,氯碱装置回路信息，帮我看看,输入表述形态多样性,口语化简化表述,2002/3/1,9,9,0,装置回路信息查询流程,装置回路信息查询流程,装置回路信息查询流程,装置回路信息查询流程,装置回路信息查询流程,装置回路信息查询流程,装置回路信息查询流程,装置回路信息查询流程,装置回路信息查询流程,,PID回路参数查询与基础信息维护流程,PID回路参数查询与基础信息维护流程,PID回路参数查询与基础信息维护流程,,,,,PID回路参数查询与基础信息维护流程
statistic_ds.csv,2,statistics,装置回路信息查询流程,乙烯一部回路详情，查一下,输入表述形态多样性,口语化简化表述,2002/3/2,18,9,9,装置回路信息查询流程,装置回路信息查询流程,装置回路信息查询流程,装置回路信息查询流程,装置回路信息查询流程,装置回路信息查询流程,装置回路信息查询流程,装置回路信息查询流程,装置回路信息查询流程,装置回路信息查询流程,装置回路信息查询流程,装置回路信息查询流程,装置回路信息查询流程,装置回路信息查询流程,装置回路信息查询流程,装置回路信息查询流程,装置回路信息查询流程,装置回路信息查询流程
statistic_ds.csv,2,statistics,装置回路信息查询流程,乙烯二部回路信息，给我看下,输入表述形态多样性,口语化简化表述,2002/3/3,18,9,9,装置回路信息查询流程,装置回路信息查询流程,装置回路信息查询流程,装置回路信息查询流程,装置回路信息查询流程,装置回路信息查询流程,装置回路信息查询流程,装置回路信息查询流程,装置回路信息查询流程,装置回路信息查询流程,装置回路信息查询流程,装置回路信息查询流程,装置回路信息查询流程,装置回路信息查询流程,装置回路信息查询流程,装置回路信息查询流程,装置回路信息查询流程,装置回路信息查询流程
statistic_ds.csv,2,statistics,装置回路信息查询流程,氯碱装置回路详情，调出来,输入表述形态多样性,口语化简化表述,2002/3/4,18,9,9,装置回路信息查询流程,装置回路信息查询流程,装置回路信息查询流程,装置回路信息查询流程,装置回路信息查询流程,装置回路信息查询流程,装置回路信息查询流程,装置回路信息查询流程,装置回路信息查询流程,装置回路信息查询流程,装置回路信息查询流程,装置回路信息查询流程,装置回路信息查询流程,装置回路信息查询流程,装置回路信息查询流程,装置回路信息查询流程,装置回路信息查询流程,装置回路信息查询流程
statistic_ds.csv,2,statistics,装置回路信息查询流程,乙烯一部回路信息，弄一份,输入表述形态多样性,口语化简化表述,2002/3/5,18,9,9,装置回路信息查询流程,装置回路信息查询流程,装置回路信息查询流程,装置回路信息查询流程,装置回路信息查询流程,装置回路信息查询流程,装置回路信息查询流程,装置回路信息查询流程,装置回路信息查询流程,装置回路信息查询流程,装置回路信息查询流程,装置回路信息查询流程,装置回路信息查询流程,装置回路信息查询流程,装置回路信息查询流程,装置回路信息查询流程,装置回路信息查询流程,装置回路信息查询流程
statistic_ds.csv,2,statistics,装置回路信息查询流程,查看氯碱装置回路的实时运行数据（非详细信息）,意图边界与歧义性,相似意图区分,2002/4/1,0,0,0,,,,,,,,,,,,,,,,,,
statistic_ds.csv,2,statistics,装置回路信息查询流程,查看氯碱装置的回路详细信息（核心意图）,意图边界与歧义性,相似意图区分,2002/4/2,18,9,9,装置回路信息查询流程,装置回路信息查询流程,装置回路信息查询流程,装置回路信息查询流程,装置回路信息查询流程,装置回路信息查询流程,装置回路信息查询流程,装置回路信息查询流程,装置回路信息查询流程,装置回路信息查询流程,装置回路信息查询流程,装置回路信息查询流程,装置回路信息查询流程,装置回路信息查询流程,装置回路信息查询流程,装置回路信息查询流程,装置回路信息查询流程,装置回路信息查询流程
statistic_ds.csv,2,statistics,装置回路信息查询流程,修改氯碱装置回路的详细信息（非查询）,意图边界与歧义性,相似意图区分,2002/4/3,0,0,0,PID回路参数查询与基础信息维护流程,PID回路参数查询与基础信息维护流程,PID回路参数查询与基础信息维护流程,PID回路参数查询与基础信息维护流程,PID回路参数查询与基础信息维护流程,PID回路参数查询与基础信息维护流程,PID回路参数查询与基础信息维护流程,PID回路参数查询与基础信息维护流程,PID回路参数查询与基础信息维护流程,PID回路参数查询与基础信息维护流程,PID回路参数查询与基础信息维护流程,PID回路参数查询与基础信息维护流程,PID回路参数查询与基础信息维护流程,PID回路参数查询与基础信息维护流程,PID回路参数查询与基础信息维护流程,PID回路参数查询与基础信息维护流程,PID回路参数查询与基础信息维护流程,PID回路参数查询与基础信息维护流程
statistic_ds.csv,2,statistics,装置回路信息查询流程,备份氯碱装置回路的详细信息（非查询）,意图边界与歧义性,相似意图区分,2002/4/4,18,9,9,装置回路信息查询流程,装置回路信息查询流程,装置回路信息查询流程,装置回路信息查询流程,装置回路信息查询流程,装置回路信息查询流程,装置回路信息查询流程,装置回路信息查询流程,装置回路信息查询流程,装置回路信息查询流程,装置回路信息查询流程,装置回路信息查询流程,装置回路信息查询流程,装置回路信息查询流程,装置回路信息查询流程,装置回路信息查询流程,装置回路信息查询流程,装置回路信息查询流程
statistic_ds.csv,2,statistics,装置回路信息查询流程,打印氯碱装置回路的详细信息（非查询）,意图边界与歧义性,相似意图区分,2002/4/5,0,0,0,PID回路参数查询与基础信息维护流程,PID回路参数查询与基础信息维护流程,PID回路参数查询与基础信息维护流程,PID回路参数查询与基础信息维护流程,PID回路参数查询与基础信息维护流程,PID回路参数查询与基础信息维护流程,PID回路参数查询与基础信息维护流程,PID回路参数查询与基础信息维护流程,PID回路参数查询与基础信息维护流程,PID回路参数查询与基础信息维护流程,PID回路参数查询与基础信息维护流程,PID回路参数查询与基础信息维护流程,PID回路参数查询与基础信息维护流程,PID回路参数查询与基础信息维护流程,PID回路参数查询与基础信息维护流程,PID回路参数查询与基础信息维护流程,PID回路参数查询与基础信息维护流程,PID回路参数查询与基础信息维护流程
statistic_ds.csv,2,statistics,装置回路信息查询流程,现在是下午3点，车间有点忙，帮我查看氯碱装置的回路详细信息,干扰因素与鲁棒性,冗余信息叠加,2002/5/1,18,9,9,装置回路信息查询流程,装置回路信息查询流程,装置回路信息查询流程,装置回路信息查询流程,装置回路信息查询流程,装置回路信息查询流程,装置回路信息查询流程,装置回路信息查询流程,装置回路信息查询流程,装置回路信息查询流程,装置回路信息查询流程,装置回路信息查询流程,装置回路信息查询流程,装置回路信息查询流程,装置回路信息查询流程,装置回路信息查询流程,装置回路信息查询流程,装置回路信息查询流程
statistic_ds.csv,2,statistics,装置回路信息查询流程,昨天刚做完回路巡检，今天帮我查看乙烯装置一部的回路详细信息,干扰因素与鲁棒性,冗余信息叠加,2002/5/2,9,0,9,PID回路参数查询与基础信息维护流程,PID回路参数查询与基础信息维护流程,PID回路参数查询与基础信息维护流程,PID回路参数查询与基础信息维护流程,PID回路参数查询与基础信息维护流程,PID回路参数查询与基础信息维护流程,PID回路参数查询与基础信息维护流程,PID回路参数查询与基础信息维护流程,PID回路参数查询与基础信息维护流程,装置回路信息查询流程,装置回路信息查询流程,装置回路信息查询流程,装置回路信息查询流程,装置回路信息查询流程,装置回路信息查询流程,装置回路信息查询流程,装置回路信息查询流程,装置回路信息查询流程
statistic_ds.csv,2,statistics,装置回路信息查询流程,天气有点冷，设备运行正常，查看乙烯装置二部的回路详细信息,干扰因素与鲁棒性,冗余信息叠加,2002/5/3,0,0,0,PID回路参数查询与基础信息维护流程,PID回路参数查询与基础信息维护流程,PID回路参数查询与基础信息维护流程,PID回路参数查询与基础信息维护流程,PID回路参数查询与基础信息维护流程,PID回路参数查询与基础信息维护流程,PID回路参数查询与基础信息维护流程,PID回路参数查询与基础信息维护流程,PID回路参数查询与基础信息维护流程,PID回路参数查询与基础信息维护流程,PID回路参数查询与基础信息维护流程,PID回路参数查询与基础信息维护流程,PID回路参数查询与基础信息维护流程,PID回路参数查询与基础信息维护流程,PID回路参数查询与基础信息维护流程,PID回路参数查询与基础信息维护流程,PID回路参数查询与基础信息维护流程,PID回路参数查询与基础信息维护流程
statistic_ds.csv,2,statistics,装置回路信息查询流程,操作员请假了，我来代班，帮我查看氯碱装置的回路详细信息,干扰因素与鲁棒性,冗余信息叠加,2002/5/4,18,9,9,装置回路信息查询流程,装置回路信息查询流程,装置回路信息查询流程,装置回路信息查询流程,装置回路信息查询流程,装置回路信息查询流程,装置回路信息查询流程,装置回路信息查询流程,装置回路信息查询流程,装置回路信息查询流程,装置回路信息查询流程,装置回路信息查询流程,装置回路信息查询流程,装置回路信息查询流程,装置回路信息查询流程,装置回路信息查询流程,装置回路信息查询流程,装置回路信息查询流程
statistic_ds.csv,2,statistics,装置回路信息查询流程,刚换完回路过滤器，帮我查看乙烯装置一部的回路详细信息,干扰因素与鲁棒性,冗余信息叠加,2002/5/5,18,9,9,装置回路信息查询流程,装置回路信息查询流程,装置回路信息查询流程,装置回路信息查询流程,装置回路信息查询流程,装置回路信息查询流程,装置回路信息查询流程,装置回路信息查询流程,装置回路信息查询流程,装置回路信息查询流程,装置回路信息查询流程,装置回路信息查询流程,装置回路信息查询流程,装置回路信息查询流程,装置回路信息查询流程,装置回路信息查询流程,装置回路信息查询流程,装置回路信息查询流程
statistic_ds.csv,2,statistics,装置回路信息查询流程,装置开车阶段，查看氯碱装置的回路详细信息,实际工况适配性,全工况场景,2002/6/1,18,9,9,装置回路信息查询流程,装置回路信息查询流程,装置回路信息查询流程,装置回路信息查询流程,装置回路信息查询流程,装置回路信息查询流程,装置回路信息查询流程,装置回路信息查询流程,装置回路信息查询流程,装置回路信息查询流程,装置回路信息查询流程,装置回路信息查询流程,装置回路信息查询流程,装置回路信息查询流程,装置回路信息查询流程,装置回路信息查询流程,装置回路信息查询流程,装置回路信息查询流程
statistic_ds.csv,2,statistics,装置回路信息查询流程,稳态运行时，查看乙烯装置一部的回路详细信息,实际工况适配性,全工况场景,2002/6/2,18,9,9,装置回路信息查询流程,装置回路信息查询流程,装置回路信息查询流程,装置回路信息查询流程,装置回路信息查询流程,装置回路信息查询流程,装置回路信息查询流程,装置回路信息查询流程,装置回路信息查询流程,装置回路信息查询流程,装置回路信息查询流程,装置回路信息查询流程,装置回路信息查询流程,装置回路信息查询流程,装置回路信息查询流程,装置回路信息查询流程,装置回路信息查询流程,装置回路信息查询流程
statistic_ds.csv,2,statistics,装置回路信息查询流程,回路故障排查时，查看乙烯装置二部的回路详细信息,实际工况适配性,全工况场景,2002/6/3,18,9,9,装置回路信息查询流程,装置回路信息查询流程,装置回路信息查询流程,装置回路信息查询流程,装置回路信息查询流程,装置回路信息查询流程,装置回路信息查询流程,装置回路信息查询流程,装置回路信息查询流程,装置回路信息查询流程,装置回路信息查询流程,装置回路信息查询流程,装置回路信息查询流程,装置回路信息查询流程,装置回路信息查询流程,装置回路信息查询流程,装置回路信息查询流程,装置回路信息查询流程
statistic_ds.csv,2,statistics,装置回路信息查询流程,紧急停车后，查看氯碱装置的回路详细信息,实际工况适配性,全工况场景,2002/6/4,18,9,9,装置回路信息查询流程,装置回路信息查询流程,装置回路信息查询流程,装置回路信息查询流程,装置回路信息查询流程,装置回路信息查询流程,装置回路信息查询流程,装置回路信息查询流程,装置回路信息查询流程,装置回路信息查询流程,装置回路信息查询流程,装置回路信息查询流程,装置回路信息查询流程,装置回路信息查询流程,装置回路信息查询流程,装置回路信息查询流程,装置回路信息查询流程,装置回路信息查询流程
statistic_ds.csv,2,statistics,装置回路信息查询流程,装置检修前，查看乙烯装置一部的回路详细信息,实际工况适配性,全工况场景,2002/6/5,18,9,9,装置回路信息查询流程,装置回路信息查询流程,装置回路信息查询流程,装置回路信息查询流程,装置回路信息查询流程,装置回路信息查询流程,装置回路信息查询流程,装置回路信息查询流程,装置回路信息查询流程,装置回路信息查询流程,装置回路信息查询流程,装置回路信息查询流程,装置回路信息查询流程,装置回路信息查询流程,装置回路信息查询流程,装置回路信息查询流程,装置回路信息查询流程,装置回路信息查询流程
statistic_ds.csv,3,statistics,PID回路参数查询与基础信息维护流程,反应釜温度的PID参数是多少,场景与功能全覆盖,直接复用语料,2003/1/1,18,9,9,PID回路参数查询与基础信息维护流程,PID回路参数查询与基础信息维护流程,PID回路参数查询与基础信息维护流程,PID回路参数查询与基础信息维护流程,PID回路参数查询与基础信息维护流程,PID回路参数查询与基础信息维护流程,PID回路参数查询与基础信息维护流程,PID回路参数查询与基础信息维护流程,PID回路参数查询与基础信息维护流程,PID回路参数查询与基础信息维护流程,PID回路参数查询与基础信息维护流程,PID回路参数查询与基础信息维护流程,PID回路参数查询与基础信息维护流程,PID回路参数查询与基础信息维护流程,PID回路参数查询与基础信息维护流程,PID回路参数查询与基础信息维护流程,PID回路参数查询与基础信息维护流程,PID回路参数查询与基础信息维护流程
statistic_ds.csv,3,statistics,PID回路参数查询与基础信息维护流程,1_fb19_10的PID参数是多少,场景与功能全覆盖,直接复用语料,2003/1/2,18,9,9,PID回路参数查询与基础信息维护流程,PID回路参数查询与基础信息维护流程,PID回路参数查询与基础信息维护流程,PID回路参数查询与基础信息维护流程,PID回路参数查询与基础信息维护流程,PID回路参数查询与基础信息维护流程,PID回路参数查询与基础信息维护流程,PID回路参数查询与基础信息维护流程,PID回路参数查询与基础信息维护流程,PID回路参数查询与基础信息维护流程,PID回路参数查询与基础信息维护流程,PID回路参数查询与基础信息维护流程,PID回路参数查询与基础信息维护流程,PID回路参数查询与基础信息维护流程,PID回路参数查询与基础信息维护流程,PID回路参数查询与基础信息维护流程,PID回路参数查询与基础信息维护流程,PID回路参数查询与基础信息维护流程
statistic_ds.csv,3,statistics,PID回路参数查询与基础信息维护流程,请帮我新增FIC10001回路，回路描述为NaOH流量1,场景与功能全覆盖,直接复用语料,2003/1/3,18,9,9,PID回路参数查询与基础信息维护流程,PID回路参数查询与基础信息维护流程,PID回路参数查询与基础信息维护流程,PID回路参数查询与基础信息维护流程,PID回路参数查询与基础信息维护流程,PID回路参数查询与基础信息维护流程,PID回路参数查询与基础信息维护流程,PID回路参数查询与基础信息维护流程,PID回路参数查询与基础信息维护流程,PID回路参数查询与基础信息维护流程,PID回路参数查询与基础信息维护流程,PID回路参数查询与基础信息维护流程,PID回路参数查询与基础信息维护流程,PID回路参数查询与基础信息维护流程,PID回路参数查询与基础信息维护流程,PID回路参数查询与基础信息维护流程,PID回路参数查询与基础信息维护流程,PID回路参数查询与基础信息维护流程
statistic_ds.csv,3,statistics,PID回路参数查询与基础信息维护流程,请帮我更新氯碱装置的所有回路信息,场景与功能全覆盖,直接复用语料,2003/1/4,18,9,9,PID回路参数查询与基础信息维护流程,PID回路参数查询与基础信息维护流程,PID回路参数查询与基础信息维护流程,PID回路参数查询与基础信息维护流程,PID回路参数查询与基础信息维护流程,PID回路参数查询与基础信息维护流程,PID回路参数查询与基础信息维护流程,PID回路参数查询与基础信息维护流程,PID回路参数查询与基础信息维护流程,PID回路参数查询与基础信息维护流程,PID回路参数查询与基础信息维护流程,PID回路参数查询与基础信息维护流程,PID回路参数查询与基础信息维护流程,PID回路参数查询与基础信息维护流程,PID回路参数查询与基础信息维护流程,PID回路参数查询与基础信息维护流程,PID回路参数查询与基础信息维护流程,PID回路参数查询与基础信息维护流程
statistic_ds.csv,3,statistics,PID回路参数查询与基础信息维护流程,请帮我新增CCC回路，回路描述为NaOH流量,场景与功能全覆盖,直接复用语料,2003/1/5,18,9,9,PID回路参数查询与基础信息维护流程,PID回路参数查询与基础信息维护流程,PID回路参数查询与基础信息维护流程,PID回路参数查询与基础信息维护流程,PID回路参数查询与基础信息维护流程,PID回路参数查询与基础信息维护流程,PID回路参数查询与基础信息维护流程,PID回路参数查询与基础信息维护流程,PID回路参数查询与基础信息维护流程,PID回路参数查询与基础信息维护流程,PID回路参数查询与基础信息维护流程,PID回路参数查询与基础信息维护流程,PID回路参数查询与基础信息维护流程,PID回路参数查询与基础信息维护流程,PID回路参数查询与基础信息维护流程,PID回路参数查询与基础信息维护流程,PID回路参数查询与基础信息维护流程,PID回路参数查询与基础信息维护流程
statistic_ds.csv,3,statistics,PID回路参数查询与基础信息维护流程,请查询反应釜温度控制回路的PID参数（P/I/D值）,输入表述形态多样性,专业规范表述,2003/2/1,18,9,9,PID回路参数查询与基础信息维护流程,PID回路参数查询与基础信息维护流程,PID回路参数查询与基础信息维护流程,PID回路参数查询与基础信息维护流程,PID回路参数查询与基础信息维护流程,PID回路参数查询与基础信息维护流程,PID回路参数查询与基础信息维护流程,PID回路参数查询与基础信息维护流程,PID回路参数查询与基础信息维护流程,PID回路参数查询与基础信息维护流程,PID回路参数查询与基础信息维护流程,PID回路参数查询与基础信息维护流程,PID回路参数查询与基础信息维护流程,PID回路参数查询与基础信息维护流程,PID回路参数查询与基础信息维护流程,PID回路参数查询与基础信息维护流程,PID回路参数查询与基础信息维护流程,PID回路参数查询与基础信息维护流程
statistic_ds.csv,3,statistics,PID回路参数查询与基础信息维护流程,需获取1_fb19_10回路的PID参数配置信息,输入表述形态多样性,专业规范表述,2003/2/2,18,9,9,PID回路参数查询与基础信息维护流程,PID回路参数查询与基础信息维护流程,PID回路参数查询与基础信息维护流程,PID回路参数查询与基础信息维护流程,PID回路参数查询与基础信息维护流程,PID回路参数查询与基础信息维护流程,PID回路参数查询与基础信息维护流程,PID回路参数查询与基础信息维护流程,PID回路参数查询与基础信息维护流程,PID回路参数查询与基础信息维护流程,PID回路参数查询与基础信息维护流程,PID回路参数查询与基础信息维护流程,PID回路参数查询与基础信息维护流程,PID回路参数查询与基础信息维护流程,PID回路参数查询与基础信息维护流程,PID回路参数查询与基础信息维护流程,PID回路参数查询与基础信息维护流程,PID回路参数查询与基础信息维护流程
statistic_ds.csv,3,statistics,PID回路参数查询与基础信息维护流程,申请新增FIC10001回路，回路描述为NaOH流量1，完成基础信息维护,输入表述形态多样性,专业规范表述,2003/2/3,8,8,0,PID回路参数查询与基础信息维护流程,PID回路参数查询与基础信息维护流程,,PID回路参数查询与基础信息维护流程,PID回路参数查询与基础信息维护流程,PID回路参数查询与基础信息维护流程,PID回路参数查询与基础信息维护流程,PID回路参数查询与基础信息维护流程,PID回路参数查询与基础信息维护流程,,,,,,,,,
statistic_ds.csv,3,statistics,PID回路参数查询与基础信息维护流程,执行氯碱装置所有控制回路信息的更新操作，确保基础信息准确,输入表述形态多样性,专业规范表述,2003/2/4,9,0,9,,装置回路信息查询流程,,装置回路信息查询流程,装置回路信息查询流程,,,装置回路信息查询流程,,PID回路参数查询与基础信息维护流程,PID回路参数查询与基础信息维护流程,PID回路参数查询与基础信息维护流程,PID回路参数查询与基础信息维护流程,PID回路参数查询与基础信息维护流程,PID回路参数查询与基础信息维护流程,PID回路参数查询与基础信息维护流程,PID回路参数查询与基础信息维护流程,PID回路参数查询与基础信息维护流程
statistic_ds.csv,3,statistics,PID回路参数查询与基础信息维护流程,新增CCC控制回路，回路描述为NaOH流量，同步完成信息录入,输入表述形态多样性,专业规范表述,2003/2/5,18,9,9,PID回路参数查询与基础信息维护流程,PID回路参数查询与基础信息维护流程,PID回路参数查询与基础信息维护流程,PID回路参数查询与基础信息维护流程,PID回路参数查询与基础信息维护流程,PID回路参数查询与基础信息维护流程,PID回路参数查询与基础信息维护流程,PID回路参数查询与基础信息维护流程,PID回路参数查询与基础信息维护流程,PID回路参数查询与基础信息维护流程,PID回路参数查询与基础信息维护流程,PID回路参数查询与基础信息维护流程,PID回路参数查询与基础信息维护流程,PID回路参数查询与基础信息维护流程,PID回路参数查询与基础信息维护流程,PID回路参数查询与基础信息维护流程,PID回路参数查询与基础信息维护流程,PID回路参数查询与基础信息维护流程
statistic_ds.csv,3,statistics,PID回路参数查询与基础信息维护流程,反应釜温度的PID参数，帮我查一下,输入表述形态多样性,口语化简化表述,2003/3/1,18,9,9,PID回路参数查询与基础信息维护流程,PID回路参数查询与基础信息维护流程,PID回路参数查询与基础信息维护流程,PID回路参数查询与基础信息维护流程,PID回路参数查询与基础信息维护流程,PID回路参数查询与基础信息维护流程,PID回路参数查询与基础信息维护流程,PID回路参数查询与基础信息维护流程,PID回路参数查询与基础信息维护流程,PID回路参数查询与基础信息维护流程,PID回路参数查询与基础信息维护流程,PID回路参数查询与基础信息维护流程,PID回路参数查询与基础信息维护流程,PID回路参数查询与基础信息维护流程,PID回路参数查询与基础信息维护流程,PID回路参数查询与基础信息维护流程,PID回路参数查询与基础信息维护流程,PID回路参数查询与基础信息维护流程
statistic_ds.csv,3,statistics,PID回路参数查询与基础信息维护流程,1_fb19_10的PID是多少，给我看下,输入表述形态多样性,口语化简化表述,2003/3/2,18,9,9,PID回路参数查询与基础信息维护流程,PID回路参数查询与基础信息维护流程,PID回路参数查询与基础信息维护流程,PID回路参数查询与基础信息维护流程,PID回路参数查询与基础信息维护流程,PID回路参数查询与基础信息维护流程,PID回路参数查询与基础信息维护流程,PID回路参数查询与基础信息维护流程,PID回路参数查询与基础信息维护流程,PID回路参数查询与基础信息维护流程,PID回路参数查询与基础信息维护流程,PID回路参数查询与基础信息维护流程,PID回路参数查询与基础信息维护流程,PID回路参数查询与基础信息维护流程,PID回路参数查询与基础信息维护流程,PID回路参数查询与基础信息维护流程,PID回路参数查询与基础信息维护流程,PID回路参数查询与基础信息维护流程
statistic_ds.csv,3,statistics,PID回路参数查询与基础信息维护流程,新增FIC10001回路，描述是NaOH流量1,输入表述形态多样性,口语化简化表述,2003/3/3,18,9,9,PID回路参数查询与基础信息维护流程,PID回路参数查询与基础信息维护流程,PID回路参数查询与基础信息维护流程,PID回路参数查询与基础信息维护流程,PID回路参数查询与基础信息维护流程,PID回路参数查询与基础信息维护流程,PID回路参数查询与基础信息维护流程,PID回路参数查询与基础信息维护流程,PID回路参数查询与基础信息维护流程,PID回路参数查询与基础信息维护流程,PID回路参数查询与基础信息维护流程,PID回路参数查询与基础信息维护流程,PID回路参数查询与基础信息维护流程,PID回路参数查询与基础信息维护流程,PID回路参数查询与基础信息维护流程,PID回路参数查询与基础信息维护流程,PID回路参数查询与基础信息维护流程,PID回路参数查询与基础信息维护流程
statistic_ds.csv,3,statistics,PID回路参数查询与基础信息维护流程,氯碱装置所有回路信息，帮我更一下,输入表述形态多样性,口语化简化表述,2003/3/4,0,0,0,PID回路参数智能整定流程（含有效性检测与震荡判断）,PID回路参数智能整定流程（含有效性检测与震荡判断）,PID回路参数智能整定流程（含有效性检测与震荡判断）,PID回路参数智能整定流程（含有效性检测与震荡判断）,PID回路参数智能整定流程（含有效性检测与震荡判断）,PID回路参数智能整定流程（含有效性检测与震荡判断）,PID回路参数智能整定流程（含有效性检测与震荡判断）,PID回路参数智能整定流程（含有效性检测与震荡判断）,PID回路参数智能整定流程（含有效性检测与震荡判断）,PID回路参数智能整定流程（含有效性检测与震荡判断）,PID回路参数智能整定流程（含有效性检测与震荡判断）,PID回路参数智能整定流程（含有效性检测与震荡判断）,PID回路参数智能整定流程（含有效性检测与震荡判断）,PID回路参数智能整定流程（含有效性检测与震荡判断）,PID回路参数智能整定流程（含有效性检测与震荡判断）,PID回路参数智能整定流程（含有效性检测与震荡判断）,PID回路参数智能整定流程（含有效性检测与震荡判断）,PID回路参数智能整定流程（含有效性检测与震荡判断）
statistic_ds.csv,3,statistics,PID回路参数查询与基础信息维护流程,加个CCC回路，描述写NaOH流量,输入表述形态多样性,口语化简化表述,2003/3/5,4,0,4,PID回路参数智能整定流程（含有效性检测与震荡判断）,PID回路参数智能整定流程（含有效性检测与震荡判断）,PID回路参数智能整定流程（含有效性检测与震荡判断）,PID回路参数智能整定流程（含有效性检测与震荡判断）,PID回路参数智能整定流程（含有效性检测与震荡判断）,PID回路参数智能整定流程（含有效性检测与震荡判断）,PID回路参数智能整定流程（含有效性检测与震荡判断）,PID回路参数智能整定流程（含有效性检测与震荡判断）,PID回路参数智能整定流程（含有效性检测与震荡判断）,PID回路参数查询与基础信息维护流程,,,,,PID回路参数查询与基础信息维护流程,PID回路参数查询与基础信息维护流程,,PID回路参数查询与基础信息维护流程
statistic_ds.csv,3,statistics,PID回路参数查询与基础信息维护流程,修改反应釜温度的PID参数（非查询）,意图边界与歧义性,相似意图区分,2003/4/1,0,0,0,PID回路参数智能整定流程（含有效性检测与震荡判断）,PID回路参数智能整定流程（含有效性检测与震荡判断）,PID回路参数智能整定流程（含有效性检测与震荡判断）,PID回路参数智能整定流程（含有效性检测与震荡判断）,PID回路参数智能整定流程（含有效性检测与震荡判断）,PID回路参数智能整定流程（含有效性检测与震荡判断）,PID回路参数智能整定流程（含有效性检测与震荡判断）,PID回路参数智能整定流程（含有效性检测与震荡判断）,PID回路参数智能整定流程（含有效性检测与震荡判断）,PID回路参数智能整定流程（含有效性检测与震荡判断）,PID回路参数智能整定流程（含有效性检测与震荡判断）,PID回路参数智能整定流程（含有效性检测与震荡判断）,PID回路参数智能整定流程（含有效性检测与震荡判断）,PID回路参数智能整定流程（含有效性检测与震荡判断）,PID回路参数智能整定流程（含有效性检测与震荡判断）,PID回路参数智能整定流程（含有效性检测与震荡判断）,PID回路参数智能整定流程（含有效性检测与震荡判断）,PID回路参数智能整定流程（含有效性检测与震荡判断）
statistic_ds.csv,3,statistics,PID回路参数查询与基础信息维护流程,反应釜温度的PID参数是多少（核心意图）,意图边界与歧义性,相似意图区分,2003/4/2,18,9,9,PID回路参数查询与基础信息维护流程,PID回路参数查询与基础信息维护流程,PID回路参数查询与基础信息维护流程,PID回路参数查询与基础信息维护流程,PID回路参数查询与基础信息维护流程,PID回路参数查询与基础信息维护流程,PID回路参数查询与基础信息维护流程,PID回路参数查询与基础信息维护流程,PID回路参数查询与基础信息维护流程,PID回路参数查询与基础信息维护流程,PID回路参数查询与基础信息维护流程,PID回路参数查询与基础信息维护流程,PID回路参数查询与基础信息维护流程,PID回路参数查询与基础信息维护流程,PID回路参数查询与基础信息维护流程,PID回路参数查询与基础信息维护流程,PID回路参数查询与基础信息维护流程,PID回路参数查询与基础信息维护流程
statistic_ds.csv,3,statistics,PID回路参数查询与基础信息维护流程,备份反应釜温度的PID参数（非查询）,意图边界与歧义性,相似意图区分,2003/4/3,18,9,9,PID回路参数查询与基础信息维护流程,PID回路参数查询与基础信息维护流程,PID回路参数查询与基础信息维护流程,PID回路参数查询与基础信息维护流程,PID回路参数查询与基础信息维护流程,PID回路参数查询与基础信息维护流程,PID回路参数查询与基础信息维护流程,PID回路参数查询与基础信息维护流程,PID回路参数查询与基础信息维护流程,PID回路参数查询与基础信息维护流程,PID回路参数查询与基础信息维护流程,PID回路参数查询与基础信息维护流程,PID回路参数查询与基础信息维护流程,PID回路参数查询与基础信息维护流程,PID回路参数查询与基础信息维护流程,PID回路参数查询与基础信息维护流程,PID回路参数查询与基础信息维护流程,PID回路参数查询与基础信息维护流程
statistic_ds.csv,3,statistics,PID回路参数查询与基础信息维护流程,恢复反应釜温度的PID参数（非查询）,意图边界与歧义性,相似意图区分,2003/4/4,18,9,9,PID回路参数查询与基础信息维护流程,PID回路参数查询与基础信息维护流程,PID回路参数查询与基础信息维护流程,PID回路参数查询与基础信息维护流程,PID回路参数查询与基础信息维护流程,PID回路参数查询与基础信息维护流程,PID回路参数查询与基础信息维护流程,PID回路参数查询与基础信息维护流程,PID回路参数查询与基础信息维护流程,PID回路参数查询与基础信息维护流程,PID回路参数查询与基础信息维护流程,PID回路参数查询与基础信息维护流程,PID回路参数查询与基础信息维护流程,PID回路参数查询与基础信息维护流程,PID回路参数查询与基础信息维护流程,PID回路参数查询与基础信息维护流程,PID回路参数查询与基础信息维护流程,PID回路参数查询与基础信息维护流程
statistic_ds.csv,3,statistics,PID回路参数查询与基础信息维护流程,整定反应釜温度的PID参数（非查询）,意图边界与歧义性,相似意图区分,2003/4/5,0,0,0,PID回路参数智能整定流程（含有效性检测与震荡判断）,PID回路参数智能整定流程（含有效性检测与震荡判断）,PID回路参数智能整定流程（含有效性检测与震荡判断）,PID回路参数智能整定流程（含有效性检测与震荡判断）,PID回路参数智能整定流程（含有效性检测与震荡判断）,PID回路参数智能整定流程（含有效性检测与震荡判断）,PID回路参数智能整定流程（含有效性检测与震荡判断）,PID回路参数智能整定流程（含有效性检测与震荡判断）,PID回路参数智能整定流程（含有效性检测与震荡判断）,PID回路参数智能整定流程（含有效性检测与震荡判断）,PID回路参数智能整定流程（含有效性检测与震荡判断）,PID回路参数智能整定流程（含有效性检测与震荡判断）,PID回路参数智能整定流程（含有效性检测与震荡判断）,PID回路参数智能整定流程（含有效性检测与震荡判断）,PID回路参数智能整定流程（含有效性检测与震荡判断）,PID回路参数智能整定流程（含有效性检测与震荡判断）,PID回路参数智能整定流程（含有效性检测与震荡判断）,PID回路参数智能整定流程（含有效性检测与震荡判断）
statistic_ds.csv,3,statistics,PID回路参数查询与基础信息维护流程,现在是早上9点，刚交接班，反应釜温度的PID参数是多少,干扰因素与鲁棒性,冗余信息叠加,2003/5/1,18,9,9,PID回路参数查询与基础信息维护流程,PID回路参数查询与基础信息维护流程,PID回路参数查询与基础信息维护流程,PID回路参数查询与基础信息维护流程,PID回路参数查询与基础信息维护流程,PID回路参数查询与基础信息维护流程,PID回路参数查询与基础信息维护流程,PID回路参数查询与基础信息维护流程,PID回路参数查询与基础信息维护流程,PID回路参数查询与基础信息维护流程,PID回路参数查询与基础信息维护流程,PID回路参数查询与基础信息维护流程,PID回路参数查询与基础信息维护流程,PID回路参数查询与基础信息维护流程,PID回路参数查询与基础信息维护流程,PID回路参数查询与基础信息维护流程,PID回路参数查询与基础信息维护流程,PID回路参数查询与基础信息维护流程
statistic_ds.csv,3,statistics,PID回路参数查询与基础信息维护流程,昨天刚校准完仪表，1_fb19_10的PID参数是多少,干扰因素与鲁棒性,冗余信息叠加,2003/5/2,18,9,9,PID回路参数查询与基础信息维护流程,PID回路参数查询与基础信息维护流程,PID回路参数查询与基础信息维护流程,PID回路参数查询与基础信息维护流程,PID回路参数查询与基础信息维护流程,PID回路参数查询与基础信息维护流程,PID回路参数查询与基础信息维护流程,PID回路参数查询与基础信息维护流程,PID回路参数查询与基础信息维护流程,PID回路参数查询与基础信息维护流程,PID回路参数查询与基础信息维护流程,PID回路参数查询与基础信息维护流程,PID回路参数查询与基础信息维护流程,PID回路参数查询与基础信息维护流程,PID回路参数查询与基础信息维护流程,PID回路参数查询与基础信息维护流程,PID回路参数查询与基础信息维护流程,PID回路参数查询与基础信息维护流程
statistic_ds.csv,3,statistics,PID回路参数查询与基础信息维护流程,车间要做回路盘点，请帮我新增FIC10001回路，回路描述为NaOH流量1,干扰因素与鲁棒性,冗余信息叠加,2003/5/3,18,9,9,PID回路参数查询与基础信息维护流程,PID回路参数查询与基础信息维护流程,PID回路参数查询与基础信息维护流程,PID回路参数查询与基础信息维护流程,PID回路参数查询与基础信息维护流程,PID回路参数查询与基础信息维护流程,PID回路参数查询与基础信息维护流程,PID回路参数查询与基础信息维护流程,PID回路参数查询与基础信息维护流程,PID回路参数查询与基础信息维护流程,PID回路参数查询与基础信息维护流程,PID回路参数查询与基础信息维护流程,PID回路参数查询与基础信息维护流程,PID回路参数查询与基础信息维护流程,PID回路参数查询与基础信息维护流程,PID回路参数查询与基础信息维护流程,PID回路参数查询与基础信息维护流程,PID回路参数查询与基础信息维护流程
statistic_ds.csv,3,statistics,PID回路参数查询与基础信息维护流程,氯碱装置刚完成检修，请帮我更新氯碱装置的所有回路信息,干扰因素与鲁棒性,冗余信息叠加,2003/5/4,9,9,0,PID回路参数查询与基础信息维护流程,PID回路参数查询与基础信息维护流程,PID回路参数查询与基础信息维护流程,PID回路参数查询与基础信息维护流程,PID回路参数查询与基础信息维护流程,PID回路参数查询与基础信息维护流程,PID回路参数查询与基础信息维护流程,PID回路参数查询与基础信息维护流程,PID回路参数查询与基础信息维护流程,,,,,,,,,
statistic_ds.csv,3,statistics,PID回路参数查询与基础信息维护流程,材料已经到位，请帮我新增CCC回路，回路描述为NaOH流量,干扰因素与鲁棒性,冗余信息叠加,2003/5/5,18,9,9,PID回路参数查询与基础信息维护流程,PID回路参数查询与基础信息维护流程,PID回路参数查询与基础信息维护流程,PID回路参数查询与基础信息维护流程,PID回路参数查询与基础信息维护流程,PID回路参数查询与基础信息维护流程,PID回路参数查询与基础信息维护流程,PID回路参数查询与基础信息维护流程,PID回路参数查询与基础信息维护流程,PID回路参数查询与基础信息维护流程,PID回路参数查询与基础信息维护流程,PID回路参数查询与基础信息维护流程,PID回路参数查询与基础信息维护流程,PID回路参数查询与基础信息维护流程,PID回路参数查询与基础信息维护流程,PID回路参数查询与基础信息维护流程,PID回路参数查询与基础信息维护流程,PID回路参数查询与基础信息维护流程
statistic_ds.csv,3,statistics,PID回路参数查询与基础信息维护流程,装置开车前，查询反应釜温度的PID参数,实际工况适配性,全工况场景,2003/6/1,18,9,9,PID回路参数查询与基础信息维护流程,PID回路参数查询与基础信息维护流程,PID回路参数查询与基础信息维护流程,PID回路参数查询与基础信息维护流程,PID回路参数查询与基础信息维护流程,PID回路参数查询与基础信息维护流程,PID回路参数查询与基础信息维护流程,PID回路参数查询与基础信息维护流程,PID回路参数查询与基础信息维护流程,PID回路参数查询与基础信息维护流程,PID回路参数查询与基础信息维护流程,PID回路参数查询与基础信息维护流程,PID回路参数查询与基础信息维护流程,PID回路参数查询与基础信息维护流程,PID回路参数查询与基础信息维护流程,PID回路参数查询与基础信息维护流程,PID回路参数查询与基础信息维护流程,PID回路参数查询与基础信息维护流程
statistic_ds.csv,3,statistics,PID回路参数查询与基础信息维护流程,稳态运行时，1_fb19_10的PID参数是多少,实际工况适配性,全工况场景,2003/6/2,18,9,9,PID回路参数查询与基础信息维护流程,PID回路参数查询与基础信息维护流程,PID回路参数查询与基础信息维护流程,PID回路参数查询与基础信息维护流程,PID回路参数查询与基础信息维护流程,PID回路参数查询与基础信息维护流程,PID回路参数查询与基础信息维护流程,PID回路参数查询与基础信息维护流程,PID回路参数查询与基础信息维护流程,PID回路参数查询与基础信息维护流程,PID回路参数查询与基础信息维护流程,PID回路参数查询与基础信息维护流程,PID回路参数查询与基础信息维护流程,PID回路参数查询与基础信息维护流程,PID回路参数查询与基础信息维护流程,PID回路参数查询与基础信息维护流程,PID回路参数查询与基础信息维护流程,PID回路参数查询与基础信息维护流程
statistic_ds.csv,3,statistics,PID回路参数查询与基础信息维护流程,新增设备投用前，帮我新增FIC10001回路，回路描述为NaOH流量1,实际工况适配性,全工况场景,2003/6/3,18,9,9,PID回路参数查询与基础信息维护流程,PID回路参数查询与基础信息维护流程,PID回路参数查询与基础信息维护流程,PID回路参数查询与基础信息维护流程,PID回路参数查询与基础信息维护流程,PID回路参数查询与基础信息维护流程,PID回路参数查询与基础信息维护流程,PID回路参数查询与基础信息维护流程,PID回路参数查询与基础信息维护流程,PID回路参数查询与基础信息维护流程,PID回路参数查询与基础信息维护流程,PID回路参数查询与基础信息维护流程,PID回路参数查询与基础信息维护流程,PID回路参数查询与基础信息维护流程,PID回路参数查询与基础信息维护流程,PID回路参数查询与基础信息维护流程,PID回路参数查询与基础信息维护流程,PID回路参数查询与基础信息维护流程
statistic_ds.csv,3,statistics,PID回路参数查询与基础信息维护流程,回路改造后，帮我更新氯碱装置的所有回路信息,实际工况适配性,全工况场景,2003/6/4,18,9,9,PID回路参数查询与基础信息维护流程,PID回路参数查询与基础信息维护流程,PID回路参数查询与基础信息维护流程,PID回路参数查询与基础信息维护流程,PID回路参数查询与基础信息维护流程,PID回路参数查询与基础信息维护流程,PID回路参数查询与基础信息维护流程,PID回路参数查询与基础信息维护流程,PID回路参数查询与基础信息维护流程,PID回路参数查询与基础信息维护流程,PID回路参数查询与基础信息维护流程,PID回路参数查询与基础信息维护流程,PID回路参数查询与基础信息维护流程,PID回路参数查询与基础信息维护流程,PID回路参数查询与基础信息维护流程,PID回路参数查询与基础信息维护流程,PID回路参数查询与基础信息维护流程,PID回路参数查询与基础信息维护流程
statistic_ds.csv,3,statistics,PID回路参数查询与基础信息维护流程,紧急扩容后，帮我新增CCC回路，回路描述为NaOH流量,实际工况适配性,全工况场景,2003/6/5,18,9,9,PID回路参数查询与基础信息维护流程,PID回路参数查询与基础信息维护流程,PID回路参数查询与基础信息维护流程,PID回路参数查询与基础信息维护流程,PID回路参数查询与基础信息维护流程,PID回路参数查询与基础信息维护流程,PID回路参数查询与基础信息维护流程,PID回路参数查询与基础信息维护流程,PID回路参数查询与基础信息维护流程,PID回路参数查询与基础信息维护流程,PID回路参数查询与基础信息维护流程,PID回路参数查询与基础信息维护流程,PID回路参数查询与基础信息维护流程,PID回路参数查询与基础信息维护流程,PID回路参数查询与基础信息维护流程,PID回路参数查询与基础信息维护流程,PID回路参数查询与基础信息维护流程,PID回路参数查询与基础信息维护流程
statistic_ds.csv,4,statistics,新回路PID初始参数预设流程,新回路FIC102将投用使用，给我一个初始参数,场景与功能全覆盖,直接复用语料,2004/1/1,18,9,9,新回路PID初始参数预设流程,新回路PID初始参数预设流程,新回路PID初始参数预设流程,新回路PID初始参数预设流程,新回路PID初始参数预设流程,新回路PID初始参数预设流程,新回路PID初始参数预设流程,新回路PID初始参数预设流程,新回路PID初始参数预设流程,新回路PID初始参数预设流程,新回路PID初始参数预设流程,新回路PID初始参数预设流程,新回路PID初始参数预设流程,新回路PID初始参数预设流程,新回路PID初始参数预设流程,新回路PID初始参数预设流程,新回路PID初始参数预设流程,新回路PID初始参数预设流程
statistic_ds.csv,4,statistics,新回路PID初始参数预设流程,1_fb19_10将投用使用，给我一个初始参数,场景与功能全覆盖,直接复用语料,2004/1/2,18,9,9,新回路PID初始参数预设流程,新回路PID初始参数预设流程,新回路PID初始参数预设流程,新回路PID初始参数预设流程,新回路PID初始参数预设流程,新回路PID初始参数预设流程,新回路PID初始参数预设流程,新回路PID初始参数预设流程,新回路PID初始参数预设流程,新回路PID初始参数预设流程,新回路PID初始参数预设流程,新回路PID初始参数预设流程,新回路PID初始参数预设流程,新回路PID初始参数预设流程,新回路PID初始参数预设流程,新回路PID初始参数预设流程,新回路PID初始参数预设流程,新回路PID初始参数预设流程
statistic_ds.csv,4,statistics,新回路PID初始参数预设流程,装置快开车了，给我一批初始的PID参数，让我投运吧,场景与功能全覆盖,直接复用语料,2004/1/3,18,9,9,新回路PID初始参数预设流程,新回路PID初始参数预设流程,新回路PID初始参数预设流程,新回路PID初始参数预设流程,新回路PID初始参数预设流程,新回路PID初始参数预设流程,新回路PID初始参数预设流程,新回路PID初始参数预设流程,新回路PID初始参数预设流程,新回路PID初始参数预设流程,新回路PID初始参数预设流程,新回路PID初始参数预设流程,新回路PID初始参数预设流程,新回路PID初始参数预设流程,新回路PID初始参数预设流程,新回路PID初始参数预设流程,新回路PID初始参数预设流程,新回路PID初始参数预设流程
statistic_ds.csv,4,statistics,新回路PID初始参数预设流程,新回路FIC102将投用使用，给我一个初始参数,场景与功能全覆盖,直接复用语料,2004/1/4,18,9,9,新回路PID初始参数预设流程,新回路PID初始参数预设流程,新回路PID初始参数预设流程,新回路PID初始参数预设流程,新回路PID初始参数预设流程,新回路PID初始参数预设流程,新回路PID初始参数预设流程,新回路PID初始参数预设流程,新回路PID初始参数预设流程,新回路PID初始参数预设流程,新回路PID初始参数预设流程,新回路PID初始参数预设流程,新回路PID初始参数预设流程,新回路PID初始参数预设流程,新回路PID初始参数预设流程,新回路PID初始参数预设流程,新回路PID初始参数预设流程,新回路PID初始参数预设流程
statistic_ds.csv,4,statistics,新回路PID初始参数预设流程,1_fb19_10将投用使用，给我一个初始参数,场景与功能全覆盖,直接复用语料,2004/1/5,18,9,9,新回路PID初始参数预设流程,新回路PID初始参数预设流程,新回路PID初始参数预设流程,新回路PID初始参数预设流程,新回路PID初始参数预设流程,新回路PID初始参数预设流程,新回路PID初始参数预设流程,新回路PID初始参数预设流程,新回路PID初始参数预设流程,新回路PID初始参数预设流程,新回路PID初始参数预设流程,新回路PID初始参数预设流程,新回路PID初始参数预设流程,新回路PID初始参数预设流程,新回路PID初始参数预设流程,新回路PID初始参数预设流程,新回路PID初始参数预设流程,新回路PID初始参数预设流程
statistic_ds.csv,4,statistics,新回路PID初始参数预设流程,新回路FIC102即将投用，请求预设PID初始参数（含P/I/D基准值）,输入表述形态多样性,专业规范表述,2004/2/1,18,9,9,新回路PID初始参数预设流程,新回路PID初始参数预设流程,新回路PID初始参数预设流程,新回路PID初始参数预设流程,新回路PID初始参数预设流程,新回路PID初始参数预设流程,新回路PID初始参数预设流程,新回路PID初始参数预设流程,新回路PID初始参数预设流程,新回路PID初始参数预设流程,新回路PID初始参数预设流程,新回路PID初始参数预设流程,新回路PID初始参数预设流程,新回路PID初始参数预设流程,新回路PID初始参数预设流程,新回路PID初始参数预设流程,新回路PID初始参数预设流程,新回路PID初始参数预设流程
statistic_ds.csv,4,statistics,新回路PID初始参数预设流程,1_fb19_10回路投用前，需配置PID初始参数，确保符合设计规范,输入表述形态多样性,专业规范表述,2004/2/2,18,9,9,新回路PID初始参数预设流程,新回路PID初始参数预设流程,新回路PID初始参数预设流程,新回路PID初始参数预设流程,新回路PID初始参数预设流程,新回路PID初始参数预设流程,新回路PID初始参数预设流程,新回路PID初始参数预设流程,新回路PID初始参数预设流程,新回路PID初始参数预设流程,新回路PID初始参数预设流程,新回路PID初始参数预设流程,新回路PID初始参数预设流程,新回路PID初始参数预设流程,新回路PID初始参数预设流程,新回路PID初始参数预设流程,新回路PID初始参数预设流程,新回路PID初始参数预设流程
statistic_ds.csv,4,statistics,新回路PID初始参数预设流程,装置开车前，需批量预设各回路PID初始参数，支撑投运调试,输入表述形态多样性,专业规范表述,2004/2/3,0,0,0,装置开车PID参数批量预设流程,装置开车PID参数批量预设流程,装置开车PID参数批量预设流程,装置开车PID参数批量预设流程,装置开车PID参数批量预设流程,装置开车PID参数批量预设流程,装置开车PID参数批量预设流程,装置开车PID参数批量预设流程,装置开车PID参数批量预设流程,装置开车PID参数批量预设流程,装置开车PID参数批量预设流程,装置开车PID参数批量预设流程,装置开车PID参数批量预设流程,装置开车PID参数批量预设流程,装置开车PID参数批量预设流程,装置开车PID参数批量预设流程,装置开车PID参数批量预设流程,装置开车PID参数批量预设流程
statistic_ds.csv,4,statistics,新回路PID初始参数预设流程,新投用FIC102回路，需生成PID初始参数，适配工艺运行需求,输入表述形态多样性,专业规范表述,2004/2/4,18,9,9,新回路PID初始参数预设流程,新回路PID初始参数预设流程,新回路PID初始参数预设流程,新回路PID初始参数预设流程,新回路PID初始参数预设流程,新回路PID初始参数预设流程,新回路PID初始参数预设流程,新回路PID初始参数预设流程,新回路PID初始参数预设流程,新回路PID初始参数预设流程,新回路PID初始参数预设流程,新回路PID初始参数预设流程,新回路PID初始参数预设流程,新回路PID初始参数预设流程,新回路PID初始参数预设流程,新回路PID初始参数预设流程,新回路PID初始参数预设流程,新回路PID初始参数预设流程
statistic_ds.csv,4,statistics,新回路PID初始参数预设流程,1_fb19_10回路即将启用，请求输出PID初始参数配置方案,输入表述形态多样性,专业规范表述,2004/2/5,18,9,9,新回路PID初始参数预设流程,新回路PID初始参数预设流程,新回路PID初始参数预设流程,新回路PID初始参数预设流程,新回路PID初始参数预设流程,新回路PID初始参数预设流程,新回路PID初始参数预设流程,新回路PID初始参数预设流程,新回路PID初始参数预设流程,新回路PID初始参数预设流程,新回路PID初始参数预设流程,新回路PID初始参数预设流程,新回路PID初始参数预设流程,新回路PID初始参数预设流程,新回路PID初始参数预设流程,新回路PID初始参数预设流程,新回路PID初始参数预设流程,新回路PID初始参数预设流程
statistic_ds.csv,4,statistics,新回路PID初始参数预设流程,FIC102新回路要投用，给个初始PID参数,输入表述形态多样性,口语化简化表述,2004/3/1,18,9,9,新回路PID初始参数预设流程,新回路PID初始参数预设流程,新回路PID初始参数预设流程,新回路PID初始参数预设流程,新回路PID初始参数预设流程,新回路PID初始参数预设流程,新回路PID初始参数预设流程,新回路PID初始参数预设流程,新回路PID初始参数预设流程,新回路PID初始参数预设流程,新回路PID初始参数预设流程,新回路PID初始参数预设流程,新回路PID初始参数预设流程,新回路PID初始参数预设流程,新回路PID初始参数预设流程,新回路PID初始参数预设流程,新回路PID初始参数预设流程,新回路PID初始参数预设流程
statistic_ds.csv,4,statistics,新回路PID初始参数预设流程,1_fb19_10要启用了，初始PID参数给一个,输入表述形态多样性,口语化简化表述,2004/3/2,18,9,9,新回路PID初始参数预设流程,新回路PID初始参数预设流程,新回路PID初始参数预设流程,新回路PID初始参数预设流程,新回路PID初始参数预设流程,新回路PID初始参数预设流程,新回路PID初始参数预设流程,新回路PID初始参数预设流程,新回路PID初始参数预设流程,新回路PID初始参数预设流程,新回路PID初始参数预设流程,新回路PID初始参数预设流程,新回路PID初始参数预设流程,新回路PID初始参数预设流程,新回路PID初始参数预设流程,新回路PID初始参数预设流程,新回路PID初始参数预设流程,新回路PID初始参数预设流程
statistic_ds.csv,4,statistics,新回路PID初始参数预设流程,装置快开车，一批初始PID参数，给我用,输入表述形态多样性,口语化简化表述,2004/3/3,0,0,0,装置开车PID参数批量预设流程,装置开车PID参数批量预设流程,装置开车PID参数批量预设流程,装置开车PID参数批量预设流程,装置开车PID参数批量预设流程,装置开车PID参数批量预设流程,装置开车PID参数批量预设流程,装置开车PID参数批量预设流程,装置开车PID参数批量预设流程,装置开车PID参数批量预设流程,装置开车PID参数批量预设流程,装置开车PID参数批量预设流程,装置开车PID参数批量预设流程,装置开车PID参数批量预设流程,装置开车PID参数批量预设流程,装置开车PID参数批量预设流程,装置开车PID参数批量预设流程,装置开车PID参数批量预设流程
statistic_ds.csv,4,statistics,新回路PID初始参数预设流程,FIC102新回路投用，初始参数弄一个,输入表述形态多样性,口语化简化表述,2004/3/4,18,9,9,新回路PID初始参数预设流程,新回路PID初始参数预设流程,新回路PID初始参数预设流程,新回路PID初始参数预设流程,新回路PID初始参数预设流程,新回路PID初始参数预设流程,新回路PID初始参数预设流程,新回路PID初始参数预设流程,新回路PID初始参数预设流程,新回路PID初始参数预设流程,新回路PID初始参数预设流程,新回路PID初始参数预设流程,新回路PID初始参数预设流程,新回路PID初始参数预设流程,新回路PID初始参数预设流程,新回路PID初始参数预设流程,新回路PID初始参数预设流程,新回路PID初始参数预设流程
statistic_ds.csv,4,statistics,新回路PID初始参数预设流程,1_fb19_10要开了，给个PID初始值,输入表述形态多样性,口语化简化表述,2004/3/5,18,9,9,新回路PID初始参数预设流程,新回路PID初始参数预设流程,新回路PID初始参数预设流程,新回路PID初始参数预设流程,新回路PID初始参数预设流程,新回路PID初始参数预设流程,新回路PID初始参数预设流程,新回路PID初始参数预设流程,新回路PID初始参数预设流程,新回路PID初始参数预设流程,新回路PID初始参数预设流程,新回路PID初始参数预设流程,新回路PID初始参数预设流程,新回路PID初始参数预设流程,新回路PID初始参数预设流程,新回路PID初始参数预设流程,新回路PID初始参数预设流程,新回路PID初始参数预设流程
statistic_ds.csv,4,statistics,新回路PID初始参数预设流程,新回路FIC102投用后，整定PID参数（非初始预设）,意图边界与歧义性,相似意图区分,2004/4/1,0,0,0,,,,,,,,,,PID回路参数智能整定流程（含有效性检测与震荡判断）,PID回路参数智能整定流程（含有效性检测与震荡判断）,PID回路参数智能整定流程（含有效性检测与震荡判断）,PID回路参数智能整定流程（含有效性检测与震荡判断）,PID回路参数智能整定流程（含有效性检测与震荡判断）,PID回路参数智能整定流程（含有效性检测与震荡判断）,PID回路参数智能整定流程（含有效性检测与震荡判断）,PID回路参数智能整定流程（含有效性检测与震荡判断）,PID回路参数智能整定流程（含有效性检测与震荡判断）
statistic_ds.csv,4,statistics,新回路PID初始参数预设流程,新回路FIC102将投用使用，给我一个初始参数（核心意图）,意图边界与歧义性,相似意图区分,2004/4/2,18,9,9,新回路PID初始参数预设流程,新回路PID初始参数预设流程,新回路PID初始参数预设流程,新回路PID初始参数预设流程,新回路PID初始参数预设流程,新回路PID初始参数预设流程,新回路PID初始参数预设流程,新回路PID初始参数预设流程,新回路PID初始参数预设流程,新回路PID初始参数预设流程,新回路PID初始参数预设流程,新回路PID初始参数预设流程,新回路PID初始参数预设流程,新回路PID初始参数预设流程,新回路PID初始参数预设流程,新回路PID初始参数预设流程,新回路PID初始参数预设流程,新回路PID初始参数预设流程
statistic_ds.csv,4,statistics,新回路PID初始参数预设流程,新回路FIC102投用后，查询PID参数（非预设）,意图边界与歧义性,相似意图区分,2004/4/3,0,0,0,PID回路参数查询与基础信息维护流程,PID回路参数查询与基础信息维护流程,PID回路参数查询与基础信息维护流程,PID回路参数查询与基础信息维护流程,PID回路参数查询与基础信息维护流程,PID回路参数查询与基础信息维护流程,PID回路参数查询与基础信息维护流程,PID回路参数查询与基础信息维护流程,PID回路参数查询与基础信息维护流程,PID回路参数查询与基础信息维护流程,PID回路参数查询与基础信息维护流程,PID回路参数查询与基础信息维护流程,PID回路参数查询与基础信息维护流程,PID回路参数查询与基础信息维护流程,PID回路参数查询与基础信息维护流程,PID回路参数查询与基础信息维护流程,PID回路参数查询与基础信息维护流程,PID回路参数查询与基础信息维护流程
statistic_ds.csv,4,statistics,新回路PID初始参数预设流程,新回路FIC102投用前，修改PID初始参数（非生成）,意图边界与歧义性,相似意图区分,2004/4/4,0,0,0,PID回路参数查询与基础信息维护流程,PID回路参数查询与基础信息维护流程,PID回路参数查询与基础信息维护流程,PID回路参数查询与基础信息维护流程,PID回路参数查询与基础信息维护流程,PID回路参数查询与基础信息维护流程,PID回路参数查询与基础信息维护流程,PID回路参数查询与基础信息维护流程,PID回路参数查询与基础信息维护流程,PID回路参数查询与基础信息维护流程,PID回路参数查询与基础信息维护流程,PID回路参数查询与基础信息维护流程,PID回路参数查询与基础信息维护流程,PID回路参数查询与基础信息维护流程,PID回路参数查询与基础信息维护流程,PID回路参数查询与基础信息维护流程,PID回路参数查询与基础信息维护流程,PID回路参数查询与基础信息维护流程
statistic_ds.csv,4,statistics,新回路PID初始参数预设流程,新回路FIC102投用前，备份PID初始参数（非预设）,意图边界与歧义性,相似意图区分,2004/4/5,0,0,0,PID回路参数查询与基础信息维护流程,PID回路参数查询与基础信息维护流程,PID回路参数查询与基础信息维护流程,PID回路参数查询与基础信息维护流程,PID回路参数查询与基础信息维护流程,PID回路参数查询与基础信息维护流程,PID回路参数查询与基础信息维护流程,PID回路参数查询与基础信息维护流程,PID回路参数查询与基础信息维护流程,PID回路参数查询与基础信息维护流程,,PID回路参数查询与基础信息维护流程,PID回路参数查询与基础信息维护流程,PID回路参数查询与基础信息维护流程,,PID回路参数查询与基础信息维护流程,PID回路参数查询与基础信息维护流程,PID回路参数查询与基础信息维护流程
statistic_ds.csv,4,statistics,新回路PID初始参数预设流程,现在是周五下午，明天装置要调试，新回路FIC102将投用使用，给我一个初始参数,干扰因素与鲁棒性,冗余信息叠加,2004/5/1,18,9,9,新回路PID初始参数预设流程,新回路PID初始参数预设流程,新回路PID初始参数预设流程,新回路PID初始参数预设流程,新回路PID初始参数预设流程,新回路PID初始参数预设流程,新回路PID初始参数预设流程,新回路PID初始参数预设流程,新回路PID初始参数预设流程,新回路PID初始参数预设流程,新回路PID初始参数预设流程,新回路PID初始参数预设流程,新回路PID初始参数预设流程,新回路PID初始参数预设流程,新回路PID初始参数预设流程,新回路PID初始参数预设流程,新回路PID初始参数预设流程,新回路PID初始参数预设流程
statistic_ds.csv,4,statistics,新回路PID初始参数预设流程,刚完成回路管线安装，压力测试正常，1_fb19_10将投用使用，给我一个初始参数,干扰因素与鲁棒性,冗余信息叠加,2004/5/2,18,9,9,新回路PID初始参数预设流程,新回路PID初始参数预设流程,新回路PID初始参数预设流程,新回路PID初始参数预设流程,新回路PID初始参数预设流程,新回路PID初始参数预设流程,新回路PID初始参数预设流程,新回路PID初始参数预设流程,新回路PID初始参数预设流程,新回路PID初始参数预设流程,新回路PID初始参数预设流程,新回路PID初始参数预设流程,新回路PID初始参数预设流程,新回路PID初始参数预设流程,新回路PID初始参数预设流程,新回路PID初始参数预设流程,新回路PID初始参数预设流程,新回路PID初始参数预设流程
statistic_ds.csv,4,statistics,新回路PID初始参数预设流程,天气晴朗，设备就位完毕，装置快开车了，给我一批初始的PID参数，让我投运吧,干扰因素与鲁棒性,冗余信息叠加,2004/5/3,2,0,2,装置开车PID参数批量预设流程,装置开车PID参数批量预设流程,装置开车PID参数批量预设流程,装置开车PID参数批量预设流程,装置开车PID参数批量预设流程,装置开车PID参数批量预设流程,装置开车PID参数批量预设流程,装置开车PID参数批量预设流程,装置开车PID参数批量预设流程,装置开车PID参数批量预设流程,新回路PID初始参数预设流程,装置开车PID参数批量预设流程,装置开车PID参数批量预设流程,装置开车PID参数批量预设流程,装置开车PID参数批量预设流程,新回路PID初始参数预设流程,装置开车PID参数批量预设流程,装置开车PID参数批量预设流程
statistic_ds.csv,4,statistics,新回路PID初始参数预设流程,操作员已经培训完成，新回路FIC102将投用使用，给我一个初始参数,干扰因素与鲁棒性,冗余信息叠加,2004/5/4,18,9,9,新回路PID初始参数预设流程,新回路PID初始参数预设流程,新回路PID初始参数预设流程,新回路PID初始参数预设流程,新回路PID初始参数预设流程,新回路PID初始参数预设流程,新回路PID初始参数预设流程,新回路PID初始参数预设流程,新回路PID初始参数预设流程,新回路PID初始参数预设流程,新回路PID初始参数预设流程,新回路PID初始参数预设流程,新回路PID初始参数预设流程,新回路PID初始参数预设流程,新回路PID初始参数预设流程,新回路PID初始参数预设流程,新回路PID初始参数预设流程,新回路PID初始参数预设流程
statistic_ds.csv,4,statistics,新回路PID初始参数预设流程,物料已经到位，就等参数了，1_fb19_10将投用使用，给我一个初始参数,干扰因素与鲁棒性,冗余信息叠加,2004/5/5,18,9,9,新回路PID初始参数预设流程,新回路PID初始参数预设流程,新回路PID初始参数预设流程,新回路PID初始参数预设流程,新回路PID初始参数预设流程,新回路PID初始参数预设流程,新回路PID初始参数预设流程,新回路PID初始参数预设流程,新回路PID初始参数预设流程,新回路PID初始参数预设流程,新回路PID初始参数预设流程,新回路PID初始参数预设流程,新回路PID初始参数预设流程,新回路PID初始参数预设流程,新回路PID初始参数预设流程,新回路PID初始参数预设流程,新回路PID初始参数预设流程,新回路PID初始参数预设流程
statistic_ds.csv,4,statistics,新回路PID初始参数预设流程,装置开车前，新回路FIC102将投用使用，给我一个初始参数,实际工况适配性,全工况场景,2004/6/1,18,9,9,新回路PID初始参数预设流程,新回路PID初始参数预设流程,新回路PID初始参数预设流程,新回路PID初始参数预设流程,新回路PID初始参数预设流程,新回路PID初始参数预设流程,新回路PID初始参数预设流程,新回路PID初始参数预设流程,新回路PID初始参数预设流程,新回路PID初始参数预设流程,新回路PID初始参数预设流程,新回路PID初始参数预设流程,新回路PID初始参数预设流程,新回路PID初始参数预设流程,新回路PID初始参数预设流程,新回路PID初始参数预设流程,新回路PID初始参数预设流程,新回路PID初始参数预设流程
statistic_ds.csv,4,statistics,新回路PID初始参数预设流程,新增设备调试阶段，1_fb19_10将投用使用，给我一个初始参数,实际工况适配性,全工况场景,2004/6/2,18,9,9,新回路PID初始参数预设流程,新回路PID初始参数预设流程,新回路PID初始参数预设流程,新回路PID初始参数预设流程,新回路PID初始参数预设流程,新回路PID初始参数预设流程,新回路PID初始参数预设流程,新回路PID初始参数预设流程,新回路PID初始参数预设流程,新回路PID初始参数预设流程,新回路PID初始参数预设流程,新回路PID初始参数预设流程,新回路PID初始参数预设流程,新回路PID初始参数预设流程,新回路PID初始参数预设流程,新回路PID初始参数预设流程,新回路PID初始参数预设流程,新回路PID初始参数预设流程
statistic_ds.csv,4,statistics,新回路PID初始参数预设流程,紧急扩容改造后，装置快开车了，给我一批初始的PID参数，让我投运吧,实际工况适配性,全工况场景,2004/6/3,0,0,0,PID回路参数智能整定流程（含有效性检测与震荡判断）,PID回路参数智能整定流程（含有效性检测与震荡判断）,PID回路参数智能整定流程（含有效性检测与震荡判断）,PID回路参数智能整定流程（含有效性检测与震荡判断）,PID回路参数智能整定流程（含有效性检测与震荡判断）,PID回路参数智能整定流程（含有效性检测与震荡判断）,PID回路参数智能整定流程（含有效性检测与震荡判断）,PID回路参数智能整定流程（含有效性检测与震荡判断）,PID回路参数智能整定流程（含有效性检测与震荡判断）,PID回路参数查询与基础信息维护流程,PID回路参数查询与基础信息维护流程,PID回路参数查询与基础信息维护流程,PID回路参数查询与基础信息维护流程,装置开车PID参数批量预设流程,PID回路参数查询与基础信息维护流程,装置开车PID参数批量预设流程,装置开车PID参数批量预设流程,装置开车PID参数批量预设流程
statistic_ds.csv,4,statistics,新回路PID初始参数预设流程,故障回路替换后，新回路FIC102将投用使用，给我一个初始参数,实际工况适配性,全工况场景,2004/6/4,18,9,9,新回路PID初始参数预设流程,新回路PID初始参数预设流程,新回路PID初始参数预设流程,新回路PID初始参数预设流程,新回路PID初始参数预设流程,新回路PID初始参数预设流程,新回路PID初始参数预设流程,新回路PID初始参数预设流程,新回路PID初始参数预设流程,新回路PID初始参数预设流程,新回路PID初始参数预设流程,新回路PID初始参数预设流程,新回路PID初始参数预设流程,新回路PID初始参数预设流程,新回路PID初始参数预设流程,新回路PID初始参数预设流程,新回路PID初始参数预设流程,新回路PID初始参数预设流程
statistic_ds.csv,4,statistics,新回路PID初始参数预设流程,工艺优化升级后，1_fb19_10将投用使用，给我一个初始参数,实际工况适配性,全工况场景,2004/6/5,18,9,9,新回路PID初始参数预设流程,新回路PID初始参数预设流程,新回路PID初始参数预设流程,新回路PID初始参数预设流程,新回路PID初始参数预设流程,新回路PID初始参数预设流程,新回路PID初始参数预设流程,新回路PID初始参数预设流程,新回路PID初始参数预设流程,新回路PID初始参数预设流程,新回路PID初始参数预设流程,新回路PID初始参数预设流程,新回路PID初始参数预设流程,新回路PID初始参数预设流程,新回路PID初始参数预设流程,新回路PID初始参数预设流程,新回路PID初始参数预设流程,新回路PID初始参数预设流程
statistic_ds.csv,10,statistics,装置物料参数查询与文件异常分析流程,硫酸装置进料水的流量是多少,场景与功能全覆盖,直接复用语料,2010/1/1,18,9,9,装置物料参数查询与文件异常分析流程,装置物料参数查询与文件异常分析流程,装置物料参数查询与文件异常分析流程,装置物料参数查询与文件异常分析流程,装置物料参数查询与文件异常分析流程,装置物料参数查询与文件异常分析流程,装置物料参数查询与文件异常分析流程,装置物料参数查询与文件异常分析流程,装置物料参数查询与文件异常分析流程,装置物料参数查询与文件异常分析流程,装置物料参数查询与文件异常分析流程,装置物料参数查询与文件异常分析流程,装置物料参数查询与文件异常分析流程,装置物料参数查询与文件异常分析流程,装置物料参数查询与文件异常分析流程,装置物料参数查询与文件异常分析流程,装置物料参数查询与文件异常分析流程,装置物料参数查询与文件异常分析流程
statistic_ds.csv,10,statistics,装置物料参数查询与文件异常分析流程,甲烷装置出料常一线的流量是多少,场景与功能全覆盖,直接复用语料,2010/1/2,18,9,9,装置物料参数查询与文件异常分析流程,装置物料参数查询与文件异常分析流程,装置物料参数查询与文件异常分析流程,装置物料参数查询与文件异常分析流程,装置物料参数查询与文件异常分析流程,装置物料参数查询与文件异常分析流程,装置物料参数查询与文件异常分析流程,装置物料参数查询与文件异常分析流程,装置物料参数查询与文件异常分析流程,装置物料参数查询与文件异常分析流程,装置物料参数查询与文件异常分析流程,装置物料参数查询与文件异常分析流程,装置物料参数查询与文件异常分析流程,装置物料参数查询与文件异常分析流程,装置物料参数查询与文件异常分析流程,装置物料参数查询与文件异常分析流程,装置物料参数查询与文件异常分析流程,装置物料参数查询与文件异常分析流程
statistic_ds.csv,10,statistics,装置物料参数查询与文件异常分析流程,甲烷装置出料常一线的流量和温度分别是多少,场景与功能全覆盖,直接复用语料,2010/1/3,18,9,9,装置物料参数查询与文件异常分析流程,装置物料参数查询与文件异常分析流程,装置物料参数查询与文件异常分析流程,装置物料参数查询与文件异常分析流程,装置物料参数查询与文件异常分析流程,装置物料参数查询与文件异常分析流程,装置物料参数查询与文件异常分析流程,装置物料参数查询与文件异常分析流程,装置物料参数查询与文件异常分析流程,装置物料参数查询与文件异常分析流程,装置物料参数查询与文件异常分析流程,装置物料参数查询与文件异常分析流程,装置物料参数查询与文件异常分析流程,装置物料参数查询与文件异常分析流程,装置物料参数查询与文件异常分析流程,装置物料参数查询与文件异常分析流程,装置物料参数查询与文件异常分析流程,装置物料参数查询与文件异常分析流程
statistic_ds.csv,10,statistics,装置物料参数查询与文件异常分析流程,基于上传文件，评估设备监测有什么异常？,场景与功能全覆盖,直接复用语料,2010/1/4,0,0,0,,换热网络与换热器综合性能评估流程,换热网络与换热器综合性能评估流程,,,换热网络与换热器综合性能评估流程,换热网络与换热器综合性能评估流程,换热网络与换热器综合性能评估流程,换热网络与换热器综合性能评估流程,,,渣油泵异常检测与故障诊断流程,,,渣油泵异常检测与故障诊断流程,,,
statistic_ds.csv,10,statistics,装置物料参数查询与文件异常分析流程,甲烷装置出料常一线的温度是多少？,场景与功能全覆盖,直接复用语料,2010/1/5,18,9,9,装置物料参数查询与文件异常分析流程,装置物料参数查询与文件异常分析流程,装置物料参数查询与文件异常分析流程,装置物料参数查询与文件异常分析流程,装置物料参数查询与文件异常分析流程,装置物料参数查询与文件异常分析流程,装置物料参数查询与文件异常分析流程,装置物料参数查询与文件异常分析流程,装置物料参数查询与文件异常分析流程,装置物料参数查询与文件异常分析流程,装置物料参数查询与文件异常分析流程,装置物料参数查询与文件异常分析流程,装置物料参数查询与文件异常分析流程,装置物料参数查询与文件异常分析流程,装置物料参数查询与文件异常分析流程,装置物料参数查询与文件异常分析流程,装置物料参数查询与文件异常分析流程,装置物料参数查询与文件异常分析流程
statistic_ds.csv,10,statistics,装置物料参数查询与文件异常分析流程,查询硫酸装置进料水流量参数,输入表述形态多样性,专业规范表述,2010/2/1,0,0,0,PID回路参数查询与基础信息维护流程,PID回路参数查询与基础信息维护流程,PID回路参数查询与基础信息维护流程,PID回路参数查询与基础信息维护流程,PID回路参数查询与基础信息维护流程,PID回路参数查询与基础信息维护流程,PID回路参数查询与基础信息维护流程,PID回路参数查询与基础信息维护流程,PID回路参数查询与基础信息维护流程,,PID回路性能评估与异常诊断流程,,,,,PID回路性能评估与异常诊断流程,PID回路性能评估与异常诊断流程,PID回路性能评估与异常诊断流程
statistic_ds.csv,10,statistics,装置物料参数查询与文件异常分析流程,获取甲烷装置出料常一线流量数据,输入表述形态多样性,专业规范表述,2010/2/2,18,9,9,装置物料参数查询与文件异常分析流程,装置物料参数查询与文件异常分析流程,装置物料参数查询与文件异常分析流程,装置物料参数查询与文件异常分析流程,装置物料参数查询与文件异常分析流程,装置物料参数查询与文件异常分析流程,装置物料参数查询与文件异常分析流程,装置物料参数查询与文件异常分析流程,装置物料参数查询与文件异常分析流程,装置物料参数查询与文件异常分析流程,装置物料参数查询与文件异常分析流程,装置物料参数查询与文件异常分析流程,装置物料参数查询与文件异常分析流程,装置物料参数查询与文件异常分析流程,装置物料参数查询与文件异常分析流程,装置物料参数查询与文件异常分析流程,装置物料参数查询与文件异常分析流程,装置物料参数查询与文件异常分析流程
statistic_ds.csv,10,statistics,装置物料参数查询与文件异常分析流程,甲烷装置出料常一线流量与温度联合查询,输入表述形态多样性,专业规范表述,2010/2/3,18,9,9,装置物料参数查询与文件异常分析流程,装置物料参数查询与文件异常分析流程,装置物料参数查询与文件异常分析流程,装置物料参数查询与文件异常分析流程,装置物料参数查询与文件异常分析流程,装置物料参数查询与文件异常分析流程,装置物料参数查询与文件异常分析流程,装置物料参数查询与文件异常分析流程,装置物料参数查询与文件异常分析流程,装置物料参数查询与文件异常分析流程,装置物料参数查询与文件异常分析流程,装置物料参数查询与文件异常分析流程,装置物料参数查询与文件异常分析流程,装置物料参数查询与文件异常分析流程,装置物料参数查询与文件异常分析流程,装置物料参数查询与文件异常分析流程,装置物料参数查询与文件异常分析流程,装置物料参数查询与文件异常分析流程
statistic_ds.csv,10,statistics,装置物料参数查询与文件异常分析流程,基于上传监测文件执行设备异常评估分析,输入表述形态多样性,专业规范表述,2010/2/4,0,0,0,渣油泵异常检测与故障诊断流程,,,,,,,,,,,,,,,,,
statistic_ds.csv,10,statistics,装置物料参数查询与文件异常分析流程,查询甲烷装置出料常一线温度参数,输入表述形态多样性,专业规范表述,2010/2/5,18,9,9,装置物料参数查询与文件异常分析流程,装置物料参数查询与文件异常分析流程,装置物料参数查询与文件异常分析流程,装置物料参数查询与文件异常分析流程,装置物料参数查询与文件异常分析流程,装置物料参数查询与文件异常分析流程,装置物料参数查询与文件异常分析流程,装置物料参数查询与文件异常分析流程,装置物料参数查询与文件异常分析流程,装置物料参数查询与文件异常分析流程,装置物料参数查询与文件异常分析流程,装置物料参数查询与文件异常分析流程,装置物料参数查询与文件异常分析流程,装置物料参数查询与文件异常分析流程,装置物料参数查询与文件异常分析流程,装置物料参数查询与文件异常分析流程,装置物料参数查询与文件异常分析流程,装置物料参数查询与文件异常分析流程
statistic_ds.csv,10,statistics,装置物料参数查询与文件异常分析流程,硫酸装置进料水流量，查一下,输入表述形态多样性,口语化简化表述,2010/3/1,18,9,9,装置物料参数查询与文件异常分析流程,装置物料参数查询与文件异常分析流程,装置物料参数查询与文件异常分析流程,装置物料参数查询与文件异常分析流程,装置物料参数查询与文件异常分析流程,装置物料参数查询与文件异常分析流程,装置物料参数查询与文件异常分析流程,装置物料参数查询与文件异常分析流程,装置物料参数查询与文件异常分析流程,装置物料参数查询与文件异常分析流程,装置物料参数查询与文件异常分析流程,装置物料参数查询与文件异常分析流程,装置物料参数查询与文件异常分析流程,装置物料参数查询与文件异常分析流程,装置物料参数查询与文件异常分析流程,装置物料参数查询与文件异常分析流程,装置物料参数查询与文件异常分析流程,装置物料参数查询与文件异常分析流程
statistic_ds.csv,10,statistics,装置物料参数查询与文件异常分析流程,甲烷装置常一线流量是多少,输入表述形态多样性,口语化简化表述,2010/3/2,18,9,9,装置物料参数查询与文件异常分析流程,装置物料参数查询与文件异常分析流程,装置物料参数查询与文件异常分析流程,装置物料参数查询与文件异常分析流程,装置物料参数查询与文件异常分析流程,装置物料参数查询与文件异常分析流程,装置物料参数查询与文件异常分析流程,装置物料参数查询与文件异常分析流程,装置物料参数查询与文件异常分析流程,装置物料参数查询与文件异常分析流程,装置物料参数查询与文件异常分析流程,装置物料参数查询与文件异常分析流程,装置物料参数查询与文件异常分析流程,装置物料参数查询与文件异常分析流程,装置物料参数查询与文件异常分析流程,装置物料参数查询与文件异常分析流程,装置物料参数查询与文件异常分析流程,装置物料参数查询与文件异常分析流程
statistic_ds.csv,10,statistics,装置物料参数查询与文件异常分析流程,甲烷常一线流量温度都要,输入表述形态多样性,口语化简化表述,2010/3/3,0,0,0,,,,,,,新回路PID初始参数预设流程,新回路PID初始参数预设流程,,APC控制方案优化与设备稳定性提升流程,,APC控制方案优化与设备稳定性提升流程,APC控制方案优化与设备稳定性提升流程,APC控制方案优化与设备稳定性提升流程,,APC控制方案优化与设备稳定性提升流程,APC控制方案优化与设备稳定性提升流程,
statistic_ds.csv,10,statistics,装置物料参数查询与文件异常分析流程,上传文件，看看设备有什么异常,输入表述形态多样性,口语化简化表述,2010/3/4,0,0,0,渣油泵异常检测与故障诊断流程,渣油泵异常检测与故障诊断流程,渣油泵异常检测与故障诊断流程,渣油泵异常检测与故障诊断流程,渣油泵异常检测与故障诊断流程,渣油泵异常检测与故障诊断流程,渣油泵异常检测与故障诊断流程,渣油泵异常检测与故障诊断流程,渣油泵异常检测与故障诊断流程,渣油泵异常检测与故障诊断流程,渣油泵异常检测与故障诊断流程,渣油泵异常检测与故障诊断流程,渣油泵异常检测与故障诊断流程,渣油泵异常检测与故障诊断流程,渣油泵异常检测与故障诊断流程,渣油泵异常检测与故障诊断流程,渣油泵异常检测与故障诊断流程,渣油泵异常检测与故障诊断流程
statistic_ds.csv,10,statistics,装置物料参数查询与文件异常分析流程,甲烷常一线温度，给我看下,输入表述形态多样性,口语化简化表述,2010/3/5,0,0,0,PID回路性能评估与异常诊断流程,PID回路性能评估与异常诊断流程,PID回路性能评估与异常诊断流程,PID回路性能评估与异常诊断流程,PID回路性能评估与异常诊断流程,PID回路性能评估与异常诊断流程,PID回路性能评估与异常诊断流程,PID回路性能评估与异常诊断流程,PID回路性能评估与异常诊断流程,,,,,,PID回路参数查询与基础信息维护流程,,,
statistic_ds.csv,10,statistics,装置物料参数查询与文件异常分析流程,修改硫酸装置进料水流量参数（非查询）,意图边界与歧义性,相似意图区分,2010/4/1,0,0,0,PID回路参数查询与基础信息维护流程,PID回路参数查询与基础信息维护流程,PID回路参数查询与基础信息维护流程,PID回路参数查询与基础信息维护流程,PID回路参数查询与基础信息维护流程,PID回路参数查询与基础信息维护流程,PID回路参数查询与基础信息维护流程,PID回路参数查询与基础信息维护流程,PID回路参数查询与基础信息维护流程,PID回路参数查询与基础信息维护流程,PID回路参数查询与基础信息维护流程,,PID回路参数查询与基础信息维护流程,PID回路参数查询与基础信息维护流程,PID回路参数查询与基础信息维护流程,PID回路参数查询与基础信息维护流程,PID回路参数查询与基础信息维护流程,
statistic_ds.csv,10,statistics,装置物料参数查询与文件异常分析流程,硫酸装置进料水的流量是多少（核心意图）,意图边界与歧义性,相似意图区分,2010/4/2,18,9,9,装置物料参数查询与文件异常分析流程,装置物料参数查询与文件异常分析流程,装置物料参数查询与文件异常分析流程,装置物料参数查询与文件异常分析流程,装置物料参数查询与文件异常分析流程,装置物料参数查询与文件异常分析流程,装置物料参数查询与文件异常分析流程,装置物料参数查询与文件异常分析流程,装置物料参数查询与文件异常分析流程,装置物料参数查询与文件异常分析流程,装置物料参数查询与文件异常分析流程,装置物料参数查询与文件异常分析流程,装置物料参数查询与文件异常分析流程,装置物料参数查询与文件异常分析流程,装置物料参数查询与文件异常分析流程,装置物料参数查询与文件异常分析流程,装置物料参数查询与文件异常分析流程,装置物料参数查询与文件异常分析流程
statistic_ds.csv,10,statistics,装置物料参数查询与文件异常分析流程,备份甲烷装置出料数据（非查询）,意图边界与歧义性,相似意图区分,2010/4/3,0,0,0,XLSX文件数据解析与异常分析流程,XLSX文件数据解析与异常分析流程,XLSX文件数据解析与异常分析流程,XLSX文件数据解析与异常分析流程,XLSX文件数据解析与异常分析流程,XLSX文件数据解析与异常分析流程,XLSX文件数据解析与异常分析流程,XLSX文件数据解析与异常分析流程,XLSX文件数据解析与异常分析流程,XLSX文件数据解析与异常分析流程,,,XLSX文件数据解析与异常分析流程,,,,XLSX文件数据解析与异常分析流程,
statistic_ds.csv,10,statistics,装置物料参数查询与文件异常分析流程,校准流量测量仪表（非查询）,意图边界与歧义性,相似意图区分,2010/4/4,0,0,0,,,,,,,,,,,,,,,,,,
statistic_ds.csv,10,statistics,装置物料参数查询与文件异常分析流程,优化物料控制参数（非查询）,意图边界与歧义性,相似意图区分,2010/4/5,0,0,0,PID回路参数智能整定流程（含有效性检测与震荡判断）,PID回路参数智能整定流程（含有效性检测与震荡判断）,PID回路参数智能整定流程（含有效性检测与震荡判断）,PID回路参数智能整定流程（含有效性检测与震荡判断）,PID回路参数智能整定流程（含有效性检测与震荡判断）,PID回路参数智能整定流程（含有效性检测与震荡判断）,PID回路参数智能整定流程（含有效性检测与震荡判断）,PID回路参数智能整定流程（含有效性检测与震荡判断）,PID回路参数智能整定流程（含有效性检测与震荡判断）,PID回路参数智能整定流程（含有效性检测与震荡判断）,PID回路参数智能整定流程（含有效性检测与震荡判断）,PID回路参数智能整定流程（含有效性检测与震荡判断）,PID回路参数智能整定流程（含有效性检测与震荡判断）,PID回路参数智能整定流程（含有效性检测与震荡判断）,PID回路参数智能整定流程（含有效性检测与震荡判断）,PID回路参数智能整定流程（含有效性检测与震荡判断）,PID回路参数智能整定流程（含有效性检测与震荡判断）,PID回路参数智能整定流程（含有效性检测与震荡判断）
statistic_ds.csv,10,statistics,装置物料参数查询与文件异常分析流程,现在是夜班，设备运行平稳，硫酸装置进料水的流量是多少,干扰因素与鲁棒性,冗余信息叠加,2010/5/1,0,0,0,PID回路性能评估与异常诊断流程,PID回路性能评估与异常诊断流程,,PID回路性能评估与异常诊断流程,,,PID回路性能评估与异常诊断流程,,,PID回路参数查询与基础信息维护流程,PID回路参数查询与基础信息维护流程,PID回路参数查询与基础信息维护流程,PID回路参数查询与基础信息维护流程,PID回路参数查询与基础信息维护流程,PID回路参数查询与基础信息维护流程,PID回路参数查询与基础信息维护流程,PID回路参数查询与基础信息维护流程,PID回路参数查询与基础信息维护流程
statistic_ds.csv,10,statistics,装置物料参数查询与文件异常分析流程,刚完成仪表校验，数据应该准确，甲烷装置出料常一线的流量是多少,干扰因素与鲁棒性,冗余信息叠加,2010/5/2,18,9,9,装置物料参数查询与文件异常分析流程,装置物料参数查询与文件异常分析流程,装置物料参数查询与文件异常分析流程,装置物料参数查询与文件异常分析流程,装置物料参数查询与文件异常分析流程,装置物料参数查询与文件异常分析流程,装置物料参数查询与文件异常分析流程,装置物料参数查询与文件异常分析流程,装置物料参数查询与文件异常分析流程,装置物料参数查询与文件异常分析流程,装置物料参数查询与文件异常分析流程,装置物料参数查询与文件异常分析流程,装置物料参数查询与文件异常分析流程,装置物料参数查询与文件异常分析流程,装置物料参数查询与文件异常分析流程,装置物料参数查询与文件异常分析流程,装置物料参数查询与文件异常分析流程,装置物料参数查询与文件异常分析流程
statistic_ds.csv,10,statistics,装置物料参数查询与文件异常分析流程,操作员反映参数波动，甲烷装置出料常一线的流量和温度分别是多少,干扰因素与鲁棒性,冗余信息叠加,2010/5/3,0,0,0,PID回路参数查询与基础信息维护流程,PID回路参数查询与基础信息维护流程,PID回路参数查询与基础信息维护流程,PID回路参数查询与基础信息维护流程,PID回路参数查询与基础信息维护流程,PID回路参数查询与基础信息维护流程,PID回路参数查询与基础信息维护流程,PID回路参数查询与基础信息维护流程,PID回路参数查询与基础信息维护流程,PID回路参数查询与基础信息维护流程,PID回路参数查询与基础信息维护流程,PID回路参数查询与基础信息维护流程,PID回路参数查询与基础信息维护流程,PID回路参数查询与基础信息维护流程,PID回路参数查询与基础信息维护流程,PID回路参数查询与基础信息维护流程,PID回路参数查询与基础信息维护流程,PID回路参数查询与基础信息维护流程
statistic_ds.csv,10,statistics,装置物料参数查询与文件异常分析流程,监测数据已上传完成，基于上传文件，评估设备监测有什么异常？,干扰因素与鲁棒性,冗余信息叠加,2010/5/4,0,0,0,渣油泵异常检测与故障诊断流程,渣油泵异常检测与故障诊断流程,渣油泵异常检测与故障诊断流程,渣油泵异常检测与故障诊断流程,渣油泵异常检测与故障诊断流程,渣油泵异常检测与故障诊断流程,渣油泵异常检测与故障诊断流程,渣油泵异常检测与故障诊断流程,渣油泵异常检测与故障诊断流程,渣油泵异常检测与故障诊断流程,渣油泵异常检测与故障诊断流程,渣油泵异常检测与故障诊断流程,渣油泵异常检测与故障诊断流程,渣油泵异常检测与故障诊断流程,渣油泵异常检测与故障诊断流程,渣油泵异常检测与故障诊断流程,XLSX文件数据解析与异常分析流程,渣油泵异常检测与故障诊断流程
statistic_ds.csv,10,statistics,装置物料参数查询与文件异常分析流程,温度控制需要参考，甲烷装置出料常一线的温度是多少？,干扰因素与鲁棒性,冗余信息叠加,2010/5/5,18,9,9,装置物料参数查询与文件异常分析流程,装置物料参数查询与文件异常分析流程,装置物料参数查询与文件异常分析流程,装置物料参数查询与文件异常分析流程,装置物料参数查询与文件异常分析流程,装置物料参数查询与文件异常分析流程,装置物料参数查询与文件异常分析流程,装置物料参数查询与文件异常分析流程,装置物料参数查询与文件异常分析流程,装置物料参数查询与文件异常分析流程,装置物料参数查询与文件异常分析流程,装置物料参数查询与文件异常分析流程,装置物料参数查询与文件异常分析流程,装置物料参数查询与文件异常分析流程,装置物料参数查询与文件异常分析流程,装置物料参数查询与文件异常分析流程,装置物料参数查询与文件异常分析流程,装置物料参数查询与文件异常分析流程
statistic_ds.csv,10,statistics,装置物料参数查询与文件异常分析流程,装置开车阶段，硫酸装置进料水的流量是多少,实际工况适配性,全工况场景,2010/6/1,0,0,0,装置开车PID参数批量预设流程,装置开车PID参数批量预设流程,装置开车PID参数批量预设流程,装置开车PID参数批量预设流程,装置开车PID参数批量预设流程,装置开车PID参数批量预设流程,装置开车PID参数批量预设流程,装置开车PID参数批量预设流程,装置开车PID参数批量预设流程,PID回路参数智能整定流程（含有效性检测与震荡判断）,PID回路参数智能整定流程（含有效性检测与震荡判断）,PID回路参数智能整定流程（含有效性检测与震荡判断）,PID回路参数智能整定流程（含有效性检测与震荡判断）,PID回路参数智能整定流程（含有效性检测与震荡判断）,PID回路参数智能整定流程（含有效性检测与震荡判断）,PID回路参数智能整定流程（含有效性检测与震荡判断）,PID回路参数智能整定流程（含有效性检测与震荡判断）,PID回路参数智能整定流程（含有效性检测与震荡判断）
statistic_ds.csv,10,statistics,装置物料参数查询与文件异常分析流程,稳态运行时，甲烷装置出料常一线的流量是多少,实际工况适配性,全工况场景,2010/6/2,18,9,9,装置物料参数查询与文件异常分析流程,装置物料参数查询与文件异常分析流程,装置物料参数查询与文件异常分析流程,装置物料参数查询与文件异常分析流程,装置物料参数查询与文件异常分析流程,装置物料参数查询与文件异常分析流程,装置物料参数查询与文件异常分析流程,装置物料参数查询与文件异常分析流程,装置物料参数查询与文件异常分析流程,装置物料参数查询与文件异常分析流程,装置物料参数查询与文件异常分析流程,装置物料参数查询与文件异常分析流程,装置物料参数查询与文件异常分析流程,装置物料参数查询与文件异常分析流程,装置物料参数查询与文件异常分析流程,装置物料参数查询与文件异常分析流程,装置物料参数查询与文件异常分析流程,装置物料参数查询与文件异常分析流程
statistic_ds.csv,10,statistics,装置物料参数查询与文件异常分析流程,原料切换期间，甲烷装置出料常一线的流量和温度分别是多少,实际工况适配性,全工况场景,2010/6/3,0,0,0,,,,,,,,,,,,,,,,,,
statistic_ds.csv,10,statistics,装置物料参数查询与文件异常分析流程,设备故障排查时，基于上传文件，评估设备监测有什么异常？,实际工况适配性,全工况场景,2010/6/4,0,0,0,换热网络与换热器综合性能评估流程,换热网络与换热器综合性能评估流程,,换热网络与换热器综合性能评估流程,换热网络与换热器综合性能评估流程,,换热网络与换热器综合性能评估流程,渣油泵异常检测与故障诊断流程,换热网络与换热器综合性能评估流程,,,,,,,,,
statistic_ds.csv,10,statistics,装置物料参数查询与文件异常分析流程,工艺调整期，甲烷装置出料常一线的温度是多少？,实际工况适配性,全工况场景,2010/6/5,18,9,9,装置物料参数查询与文件异常分析流程,装置物料参数查询与文件异常分析流程,装置物料参数查询与文件异常分析流程,装置物料参数查询与文件异常分析流程,装置物料参数查询与文件异常分析流程,装置物料参数查询与文件异常分析流程,装置物料参数查询与文件异常分析流程,装置物料参数查询与文件异常分析流程,装置物料参数查询与文件异常分析流程,装置物料参数查询与文件异常分析流程,装置物料参数查询与文件异常分析流程,装置物料参数查询与文件异常分析流程,装置物料参数查询与文件异常分析流程,装置物料参数查询与文件异常分析流程,装置物料参数查询与文件异常分析流程,装置物料参数查询与文件异常分析流程,装置物料参数查询与文件异常分析流程,装置物料参数查询与文件异常分析流程
statistic_ds.csv,11,statistics,XLSX文件数据解析与异常分析流程,基于xlsx上传文件，帮我分析存在什么异常？,场景与功能全覆盖,直接复用语料,2011/1/1,9,9,0,XLSX文件数据解析与异常分析流程,XLSX文件数据解析与异常分析流程,XLSX文件数据解析与异常分析流程,XLSX文件数据解析与异常分析流程,XLSX文件数据解析与异常分析流程,XLSX文件数据解析与异常分析流程,XLSX文件数据解析与异常分析流程,XLSX文件数据解析与异常分析流程,XLSX文件数据解析与异常分析流程,,,,,,,,,
statistic_ds.csv,11,statistics,XLSX文件数据解析与异常分析流程,基于xlsx上传文件，帮我分析存在什么异常？,场景与功能全覆盖,直接复用语料,2011/1/2,9,9,0,XLSX文件数据解析与异常分析流程,XLSX文件数据解析与异常分析流程,XLSX文件数据解析与异常分析流程,XLSX文件数据解析与异常分析流程,XLSX文件数据解析与异常分析流程,XLSX文件数据解析与异常分析流程,XLSX文件数据解析与异常分析流程,XLSX文件数据解析与异常分析流程,XLSX文件数据解析与异常分析流程,,,,,,,,,
statistic_ds.csv,11,statistics,XLSX文件数据解析与异常分析流程,基于xlsx上传文件，帮我分析存在什么异常？,场景与功能全覆盖,直接复用语料,2011/1/3,9,9,0,XLSX文件数据解析与异常分析流程,XLSX文件数据解析与异常分析流程,XLSX文件数据解析与异常分析流程,XLSX文件数据解析与异常分析流程,XLSX文件数据解析与异常分析流程,XLSX文件数据解析与异常分析流程,XLSX文件数据解析与异常分析流程,XLSX文件数据解析与异常分析流程,XLSX文件数据解析与异常分析流程,,,,,,,,,
statistic_ds.csv,11,statistics,XLSX文件数据解析与异常分析流程,基于xlsx上传文件，帮我分析存在什么异常？,场景与功能全覆盖,直接复用语料,2011/1/4,9,9,0,XLSX文件数据解析与异常分析流程,XLSX文件数据解析与异常分析流程,XLSX文件数据解析与异常分析流程,XLSX文件数据解析与异常分析流程,XLSX文件数据解析与异常分析流程,XLSX文件数据解析与异常分析流程,XLSX文件数据解析与异常分析流程,XLSX文件数据解析与异常分析流程,XLSX文件数据解析与异常分析流程,,,,,,,,,
statistic_ds.csv,11,statistics,XLSX文件数据解析与异常分析流程,基于xlsx上传文件，帮我分析存在什么异常？,场景与功能全覆盖,直接复用语料,2011/1/5,9,9,0,XLSX文件数据解析与异常分析流程,XLSX文件数据解析与异常分析流程,XLSX文件数据解析与异常分析流程,XLSX文件数据解析与异常分析流程,XLSX文件数据解析与异常分析流程,XLSX文件数据解析与异常分析流程,XLSX文件数据解析与异常分析流程,XLSX文件数据解析与异常分析流程,XLSX文件数据解析与异常分析流程,,,,,,,,,
statistic_ds.csv,11,statistics,XLSX文件数据解析与异常分析流程,执行XLSX文件数据解析与异常分析流程,输入表述形态多样性,专业规范表述,2011/2/1,9,0,9,,,,,,,,,,XLSX文件数据解析与异常分析流程,XLSX文件数据解析与异常分析流程,XLSX文件数据解析与异常分析流程,XLSX文件数据解析与异常分析流程,XLSX文件数据解析与异常分析流程,XLSX文件数据解析与异常分析流程,XLSX文件数据解析与异常分析流程,XLSX文件数据解析与异常分析流程,XLSX文件数据解析与异常分析流程
statistic_ds.csv,11,statistics,XLSX文件数据解析与异常分析流程,XLSX格式上传文件数据解析及异常检测分析,输入表述形态多样性,专业规范表述,2011/2/2,10,9,1,XLSX文件数据解析与异常分析流程,XLSX文件数据解析与异常分析流程,XLSX文件数据解析与异常分析流程,XLSX文件数据解析与异常分析流程,XLSX文件数据解析与异常分析流程,XLSX文件数据解析与异常分析流程,XLSX文件数据解析与异常分析流程,XLSX文件数据解析与异常分析流程,XLSX文件数据解析与异常分析流程,,,PDF文件数据解析与异常分析流程,XLSX文件数据解析与异常分析流程,,,,,
statistic_ds.csv,11,statistics,XLSX文件数据解析与异常分析流程,基于XLSX文件的数据异常分析报告生成,输入表述形态多样性,专业规范表述,2011/2/3,0,0,0,,,,,,,,,,,,,,,,,,
statistic_ds.csv,11,statistics,XLSX文件数据解析与异常分析流程,XLSX文件数据解析与异常识别综合流程,输入表述形态多样性,专业规范表述,2011/2/4,0,0,0,,,,,,,,,,,,,,,,,,
statistic_ds.csv,11,statistics,XLSX文件数据解析与异常分析流程,执行XLSX格式数据文件异常分析,输入表述形态多样性,专业规范表述,2011/2/5,9,9,0,XLSX文件数据解析与异常分析流程,XLSX文件数据解析与异常分析流程,XLSX文件数据解析与异常分析流程,XLSX文件数据解析与异常分析流程,XLSX文件数据解析与异常分析流程,XLSX文件数据解析与异常分析流程,XLSX文件数据解析与异常分析流程,XLSX文件数据解析与异常分析流程,XLSX文件数据解析与异常分析流程,PID回路性能评估与异常诊断流程,PID回路性能评估与异常诊断流程,PID回路性能评估与异常诊断流程,PID回路性能评估与异常诊断流程,PID回路性能评估与异常诊断流程,PID回路性能评估与异常诊断流程,PID回路性能评估与异常诊断流程,,PID回路性能评估与异常诊断流程
statistic_ds.csv,11,statistics,XLSX文件数据解析与异常分析流程,xlsx文件，分析异常,输入表述形态多样性,口语化简化表述,2011/3/1,18,9,9,XLSX文件数据解析与异常分析流程,XLSX文件数据解析与异常分析流程,XLSX文件数据解析与异常分析流程,XLSX文件数据解析与异常分析流程,XLSX文件数据解析与异常分析流程,XLSX文件数据解析与异常分析流程,XLSX文件数据解析与异常分析流程,XLSX文件数据解析与异常分析流程,XLSX文件数据解析与异常分析流程,XLSX文件数据解析与异常分析流程,XLSX文件数据解析与异常分析流程,XLSX文件数据解析与异常分析流程,XLSX文件数据解析与异常分析流程,XLSX文件数据解析与异常分析流程,XLSX文件数据解析与异常分析流程,XLSX文件数据解析与异常分析流程,XLSX文件数据解析与异常分析流程,XLSX文件数据解析与异常分析流程
statistic_ds.csv,11,statistics,XLSX文件数据解析与异常分析流程,上传xlsx文件，看看有什么问题,输入表述形态多样性,口语化简化表述,2011/3/2,0,0,0,,,,,,,,,,,,,,,,,,
statistic_ds.csv,11,statistics,XLSX文件数据解析与异常分析流程,xlsx数据解析，异常检测,输入表述形态多样性,口语化简化表述,2011/3/3,0,0,0,,,,,,,,,,,,,,,,,,
statistic_ds.csv,11,statistics,XLSX文件数据解析与异常分析流程,分析xlsx文件异常,输入表述形态多样性,口语化简化表述,2011/3/4,2,0,2,装置物料参数查询与文件异常分析流程,装置物料参数查询与文件异常分析流程,装置物料参数查询与文件异常分析流程,装置物料参数查询与文件异常分析流程,装置物料参数查询与文件异常分析流程,装置物料参数查询与文件异常分析流程,装置物料参数查询与文件异常分析流程,装置物料参数查询与文件异常分析流程,装置物料参数查询与文件异常分析流程,PDF文件数据解析与异常分析流程,XLSX文件数据解析与异常分析流程,PDF文件数据解析与异常分析流程,PDF文件数据解析与异常分析流程,XLSX文件数据解析与异常分析流程,PDF文件数据解析与异常分析流程,PDF文件数据解析与异常分析流程,PDF文件数据解析与异常分析流程,PDF文件数据解析与异常分析流程
statistic_ds.csv,11,statistics,XLSX文件数据解析与异常分析流程,xlsx文件，异常分析快点,输入表述形态多样性,口语化简化表述,2011/3/5,18,9,9,XLSX文件数据解析与异常分析流程,XLSX文件数据解析与异常分析流程,XLSX文件数据解析与异常分析流程,XLSX文件数据解析与异常分析流程,XLSX文件数据解析与异常分析流程,XLSX文件数据解析与异常分析流程,XLSX文件数据解析与异常分析流程,XLSX文件数据解析与异常分析流程,XLSX文件数据解析与异常分析流程,XLSX文件数据解析与异常分析流程,XLSX文件数据解析与异常分析流程,XLSX文件数据解析与异常分析流程,XLSX文件数据解析与异常分析流程,XLSX文件数据解析与异常分析流程,XLSX文件数据解析与异常分析流程,XLSX文件数据解析与异常分析流程,XLSX文件数据解析与异常分析流程,XLSX文件数据解析与异常分析流程
statistic_ds.csv,11,statistics,XLSX文件数据解析与异常分析流程,查询XLSX文件基本信息（非异常分析）,意图边界与歧义性,相似意图区分,2011/4/1,9,9,0,XLSX文件数据解析与异常分析流程,XLSX文件数据解析与异常分析流程,XLSX文件数据解析与异常分析流程,XLSX文件数据解析与异常分析流程,XLSX文件数据解析与异常分析流程,XLSX文件数据解析与异常分析流程,XLSX文件数据解析与异常分析流程,XLSX文件数据解析与异常分析流程,XLSX文件数据解析与异常分析流程,装置物料参数查询与文件异常分析流程,装置物料参数查询与文件异常分析流程,装置物料参数查询与文件异常分析流程,装置物料参数查询与文件异常分析流程,装置物料参数查询与文件异常分析流程,装置物料参数查询与文件异常分析流程,装置物料参数查询与文件异常分析流程,装置物料参数查询与文件异常分析流程,装置物料参数查询与文件异常分析流程
statistic_ds.csv,11,statistics,XLSX文件数据解析与异常分析流程,基于xlsx上传文件，帮我分析存在什么异常（核心意图）,意图边界与歧义性,相似意图区分,2011/4/2,0,0,0,PID回路性能评估与异常诊断流程,PID回路性能评估与异常诊断流程,PID回路性能评估与异常诊断流程,PID回路性能评估与异常诊断流程,PID回路性能评估与异常诊断流程,PID回路性能评估与异常诊断流程,,PID回路性能评估与异常诊断流程,PID回路性能评估与异常诊断流程,,,,,,,,,
statistic_ds.csv,11,statistics,XLSX文件数据解析与异常分析流程,修改XLSX文件数据（非异常分析）,意图边界与歧义性,相似意图区分,2011/4/3,0,0,0,,,,,,,,,,,,,,,,,,
statistic_ds.csv,11,statistics,XLSX文件数据解析与异常分析流程,备份XLSX文件（非异常分析）,意图边界与歧义性,相似意图区分,2011/4/4,0,0,0,,,,,,,,,,,,,,,,,,
statistic_ds.csv,11,statistics,XLSX文件数据解析与异常分析流程,导出XLSX文件数据（非异常分析）,意图边界与歧义性,相似意图区分,2011/4/5,0,0,0,,,,,,,,,,,,,,,,,,
statistic_ds.csv,11,statistics,XLSX文件数据解析与异常分析流程,数据采集已完成，基于xlsx上传文件，帮我分析存在什么异常？,干扰因素与鲁棒性,冗余信息叠加,2011/5/1,10,9,1,XLSX文件数据解析与异常分析流程,XLSX文件数据解析与异常分析流程,XLSX文件数据解析与异常分析流程,XLSX文件数据解析与异常分析流程,XLSX文件数据解析与异常分析流程,XLSX文件数据解析与异常分析流程,XLSX文件数据解析与异常分析流程,XLSX文件数据解析与异常分析流程,XLSX文件数据解析与异常分析流程,,,PID回路参数智能整定流程（含有效性检测与震荡判断）,,PDF文件数据解析与异常分析流程,XLSX文件数据解析与异常分析流程,,,
statistic_ds.csv,11,statistics,XLSX文件数据解析与异常分析流程,文件格式正确，基于xlsx上传文件，帮我分析存在什么异常？,干扰因素与鲁棒性,冗余信息叠加,2011/5/2,0,0,0,,,,,,,,,,,,,,,,,,
statistic_ds.csv,11,statistics,XLSX文件数据解析与异常分析流程,监测周期完整，基于xlsx上传文件，帮我分析存在什么异常？,干扰因素与鲁棒性,冗余信息叠加,2011/5/3,9,9,0,XLSX文件数据解析与异常分析流程,XLSX文件数据解析与异常分析流程,XLSX文件数据解析与异常分析流程,XLSX文件数据解析与异常分析流程,XLSX文件数据解析与异常分析流程,XLSX文件数据解析与异常分析流程,XLSX文件数据解析与异常分析流程,XLSX文件数据解析与异常分析流程,XLSX文件数据解析与异常分析流程,,,,,,,,,
statistic_ds.csv,11,statistics,XLSX文件数据解析与异常分析流程,数据质量良好，基于xlsx上传文件，帮我分析存在什么异常？,干扰因素与鲁棒性,冗余信息叠加,2011/5/4,0,0,0,PID回路性能评估与异常诊断流程,,PID回路参数智能整定流程（含有效性检测与震荡判断）,PID回路性能评估与异常诊断流程,PID回路参数智能整定流程（含有效性检测与震荡判断）,PID回路参数智能整定流程（含有效性检测与震荡判断）,,PID回路性能评估与异常诊断流程,PID回路性能评估与异常诊断流程,,,,,,,,,
statistic_ds.csv,11,statistics,XLSX文件数据解析与异常分析流程,分析需求明确，基于xlsx上传文件，帮我分析存在什么异常？,干扰因素与鲁棒性,冗余信息叠加,2011/5/5,0,0,0,PID回路性能评估与异常诊断流程,,,PID回路参数智能整定流程（含有效性检测与震荡判断）,PID回路参数智能整定流程（含有效性检测与震荡判断）,,PID回路性能评估与异常诊断流程,PID回路性能评估与异常诊断流程,PID回路性能评估与异常诊断流程,,,,,,,,,
statistic_ds.csv,11,statistics,XLSX文件数据解析与异常分析流程,设备定期监测，基于xlsx上传文件，帮我分析存在什么异常？,实际工况适配性,全工况场景,2011/6/1,0,0,0,渣油泵异常检测与故障诊断流程,,,,,,,,,,,渣油泵异常检测与故障诊断流程,,,渣油泵异常检测与故障诊断流程,,,
statistic_ds.csv,11,statistics,XLSX文件数据解析与异常分析流程,故障排查期，基于xlsx上传文件，帮我分析存在什么异常？,实际工况适配性,全工况场景,2011/6/2,15,9,6,XLSX文件数据解析与异常分析流程,XLSX文件数据解析与异常分析流程,XLSX文件数据解析与异常分析流程,XLSX文件数据解析与异常分析流程,XLSX文件数据解析与异常分析流程,XLSX文件数据解析与异常分析流程,XLSX文件数据解析与异常分析流程,XLSX文件数据解析与异常分析流程,XLSX文件数据解析与异常分析流程,XLSX文件数据解析与异常分析流程,XLSX文件数据解析与异常分析流程,PDF文件数据解析与异常分析流程,PDF文件数据解析与异常分析流程,XLSX文件数据解析与异常分析流程,XLSX文件数据解析与异常分析流程,XLSX文件数据解析与异常分析流程,PDF文件数据解析与异常分析流程,XLSX文件数据解析与异常分析流程
statistic_ds.csv,11,statistics,XLSX文件数据解析与异常分析流程,性能评估需求，基于xlsx上传文件，帮我分析存在什么异常？,实际工况适配性,全工况场景,2011/6/3,9,9,0,XLSX文件数据解析与异常分析流程,XLSX文件数据解析与异常分析流程,XLSX文件数据解析与异常分析流程,XLSX文件数据解析与异常分析流程,XLSX文件数据解析与异常分析流程,XLSX文件数据解析与异常分析流程,XLSX文件数据解析与异常分析流程,XLSX文件数据解析与异常分析流程,XLSX文件数据解析与异常分析流程,,,,,,,,,
statistic_ds.csv,11,statistics,XLSX文件数据解析与异常分析流程,维护计划制定，基于xlsx上传文件，帮我分析存在什么异常？,实际工况适配性,全工况场景,2011/6/4,0,0,0,,,,,,,,,,,,,,,,,,
statistic_ds.csv,11,statistics,XLSX文件数据解析与异常分析流程,技术改造前，基于xlsx上传文件，帮我分析存在什么异常？,实际工况适配性,全工况场景,2011/6/5,0,0,0,,,,,,,,,,PID回路参数智能整定流程（含有效性检测与震荡判断）,PID回路参数智能整定流程（含有效性检测与震荡判断）,PID回路参数智能整定流程（含有效性检测与震荡判断）,PID回路参数智能整定流程（含有效性检测与震荡判断）,PID回路参数智能整定流程（含有效性检测与震荡判断）,PID回路参数智能整定流程（含有效性检测与震荡判断）,,,PID回路参数智能整定流程（含有效性检测与震荡判断）
statistic_ds.csv,12,statistics,PDF文件数据解析与异常分析流程,基于pdf上传文件，帮我分析存在什么异常？,场景与功能全覆盖,直接复用语料,2012/1/1,0,0,0,XLSX文件数据解析与异常分析流程,XLSX文件数据解析与异常分析流程,XLSX文件数据解析与异常分析流程,XLSX文件数据解析与异常分析流程,XLSX文件数据解析与异常分析流程,XLSX文件数据解析与异常分析流程,XLSX文件数据解析与异常分析流程,XLSX文件数据解析与异常分析流程,XLSX文件数据解析与异常分析流程,,XLSX文件数据解析与异常分析流程,,XLSX文件数据解析与异常分析流程,,XLSX文件数据解析与异常分析流程,,,
statistic_ds.csv,12,statistics,PDF文件数据解析与异常分析流程,基于pdf上传文件，帮我分析存在什么异常？,场景与功能全覆盖,直接复用语料,2012/1/2,0,0,0,XLSX文件数据解析与异常分析流程,XLSX文件数据解析与异常分析流程,XLSX文件数据解析与异常分析流程,XLSX文件数据解析与异常分析流程,XLSX文件数据解析与异常分析流程,XLSX文件数据解析与异常分析流程,XLSX文件数据解析与异常分析流程,XLSX文件数据解析与异常分析流程,XLSX文件数据解析与异常分析流程,,XLSX文件数据解析与异常分析流程,,XLSX文件数据解析与异常分析流程,,XLSX文件数据解析与异常分析流程,,,
statistic_ds.csv,12,statistics,PDF文件数据解析与异常分析流程,基于pdf上传文件，帮我分析存在什么异常？,场景与功能全覆盖,直接复用语料,2012/1/3,0,0,0,XLSX文件数据解析与异常分析流程,XLSX文件数据解析与异常分析流程,XLSX文件数据解析与异常分析流程,XLSX文件数据解析与异常分析流程,XLSX文件数据解析与异常分析流程,XLSX文件数据解析与异常分析流程,XLSX文件数据解析与异常分析流程,XLSX文件数据解析与异常分析流程,XLSX文件数据解析与异常分析流程,,XLSX文件数据解析与异常分析流程,,XLSX文件数据解析与异常分析流程,,XLSX文件数据解析与异常分析流程,,,
statistic_ds.csv,12,statistics,PDF文件数据解析与异常分析流程,基于pdf上传文件，帮我分析存在什么异常？,场景与功能全覆盖,直接复用语料,2012/1/4,0,0,0,XLSX文件数据解析与异常分析流程,XLSX文件数据解析与异常分析流程,XLSX文件数据解析与异常分析流程,XLSX文件数据解析与异常分析流程,XLSX文件数据解析与异常分析流程,XLSX文件数据解析与异常分析流程,XLSX文件数据解析与异常分析流程,XLSX文件数据解析与异常分析流程,XLSX文件数据解析与异常分析流程,,XLSX文件数据解析与异常分析流程,,XLSX文件数据解析与异常分析流程,,XLSX文件数据解析与异常分析流程,,,
statistic_ds.csv,12,statistics,PDF文件数据解析与异常分析流程,基于pdf上传文件，帮我分析存在什么异常？,场景与功能全覆盖,直接复用语料,2012/1/5,0,0,0,XLSX文件数据解析与异常分析流程,XLSX文件数据解析与异常分析流程,XLSX文件数据解析与异常分析流程,XLSX文件数据解析与异常分析流程,XLSX文件数据解析与异常分析流程,XLSX文件数据解析与异常分析流程,XLSX文件数据解析与异常分析流程,XLSX文件数据解析与异常分析流程,XLSX文件数据解析与异常分析流程,,XLSX文件数据解析与异常分析流程,,XLSX文件数据解析与异常分析流程,,XLSX文件数据解析与异常分析流程,,,
statistic_ds.csv,12,statistics,PDF文件数据解析与异常分析流程,执行PDF文件数据解析与异常分析流程,输入表述形态多样性,专业规范表述,2012/2/1,0,0,0,,,,,,,,,,,PID回路参数智能整定流程（含有效性检测与震荡判断）,,,,,,,PID回路参数智能整定流程（含有效性检测与震荡判断）
statistic_ds.csv,12,statistics,PDF文件数据解析与异常分析流程,PDF格式上传文件数据解析及异常检测分析,输入表述形态多样性,专业规范表述,2012/2/2,0,0,0,,,,,,,,,,,,,,,,,,
statistic_ds.csv,12,statistics,PDF文件数据解析与异常分析流程,基于PDF文件的数据异常分析报告生成,输入表述形态多样性,专业规范表述,2012/2/3,0,0,0,,,,,,,,,,,,,,,,,,
statistic_ds.csv,12,statistics,PDF文件数据解析与异常分析流程,PDF文件数据解析与异常识别综合流程,输入表述形态多样性,专业规范表述,2012/2/4,0,0,0,,,,,,,,,,,,,,,,,,
statistic_ds.csv,12,statistics,PDF文件数据解析与异常分析流程,执行PDF格式数据文件异常分析,输入表述形态多样性,专业规范表述,2012/2/5,0,0,0,,,,,,,,,,XLSX文件数据解析与异常分析流程,XLSX文件数据解析与异常分析流程,XLSX文件数据解析与异常分析流程,XLSX文件数据解析与异常分析流程,XLSX文件数据解析与异常分析流程,XLSX文件数据解析与异常分析流程,XLSX文件数据解析与异常分析流程,XLSX文件数据解析与异常分析流程,XLSX文件数据解析与异常分析流程
statistic_ds.csv,12,statistics,PDF文件数据解析与异常分析流程,pdf文件，分析异常,输入表述形态多样性,口语化简化表述,2012/3/1,9,9,0,PDF文件数据解析与异常分析流程,PDF文件数据解析与异常分析流程,PDF文件数据解析与异常分析流程,PDF文件数据解析与异常分析流程,PDF文件数据解析与异常分析流程,PDF文件数据解析与异常分析流程,PDF文件数据解析与异常分析流程,PDF文件数据解析与异常分析流程,PDF文件数据解析与异常分析流程,,,,,,,,,
statistic_ds.csv,12,statistics,PDF文件数据解析与异常分析流程,上传pdf文件，看看有什么问题,输入表述形态多样性,口语化简化表述,2012/3/2,0,0,0,,,,,,,PID回路参数智能整定流程（含有效性检测与震荡判断）,,PID回路参数智能整定流程（含有效性检测与震荡判断）,,XLSX文件数据解析与异常分析流程,,,XLSX文件数据解析与异常分析流程,,,,
statistic_ds.csv,12,statistics,PDF文件数据解析与异常分析流程,pdf数据解析，异常检测,输入表述形态多样性,口语化简化表述,2012/3/3,9,0,9,,,,,,,,,,PDF文件数据解析与异常分析流程,PDF文件数据解析与异常分析流程,PDF文件数据解析与异常分析流程,PDF文件数据解析与异常分析流程,PDF文件数据解析与异常分析流程,PDF文件数据解析与异常分析流程,PDF文件数据解析与异常分析流程,PDF文件数据解析与异常分析流程,PDF文件数据解析与异常分析流程
statistic_ds.csv,12,statistics,PDF文件数据解析与异常分析流程,分析pdf文件异常,输入表述形态多样性,口语化简化表述,2012/3/4,0,0,0,,,,,,,,,,,XLSX文件数据解析与异常分析流程,,XLSX文件数据解析与异常分析流程,,,,,XLSX文件数据解析与异常分析流程
statistic_ds.csv,12,statistics,PDF文件数据解析与异常分析流程,pdf文件，异常分析快点,输入表述形态多样性,口语化简化表述,2012/3/5,0,0,0,,,,,,,,,,XLSX文件数据解析与异常分析流程,XLSX文件数据解析与异常分析流程,XLSX文件数据解析与异常分析流程,XLSX文件数据解析与异常分析流程,XLSX文件数据解析与异常分析流程,XLSX文件数据解析与异常分析流程,XLSX文件数据解析与异常分析流程,XLSX文件数据解析与异常分析流程,XLSX文件数据解析与异常分析流程
statistic_ds.csv,12,statistics,PDF文件数据解析与异常分析流程,查询PDF文件基本信息（非异常分析）,意图边界与歧义性,相似意图区分,2012/4/1,0,0,0,,,,,,,,,,,,,,,,,,
statistic_ds.csv,12,statistics,PDF文件数据解析与异常分析流程,基于pdf上传文件，帮我分析存在什么异常（核心意图）,意图边界与歧义性,相似意图区分,2012/4/2,0,0,0,,,,,,,,,,渣油泵异常检测与故障诊断流程,,,,,,,,
statistic_ds.csv,12,statistics,PDF文件数据解析与异常分析流程,修改PDF文件数据（非异常分析）,意图边界与歧义性,相似意图区分,2012/4/3,0,0,0,,,,,,,,,,,,,,,,,,
statistic_ds.csv,12,statistics,PDF文件数据解析与异常分析流程,备份PDF文件（非异常分析）,意图边界与歧义性,相似意图区分,2012/4/4,0,0,0,,,,,,,,,,,,,,,,,,
statistic_ds.csv,12,statistics,PDF文件数据解析与异常分析流程,导出PDF文件数据（非异常分析）,意图边界与歧义性,相似意图区分,2012/4/5,0,0,0,PID回路性能评估与异常诊断流程,PID回路性能评估与异常诊断流程,PID回路性能评估与异常诊断流程,PID回路性能评估与异常诊断流程,PID回路性能评估与异常诊断流程,PID回路性能评估与异常诊断流程,PID回路性能评估与异常诊断流程,PID回路性能评估与异常诊断流程,PID回路性能评估与异常诊断流程,PID回路参数查询与基础信息维护流程,PID回路参数查询与基础信息维护流程,PID回路参数查询与基础信息维护流程,PID回路参数查询与基础信息维护流程,PID回路参数查询与基础信息维护流程,PID回路参数查询与基础信息维护流程,PID回路参数查询与基础信息维护流程,PID回路参数查询与基础信息维护流程,PID回路参数查询与基础信息维护流程
statistic_ds.csv,12,statistics,PDF文件数据解析与异常分析流程,报告文件已上传，基于pdf上传文件，帮我分析存在什么异常？,干扰因素与鲁棒性,冗余信息叠加,2012/5/1,0,0,0,XLSX文件数据解析与异常分析流程,XLSX文件数据解析与异常分析流程,XLSX文件数据解析与异常分析流程,XLSX文件数据解析与异常分析流程,XLSX文件数据解析与异常分析流程,XLSX文件数据解析与异常分析流程,XLSX文件数据解析与异常分析流程,XLSX文件数据解析与异常分析流程,XLSX文件数据解析与异常分析流程,,,,XLSX文件数据解析与异常分析流程,,,,,
statistic_ds.csv,12,statistics,PDF文件数据解析与异常分析流程,文档格式标准，基于pdf上传文件，帮我分析存在什么异常？,干扰因素与鲁棒性,冗余信息叠加,2012/5/2,0,0,0,,,,,渣油泵异常检测与故障诊断流程,渣油泵异常检测与故障诊断流程,,,,,,,,,,,,
statistic_ds.csv,12,statistics,PDF文件数据解析与异常分析流程,数据完整性良好，基于pdf上传文件，帮我分析存在什么异常？,干扰因素与鲁棒性,冗余信息叠加,2012/5/3,0,0,0,,PID回路参数智能整定流程（含有效性检测与震荡判断）,渣油泵异常检测与故障诊断流程,,PID回路参数智能整定流程（含有效性检测与震荡判断）,,PID回路参数智能整定流程（含有效性检测与震荡判断）,,PID回路参数智能整定流程（含有效性检测与震荡判断）,,换热器单体性能评估流程,,换热器单体性能评估流程,,换热器单体性能评估流程,换热器单体性能评估流程,,渣油泵异常检测与故障诊断流程
statistic_ds.csv,12,statistics,PDF文件数据解析与异常分析流程,分析需求迫切，基于pdf上传文件，帮我分析存在什么异常？,干扰因素与鲁棒性,冗余信息叠加,2012/5/4,0,0,0,,PID回路性能评估与异常诊断流程,,,,,,PID回路性能评估与异常诊断流程,,,PID回路性能评估与异常诊断流程,,,,,,,
statistic_ds.csv,12,statistics,PDF文件数据解析与异常分析流程,技术文档已准备，基于pdf上传文件，帮我分析存在什么异常？,干扰因素与鲁棒性,冗余信息叠加,2012/5/5,0,0,0,XLSX文件数据解析与异常分析流程,XLSX文件数据解析与异常分析流程,XLSX文件数据解析与异常分析流程,XLSX文件数据解析与异常分析流程,XLSX文件数据解析与异常分析流程,XLSX文件数据解析与异常分析流程,XLSX文件数据解析与异常分析流程,XLSX文件数据解析与异常分析流程,XLSX文件数据解析与异常分析流程,XLSX文件数据解析与异常分析流程,XLSX文件数据解析与异常分析流程,XLSX文件数据解析与异常分析流程,XLSX文件数据解析与异常分析流程,XLSX文件数据解析与异常分析流程,XLSX文件数据解析与异常分析流程,XLSX文件数据解析与异常分析流程,XLSX文件数据解析与异常分析流程,XLSX文件数据解析与异常分析流程
statistic_ds.csv,12,statistics,PDF文件数据解析与异常分析流程,设备检测报告分析，基于pdf上传文件，帮我分析存在什么异常？,实际工况适配性,全工况场景,2012/6/1,0,0,0,,,PID回路性能评估与异常诊断流程,,,,,,渣油泵异常检测与故障诊断流程,渣油泵异常检测与故障诊断流程,渣油泵异常检测与故障诊断流程,,,,,,,渣油泵异常检测与故障诊断流程
statistic_ds.csv,12,statistics,PDF文件数据解析与异常分析流程,故障诊断文档，基于pdf上传文件，帮我分析存在什么异常？,实际工况适配性,全工况场景,2012/6/2,0,0,0,,渣油泵异常检测与故障诊断流程,,渣油泵异常检测与故障诊断流程,渣油泵异常检测与故障诊断流程,渣油泵异常检测与故障诊断流程,渣油泵异常检测与故障诊断流程,,PID回路性能评估与异常诊断流程,渣油泵异常检测与故障诊断流程,,,,,渣油泵异常检测与故障诊断流程,渣油泵异常检测与故障诊断流程,渣油泵异常检测与故障诊断流程,渣油泵异常检测与故障诊断流程
statistic_ds.csv,12,statistics,PDF文件数据解析与异常分析流程,性能评估报告，基于pdf上传文件，帮我分析存在什么异常？,实际工况适配性,全工况场景,2012/6/3,0,0,0,,,,,,,,,,,,,,,,,,
statistic_ds.csv,12,statistics,PDF文件数据解析与异常分析流程,维护记录分析，基于pdf上传文件，帮我分析存在什么异常？,实际工况适配性,全工况场景,2012/6/4,0,0,0,,,,,PID回路性能评估与异常诊断流程,,,渣油泵异常检测与故障诊断流程,,,,,,,,XLSX文件数据解析与异常分析流程,XLSX文件数据解析与异常分析流程,
statistic_ds.csv,12,statistics,PDF文件数据解析与异常分析流程,审计文档检查，基于pdf上传文件，帮我分析存在什么异常？,实际工况适配性,全工况场景,2012/6/5,0,0,0,,,,,,,,,,,,PID回路性能评估与异常诊断流程,,,,,,
statistic_ds.csv,13,statistics,重整装置开工PID参数历史数据整定流程,重整装置要开工了，请帮我预设一下PID参数,场景与功能全覆盖,直接复用语料,2013/1/1,0,0,0,装置开车PID参数批量预设流程,装置开车PID参数批量预设流程,装置开车PID参数批量预设流程,装置开车PID参数批量预设流程,装置开车PID参数批量预设流程,装置开车PID参数批量预设流程,装置开车PID参数批量预设流程,装置开车PID参数批量预设流程,装置开车PID参数批量预设流程,装置开车PID参数批量预设流程,装置开车PID参数批量预设流程,装置开车PID参数批量预设流程,装置开车PID参数批量预设流程,装置开车PID参数批量预设流程,装置开车PID参数批量预设流程,装置开车PID参数批量预设流程,装置开车PID参数批量预设流程,装置开车PID参数批量预设流程
statistic_ds.csv,13,statistics,重整装置开工PID参数历史数据整定流程,重整装置要开工了，请帮我预设一下PID参数,场景与功能全覆盖,直接复用语料,2013/1/2,0,0,0,装置开车PID参数批量预设流程,装置开车PID参数批量预设流程,装置开车PID参数批量预设流程,装置开车PID参数批量预设流程,装置开车PID参数批量预设流程,装置开车PID参数批量预设流程,装置开车PID参数批量预设流程,装置开车PID参数批量预设流程,装置开车PID参数批量预设流程,装置开车PID参数批量预设流程,装置开车PID参数批量预设流程,装置开车PID参数批量预设流程,装置开车PID参数批量预设流程,装置开车PID参数批量预设流程,装置开车PID参数批量预设流程,装置开车PID参数批量预设流程,装置开车PID参数批量预设流程,装置开车PID参数批量预设流程
statistic_ds.csv,13,statistics,重整装置开工PID参数历史数据整定流程,重整装置要开工了，请帮我预设一下PID参数,场景与功能全覆盖,直接复用语料,2013/1/3,0,0,0,装置开车PID参数批量预设流程,装置开车PID参数批量预设流程,装置开车PID参数批量预设流程,装置开车PID参数批量预设流程,装置开车PID参数批量预设流程,装置开车PID参数批量预设流程,装置开车PID参数批量预设流程,装置开车PID参数批量预设流程,装置开车PID参数批量预设流程,装置开车PID参数批量预设流程,装置开车PID参数批量预设流程,装置开车PID参数批量预设流程,装置开车PID参数批量预设流程,装置开车PID参数批量预设流程,装置开车PID参数批量预设流程,装置开车PID参数批量预设流程,装置开车PID参数批量预设流程,装置开车PID参数批量预设流程
statistic_ds.csv,13,statistics,重整装置开工PID参数历史数据整定流程,重整装置要开工了，请帮我预设一下PID参数,场景与功能全覆盖,直接复用语料,2013/1/4,0,0,0,装置开车PID参数批量预设流程,装置开车PID参数批量预设流程,装置开车PID参数批量预设流程,装置开车PID参数批量预设流程,装置开车PID参数批量预设流程,装置开车PID参数批量预设流程,装置开车PID参数批量预设流程,装置开车PID参数批量预设流程,装置开车PID参数批量预设流程,装置开车PID参数批量预设流程,装置开车PID参数批量预设流程,装置开车PID参数批量预设流程,装置开车PID参数批量预设流程,装置开车PID参数批量预设流程,装置开车PID参数批量预设流程,装置开车PID参数批量预设流程,装置开车PID参数批量预设流程,装置开车PID参数批量预设流程
statistic_ds.csv,13,statistics,重整装置开工PID参数历史数据整定流程,重整装置要开工了，请帮我预设一下PID参数,场景与功能全覆盖,直接复用语料,2013/1/5,0,0,0,装置开车PID参数批量预设流程,装置开车PID参数批量预设流程,装置开车PID参数批量预设流程,装置开车PID参数批量预设流程,装置开车PID参数批量预设流程,装置开车PID参数批量预设流程,装置开车PID参数批量预设流程,装置开车PID参数批量预设流程,装置开车PID参数批量预设流程,装置开车PID参数批量预设流程,装置开车PID参数批量预设流程,装置开车PID参数批量预设流程,装置开车PID参数批量预设流程,装置开车PID参数批量预设流程,装置开车PID参数批量预设流程,装置开车PID参数批量预设流程,装置开车PID参数批量预设流程,装置开车PID参数批量预设流程
statistic_ds.csv,13,statistics,重整装置开工PID参数历史数据整定流程,执行重整装置开工PID参数历史数据整定流程,输入表述形态多样性,专业规范表述,2013/2/1,0,0,0,PID参数AI自整定优化流程,PID参数AI自整定优化流程,PID参数AI自整定优化流程,PID参数AI自整定优化流程,PID参数AI自整定优化流程,PID参数AI自整定优化流程,PID参数AI自整定优化流程,PID参数AI自整定优化流程,PID参数AI自整定优化流程,,,,,,,,,装置开车PID参数批量预设流程
statistic_ds.csv,13,statistics,重整装置开工PID参数历史数据整定流程,重整装置开工前PID参数基于历史数据整定,输入表述形态多样性,专业规范表述,2013/2/2,2,0,2,,,,,,,,,,,,,重整装置开工PID参数历史数据整定流程,重整装置开工PID参数历史数据整定流程,,,,
statistic_ds.csv,13,statistics,重整装置开工PID参数历史数据整定流程,重整装置开工PID参数预设，基于历史运行数据,输入表述形态多样性,专业规范表述,2013/2/3,12,9,3,重整装置开工PID参数历史数据整定流程,重整装置开工PID参数历史数据整定流程,重整装置开工PID参数历史数据整定流程,重整装置开工PID参数历史数据整定流程,重整装置开工PID参数历史数据整定流程,重整装置开工PID参数历史数据整定流程,重整装置开工PID参数历史数据整定流程,重整装置开工PID参数历史数据整定流程,重整装置开工PID参数历史数据整定流程,PID回路参数智能整定流程（含有效性检测与震荡判断）,PID回路参数智能整定流程（含有效性检测与震荡判断）,PID回路参数智能整定流程（含有效性检测与震荡判断）,PID回路参数智能整定流程（含有效性检测与震荡判断）,重整装置开工PID参数历史数据整定流程,PID回路参数智能整定流程（含有效性检测与震荡判断）,重整装置开工PID参数历史数据整定流程,PID回路参数智能整定流程（含有效性检测与震荡判断）,重整装置开工PID参数历史数据整定流程
statistic_ds.csv,13,statistics,重整装置开工PID参数历史数据整定流程,重整装置开工PID参数历史数据整定方案,输入表述形态多样性,专业规范表述,2013/2/4,0,0,0,PID回路参数智能整定流程（含有效性检测与震荡判断）,,,,,PID参数AI自整定优化流程,PID参数AI自整定优化流程,,,,,,,,,,,
statistic_ds.csv,13,statistics,重整装置开工PID参数历史数据整定流程,基于历史数据的重整装置开工PID参数整定,输入表述形态多样性,专业规范表述,2013/2/5,0,0,0,装置开车PID参数批量预设流程,装置开车PID参数批量预设流程,装置开车PID参数批量预设流程,装置开车PID参数批量预设流程,装置开车PID参数批量预设流程,装置开车PID参数批量预设流程,装置开车PID参数批量预设流程,装置开车PID参数批量预设流程,装置开车PID参数批量预设流程,装置开车PID参数批量预设流程,装置开车PID参数批量预设流程,装置开车PID参数批量预设流程,装置开车PID参数批量预设流程,装置开车PID参数批量预设流程,装置开车PID参数批量预设流程,装置开车PID参数批量预设流程,装置开车PID参数批量预设流程,装置开车PID参数批量预设流程
statistic_ds.csv,13,statistics,重整装置开工PID参数历史数据整定流程,重整装置开工，PID参数预设一下,输入表述形态多样性,口语化简化表述,2013/3/1,0,0,0,装置开车PID参数批量预设流程,装置开车PID参数批量预设流程,装置开车PID参数批量预设流程,装置开车PID参数批量预设流程,装置开车PID参数批量预设流程,装置开车PID参数批量预设流程,装置开车PID参数批量预设流程,装置开车PID参数批量预设流程,装置开车PID参数批量预设流程,装置开车PID参数批量预设流程,装置开车PID参数批量预设流程,装置开车PID参数批量预设流程,装置开车PID参数批量预设流程,装置开车PID参数批量预设流程,装置开车PID参数批量预设流程,装置开车PID参数批量预设流程,装置开车PID参数批量预设流程,装置开车PID参数批量预设流程
statistic_ds.csv,13,statistics,重整装置开工PID参数历史数据整定流程,重整装置要开了，PID参数整定,输入表述形态多样性,口语化简化表述,2013/3/2,0,0,0,装置开车PID参数批量预设流程,装置开车PID参数批量预设流程,装置开车PID参数批量预设流程,装置开车PID参数批量预设流程,装置开车PID参数批量预设流程,装置开车PID参数批量预设流程,装置开车PID参数批量预设流程,装置开车PID参数批量预设流程,装置开车PID参数批量预设流程,装置开车PID参数批量预设流程,装置开车PID参数批量预设流程,装置开车PID参数批量预设流程,装置开车PID参数批量预设流程,装置开车PID参数批量预设流程,,装置开车PID参数批量预设流程,装置开车PID参数批量预设流程,装置开车PID参数批量预设流程
statistic_ds.csv,13,statistics,重整装置开工PID参数历史数据整定流程,重整装置开工PID，历史数据整定,输入表述形态多样性,口语化简化表述,2013/3/3,0,0,0,新回路PID初始参数预设流程,新回路PID初始参数预设流程,新回路PID初始参数预设流程,新回路PID初始参数预设流程,新回路PID初始参数预设流程,新回路PID初始参数预设流程,新回路PID初始参数预设流程,新回路PID初始参数预设流程,新回路PID初始参数预设流程,新回路PID初始参数预设流程,新回路PID初始参数预设流程,新回路PID初始参数预设流程,新回路PID初始参数预设流程,新回路PID初始参数预设流程,新回路PID初始参数预设流程,新回路PID初始参数预设流程,新回路PID初始参数预设流程,新回路PID初始参数预设流程
statistic_ds.csv,13,statistics,重整装置开工PID参数历史数据整定流程,重整装置PID预设，用历史数据,输入表述形态多样性,口语化简化表述,2013/3/4,0,0,0,,,,,,,,,,,,,,,,,,
statistic_ds.csv,13,statistics,重整装置开工PID参数历史数据整定流程,重整装置开工，PID参数快点预设,输入表述形态多样性,口语化简化表述,2013/3/5,0,0,0,装置开车PID参数批量预设流程,装置开车PID参数批量预设流程,装置开车PID参数批量预设流程,装置开车PID参数批量预设流程,装置开车PID参数批量预设流程,装置开车PID参数批量预设流程,装置开车PID参数批量预设流程,装置开车PID参数批量预设流程,装置开车PID参数批量预设流程,装置开车PID参数批量预设流程,装置开车PID参数批量预设流程,装置开车PID参数批量预设流程,装置开车PID参数批量预设流程,装置开车PID参数批量预设流程,装置开车PID参数批量预设流程,装置开车PID参数批量预设流程,装置开车PID参数批量预设流程,装置开车PID参数批量预设流程
statistic_ds.csv,13,statistics,重整装置开工PID参数历史数据整定流程,查询重整装置历史PID参数（非整定）,意图边界与歧义性,相似意图区分,2013/4/1,0,0,0,PID回路参数查询与基础信息维护流程,PID回路参数查询与基础信息维护流程,PID回路参数查询与基础信息维护流程,PID回路参数查询与基础信息维护流程,PID回路参数查询与基础信息维护流程,PID回路参数查询与基础信息维护流程,PID回路参数查询与基础信息维护流程,PID回路参数查询与基础信息维护流程,PID回路参数查询与基础信息维护流程,PID回路参数查询与基础信息维护流程,PID回路参数查询与基础信息维护流程,PID回路参数查询与基础信息维护流程,PID回路参数查询与基础信息维护流程,PID回路参数查询与基础信息维护流程,PID回路参数查询与基础信息维护流程,PID回路参数查询与基础信息维护流程,PID回路参数查询与基础信息维护流程,PID回路参数查询与基础信息维护流程
statistic_ds.csv,13,statistics,重整装置开工PID参数历史数据整定流程,重整装置要开工了，请帮我预设一下PID参数（核心意图）,意图边界与歧义性,相似意图区分,2013/4/2,0,0,0,装置开车PID参数批量预设流程,装置开车PID参数批量预设流程,装置开车PID参数批量预设流程,装置开车PID参数批量预设流程,装置开车PID参数批量预设流程,装置开车PID参数批量预设流程,装置开车PID参数批量预设流程,装置开车PID参数批量预设流程,装置开车PID参数批量预设流程,装置开车PID参数批量预设流程,装置开车PID参数批量预设流程,装置开车PID参数批量预设流程,装置开车PID参数批量预设流程,装置开车PID参数批量预设流程,装置开车PID参数批量预设流程,装置开车PID参数批量预设流程,装置开车PID参数批量预设流程,装置开车PID参数批量预设流程
statistic_ds.csv,13,statistics,重整装置开工PID参数历史数据整定流程,修改重整装置PID参数（非整定）,意图边界与歧义性,相似意图区分,2013/4/3,0,0,0,,,PID参数AI自整定优化流程,PID参数AI自整定优化流程,装置开车PID参数批量预设流程,PID参数AI自整定优化流程,PID参数AI自整定优化流程,装置开车PID参数批量预设流程,装置开车PID参数批量预设流程,,,,,,,,,
statistic_ds.csv,13,statistics,重整装置开工PID参数历史数据整定流程,备份重整装置PID参数（非整定）,意图边界与歧义性,相似意图区分,2013/4/4,0,0,0,PID回路参数查询与基础信息维护流程,PID回路参数查询与基础信息维护流程,PID回路参数查询与基础信息维护流程,PID回路参数查询与基础信息维护流程,PID回路参数查询与基础信息维护流程,PID回路参数查询与基础信息维护流程,PID回路参数查询与基础信息维护流程,PID回路参数查询与基础信息维护流程,PID回路参数查询与基础信息维护流程,PID回路参数查询与基础信息维护流程,PID回路参数查询与基础信息维护流程,PID回路参数查询与基础信息维护流程,PID回路参数查询与基础信息维护流程,PID回路参数查询与基础信息维护流程,PID回路参数查询与基础信息维护流程,PID回路参数查询与基础信息维护流程,PID回路参数查询与基础信息维护流程,PID回路参数查询与基础信息维护流程
statistic_ds.csv,13,statistics,重整装置开工PID参数历史数据整定流程,优化重整装置控制方案（非PID整定）,意图边界与歧义性,相似意图区分,2013/4/5,0,0,0,APC控制方案优化与设备稳定性提升流程,APC控制方案优化与设备稳定性提升流程,APC控制方案优化与设备稳定性提升流程,APC控制方案优化与设备稳定性提升流程,APC控制方案优化与设备稳定性提升流程,APC控制方案优化与设备稳定性提升流程,APC控制方案优化与设备稳定性提升流程,APC控制方案优化与设备稳定性提升流程,APC控制方案优化与设备稳定性提升流程,APC控制方案优化与设备稳定性提升流程,APC控制方案优化与设备稳定性提升流程,APC控制方案优化与设备稳定性提升流程,APC控制方案优化与设备稳定性提升流程,APC控制方案优化与设备稳定性提升流程,APC控制方案优化与设备稳定性提升流程,APC控制方案优化与设备稳定性提升流程,APC控制方案优化与设备稳定性提升流程,APC控制方案优化与设备稳定性提升流程
statistic_ds.csv,13,statistics,重整装置开工PID参数历史数据整定流程,开工计划已确定，重整装置要开工了，请帮我预设一下PID参数,干扰因素与鲁棒性,冗余信息叠加,2013/5/1,0,0,0,装置开车PID参数批量预设流程,装置开车PID参数批量预设流程,装置开车PID参数批量预设流程,装置开车PID参数批量预设流程,装置开车PID参数批量预设流程,装置开车PID参数批量预设流程,装置开车PID参数批量预设流程,装置开车PID参数批量预设流程,装置开车PID参数批量预设流程,装置开车PID参数批量预设流程,装置开车PID参数批量预设流程,装置开车PID参数批量预设流程,装置开车PID参数批量预设流程,装置开车PID参数批量预设流程,装置开车PID参数批量预设流程,装置开车PID参数批量预设流程,装置开车PID参数批量预设流程,装置开车PID参数批量预设流程
statistic_ds.csv,13,statistics,重整装置开工PID参数历史数据整定流程,历史数据完整可用，重整装置要开工了，请帮我预设一下PID参数,干扰因素与鲁棒性,冗余信息叠加,2013/5/2,0,0,0,装置开车PID参数批量预设流程,装置开车PID参数批量预设流程,装置开车PID参数批量预设流程,装置开车PID参数批量预设流程,装置开车PID参数批量预设流程,装置开车PID参数批量预设流程,装置开车PID参数批量预设流程,装置开车PID参数批量预设流程,装置开车PID参数批量预设流程,装置开车PID参数批量预设流程,装置开车PID参数批量预设流程,装置开车PID参数批量预设流程,装置开车PID参数批量预设流程,装置开车PID参数批量预设流程,装置开车PID参数批量预设流程,装置开车PID参数批量预设流程,装置开车PID参数批量预设流程,装置开车PID参数批量预设流程
statistic_ds.csv,13,statistics,重整装置开工PID参数历史数据整定流程,操作团队已就位，重整装置要开工了，请帮我预设一下PID参数,干扰因素与鲁棒性,冗余信息叠加,2013/5/3,0,0,0,装置开车PID参数批量预设流程,装置开车PID参数批量预设流程,装置开车PID参数批量预设流程,装置开车PID参数批量预设流程,装置开车PID参数批量预设流程,装置开车PID参数批量预设流程,装置开车PID参数批量预设流程,装置开车PID参数批量预设流程,装置开车PID参数批量预设流程,装置开车PID参数批量预设流程,装置开车PID参数批量预设流程,装置开车PID参数批量预设流程,装置开车PID参数批量预设流程,装置开车PID参数批量预设流程,装置开车PID参数批量预设流程,装置开车PID参数批量预设流程,装置开车PID参数批量预设流程,装置开车PID参数批量预设流程
statistic_ds.csv,13,statistics,重整装置开工PID参数历史数据整定流程,设备状态良好，重整装置要开工了，请帮我预设一下PID参数,干扰因素与鲁棒性,冗余信息叠加,2013/5/4,0,0,0,装置开车PID参数批量预设流程,装置开车PID参数批量预设流程,装置开车PID参数批量预设流程,装置开车PID参数批量预设流程,装置开车PID参数批量预设流程,装置开车PID参数批量预设流程,装置开车PID参数批量预设流程,装置开车PID参数批量预设流程,装置开车PID参数批量预设流程,装置开车PID参数批量预设流程,装置开车PID参数批量预设流程,装置开车PID参数批量预设流程,装置开车PID参数批量预设流程,装置开车PID参数批量预设流程,装置开车PID参数批量预设流程,装置开车PID参数批量预设流程,装置开车PID参数批量预设流程,装置开车PID参数批量预设流程
statistic_ds.csv,13,statistics,重整装置开工PID参数历史数据整定流程,工艺条件稳定，重整装置要开工了，请帮我预设一下PID参数,干扰因素与鲁棒性,冗余信息叠加,2013/5/5,0,0,0,装置开车PID参数批量预设流程,装置开车PID参数批量预设流程,装置开车PID参数批量预设流程,装置开车PID参数批量预设流程,装置开车PID参数批量预设流程,装置开车PID参数批量预设流程,装置开车PID参数批量预设流程,装置开车PID参数批量预设流程,装置开车PID参数批量预设流程,装置开车PID参数批量预设流程,装置开车PID参数批量预设流程,装置开车PID参数批量预设流程,装置开车PID参数批量预设流程,装置开车PID参数批量预设流程,装置开车PID参数批量预设流程,装置开车PID参数批量预设流程,装置开车PID参数批量预设流程,装置开车PID参数批量预设流程
statistic_ds.csv,13,statistics,重整装置开工PID参数历史数据整定流程,新装置首次开工，重整装置要开工了，请帮我预设一下PID参数,实际工况适配性,全工况场景,2013/6/1,0,0,0,,,,,,,,,,装置开车PID参数批量预设流程,装置开车PID参数批量预设流程,装置开车PID参数批量预设流程,装置开车PID参数批量预设流程,装置开车PID参数批量预设流程,装置开车PID参数批量预设流程,装置开车PID参数批量预设流程,装置开车PID参数批量预设流程,装置开车PID参数批量预设流程
statistic_ds.csv,13,statistics,重整装置开工PID参数历史数据整定流程,大修后重新开工，重整装置要开工了，请帮我预设一下PID参数,实际工况适配性,全工况场景,2013/6/2,0,0,0,装置开车PID参数批量预设流程,装置开车PID参数批量预设流程,装置开车PID参数批量预设流程,装置开车PID参数批量预设流程,装置开车PID参数批量预设流程,装置开车PID参数批量预设流程,装置开车PID参数批量预设流程,装置开车PID参数批量预设流程,装置开车PID参数批量预设流程,装置开车PID参数批量预设流程,装置开车PID参数批量预设流程,装置开车PID参数批量预设流程,装置开车PID参数批量预设流程,装置开车PID参数批量预设流程,装置开车PID参数批量预设流程,装置开车PID参数批量预设流程,装置开车PID参数批量预设流程,装置开车PID参数批量预设流程
statistic_ds.csv,13,statistics,重整装置开工PID参数历史数据整定流程,紧急停车后重启，重整装置要开工了，请帮我预设一下PID参数,实际工况适配性,全工况场景,2013/6/3,0,0,0,装置开车PID参数批量预设流程,装置开车PID参数批量预设流程,装置开车PID参数批量预设流程,装置开车PID参数批量预设流程,装置开车PID参数批量预设流程,装置开车PID参数批量预设流程,装置开车PID参数批量预设流程,装置开车PID参数批量预设流程,装置开车PID参数批量预设流程,装置开车PID参数批量预设流程,装置开车PID参数批量预设流程,装置开车PID参数批量预设流程,装置开车PID参数批量预设流程,装置开车PID参数批量预设流程,装置开车PID参数批量预设流程,装置开车PID参数批量预设流程,装置开车PID参数批量预设流程,装置开车PID参数批量预设流程
statistic_ds.csv,13,statistics,重整装置开工PID参数历史数据整定流程,工艺升级后开工，重整装置要开工了，请帮我预设一下PID参数,实际工况适配性,全工况场景,2013/6/4,0,0,0,装置开车PID参数批量预设流程,装置开车PID参数批量预设流程,装置开车PID参数批量预设流程,装置开车PID参数批量预设流程,装置开车PID参数批量预设流程,装置开车PID参数批量预设流程,装置开车PID参数批量预设流程,装置开车PID参数批量预设流程,装置开车PID参数批量预设流程,装置开车PID参数批量预设流程,装置开车PID参数批量预设流程,装置开车PID参数批量预设流程,装置开车PID参数批量预设流程,装置开车PID参数批量预设流程,装置开车PID参数批量预设流程,装置开车PID参数批量预设流程,装置开车PID参数批量预设流程,装置开车PID参数批量预设流程
statistic_ds.csv,13,statistics,重整装置开工PID参数历史数据整定流程,负荷调整后开工，重整装置要开工了，请帮我预设一下PID参数,实际工况适配性,全工况场景,2013/6/5,0,0,0,装置开车PID参数批量预设流程,装置开车PID参数批量预设流程,装置开车PID参数批量预设流程,装置开车PID参数批量预设流程,装置开车PID参数批量预设流程,装置开车PID参数批量预设流程,装置开车PID参数批量预设流程,装置开车PID参数批量预设流程,装置开车PID参数批量预设流程,装置开车PID参数批量预设流程,装置开车PID参数批量预设流程,装置开车PID参数批量预设流程,装置开车PID参数批量预设流程,装置开车PID参数批量预设流程,装置开车PID参数批量预设流程,装置开车PID参数批量预设流程,装置开车PID参数批量预设流程,装置开车PID参数批量预设流程
statistic_ds.csv,14,statistics,PID回路性能评估与异常诊断流程,帮我评估有什么异常,场景与功能全覆盖,直接复用语料,2014/1/1,18,9,9,PID回路性能评估与异常诊断流程,PID回路性能评估与异常诊断流程,PID回路性能评估与异常诊断流程,PID回路性能评估与异常诊断流程,PID回路性能评估与异常诊断流程,PID回路性能评估与异常诊断流程,PID回路性能评估与异常诊断流程,PID回路性能评估与异常诊断流程,PID回路性能评估与异常诊断流程,PID回路性能评估与异常诊断流程,PID回路性能评估与异常诊断流程,PID回路性能评估与异常诊断流程,PID回路性能评估与异常诊断流程,PID回路性能评估与异常诊断流程,PID回路性能评估与异常诊断流程,PID回路性能评估与异常诊断流程,PID回路性能评估与异常诊断流程,PID回路性能评估与异常诊断流程
statistic_ds.csv,14,statistics,PID回路性能评估与异常诊断流程,帮我评估有什么异常,场景与功能全覆盖,直接复用语料,2014/1/2,18,9,9,PID回路性能评估与异常诊断流程,PID回路性能评估与异常诊断流程,PID回路性能评估与异常诊断流程,PID回路性能评估与异常诊断流程,PID回路性能评估与异常诊断流程,PID回路性能评估与异常诊断流程,PID回路性能评估与异常诊断流程,PID回路性能评估与异常诊断流程,PID回路性能评估与异常诊断流程,PID回路性能评估与异常诊断流程,PID回路性能评估与异常诊断流程,PID回路性能评估与异常诊断流程,PID回路性能评估与异常诊断流程,PID回路性能评估与异常诊断流程,PID回路性能评估与异常诊断流程,PID回路性能评估与异常诊断流程,PID回路性能评估与异常诊断流程,PID回路性能评估与异常诊断流程
statistic_ds.csv,14,statistics,PID回路性能评估与异常诊断流程,帮我评估有什么异常,场景与功能全覆盖,直接复用语料,2014/1/3,18,9,9,PID回路性能评估与异常诊断流程,PID回路性能评估与异常诊断流程,PID回路性能评估与异常诊断流程,PID回路性能评估与异常诊断流程,PID回路性能评估与异常诊断流程,PID回路性能评估与异常诊断流程,PID回路性能评估与异常诊断流程,PID回路性能评估与异常诊断流程,PID回路性能评估与异常诊断流程,PID回路性能评估与异常诊断流程,PID回路性能评估与异常诊断流程,PID回路性能评估与异常诊断流程,PID回路性能评估与异常诊断流程,PID回路性能评估与异常诊断流程,PID回路性能评估与异常诊断流程,PID回路性能评估与异常诊断流程,PID回路性能评估与异常诊断流程,PID回路性能评估与异常诊断流程
statistic_ds.csv,14,statistics,PID回路性能评估与异常诊断流程,帮我评估有什么异常,场景与功能全覆盖,直接复用语料,2014/1/4,18,9,9,PID回路性能评估与异常诊断流程,PID回路性能评估与异常诊断流程,PID回路性能评估与异常诊断流程,PID回路性能评估与异常诊断流程,PID回路性能评估与异常诊断流程,PID回路性能评估与异常诊断流程,PID回路性能评估与异常诊断流程,PID回路性能评估与异常诊断流程,PID回路性能评估与异常诊断流程,PID回路性能评估与异常诊断流程,PID回路性能评估与异常诊断流程,PID回路性能评估与异常诊断流程,PID回路性能评估与异常诊断流程,PID回路性能评估与异常诊断流程,PID回路性能评估与异常诊断流程,PID回路性能评估与异常诊断流程,PID回路性能评估与异常诊断流程,PID回路性能评估与异常诊断流程
statistic_ds.csv,14,statistics,PID回路性能评估与异常诊断流程,帮我评估有什么异常,场景与功能全覆盖,直接复用语料,2014/1/5,18,9,9,PID回路性能评估与异常诊断流程,PID回路性能评估与异常诊断流程,PID回路性能评估与异常诊断流程,PID回路性能评估与异常诊断流程,PID回路性能评估与异常诊断流程,PID回路性能评估与异常诊断流程,PID回路性能评估与异常诊断流程,PID回路性能评估与异常诊断流程,PID回路性能评估与异常诊断流程,PID回路性能评估与异常诊断流程,PID回路性能评估与异常诊断流程,PID回路性能评估与异常诊断流程,PID回路性能评估与异常诊断流程,PID回路性能评估与异常诊断流程,PID回路性能评估与异常诊断流程,PID回路性能评估与异常诊断流程,PID回路性能评估与异常诊断流程,PID回路性能评估与异常诊断流程
statistic_ds.csv,14,statistics,PID回路性能评估与异常诊断流程,执行PID回路性能评估与异常诊断流程,输入表述形态多样性,专业规范表述,2014/2/1,18,9,9,PID回路性能评估与异常诊断流程,PID回路性能评估与异常诊断流程,PID回路性能评估与异常诊断流程,PID回路性能评估与异常诊断流程,PID回路性能评估与异常诊断流程,PID回路性能评估与异常诊断流程,PID回路性能评估与异常诊断流程,PID回路性能评估与异常诊断流程,PID回路性能评估与异常诊断流程,PID回路性能评估与异常诊断流程,PID回路性能评估与异常诊断流程,PID回路性能评估与异常诊断流程,PID回路性能评估与异常诊断流程,PID回路性能评估与异常诊断流程,PID回路性能评估与异常诊断流程,PID回路性能评估与异常诊断流程,PID回路性能评估与异常诊断流程,PID回路性能评估与异常诊断流程
statistic_ds.csv,14,statistics,PID回路性能评估与异常诊断流程,PID回路性能评估及异常诊断分析,输入表述形态多样性,专业规范表述,2014/2/2,0,0,0,,,,,,,,,,,,,,,,,,
statistic_ds.csv,14,statistics,PID回路性能评估与异常诊断流程,PID回路运行性能评估与异常识别,输入表述形态多样性,专业规范表述,2014/2/3,18,9,9,PID回路性能评估与异常诊断流程,PID回路性能评估与异常诊断流程,PID回路性能评估与异常诊断流程,PID回路性能评估与异常诊断流程,PID回路性能评估与异常诊断流程,PID回路性能评估与异常诊断流程,PID回路性能评估与异常诊断流程,PID回路性能评估与异常诊断流程,PID回路性能评估与异常诊断流程,PID回路性能评估与异常诊断流程,PID回路性能评估与异常诊断流程,PID回路性能评估与异常诊断流程,PID回路性能评估与异常诊断流程,PID回路性能评估与异常诊断流程,PID回路性能评估与异常诊断流程,PID回路性能评估与异常诊断流程,PID回路性能评估与异常诊断流程,PID回路性能评估与异常诊断流程
statistic_ds.csv,14,statistics,PID回路性能评估与异常诊断流程,PID回路异常诊断及性能评估报告,输入表述形态多样性,专业规范表述,2014/2/4,18,9,9,PID回路性能评估与异常诊断流程,PID回路性能评估与异常诊断流程,PID回路性能评估与异常诊断流程,PID回路性能评估与异常诊断流程,PID回路性能评估与异常诊断流程,PID回路性能评估与异常诊断流程,PID回路性能评估与异常诊断流程,PID回路性能评估与异常诊断流程,PID回路性能评估与异常诊断流程,PID回路性能评估与异常诊断流程,PID回路性能评估与异常诊断流程,PID回路性能评估与异常诊断流程,PID回路性能评估与异常诊断流程,PID回路性能评估与异常诊断流程,PID回路性能评估与异常诊断流程,PID回路性能评估与异常诊断流程,PID回路性能评估与异常诊断流程,PID回路性能评估与异常诊断流程
statistic_ds.csv,14,statistics,PID回路性能评估与异常诊断流程,PID回路性能异常检测与诊断,输入表述形态多样性,专业规范表述,2014/2/5,0,0,0,复杂回路AI智能控制方案构建流程,PID参数AI自整定优化流程,PID参数AI自整定优化流程,复杂回路AI智能控制方案构建流程,复杂回路AI智能控制方案构建流程,,,复杂回路AI智能控制方案构建流程,,复杂回路AI智能控制方案构建流程,复杂回路AI智能控制方案构建流程,,,,,,,
statistic_ds.csv,14,statistics,PID回路性能评估与异常诊断流程,评估PID回路异常,输入表述形态多样性,口语化简化表述,2014/3/1,0,0,0,,,,,,,,,,,,,,,,,,
statistic_ds.csv,14,statistics,PID回路性能评估与异常诊断流程,PID回路性能评估，看看有什么问题,输入表述形态多样性,口语化简化表述,2014/3/2,9,0,9,PID参数AI自整定优化流程,PID参数AI自整定优化流程,PID回路参数智能整定流程（含有效性检测与震荡判断）,PID回路参数智能整定流程（含有效性检测与震荡判断）,PID参数AI自整定优化流程,PID回路参数智能整定流程（含有效性检测与震荡判断）,PID回路参数智能整定流程（含有效性检测与震荡判断）,PID回路参数智能整定流程（含有效性检测与震荡判断）,PID参数AI自整定优化流程,PID回路性能评估与异常诊断流程,PID回路性能评估与异常诊断流程,PID回路性能评估与异常诊断流程,PID回路性能评估与异常诊断流程,PID回路性能评估与异常诊断流程,PID回路性能评估与异常诊断流程,PID回路性能评估与异常诊断流程,PID回路性能评估与异常诊断流程,PID回路性能评估与异常诊断流程
statistic_ds.csv,14,statistics,PID回路性能评估与异常诊断流程,PID回路异常诊断,输入表述形态多样性,口语化简化表述,2014/3/3,10,9,1,PID回路性能评估与异常诊断流程,PID回路性能评估与异常诊断流程,PID回路性能评估与异常诊断流程,PID回路性能评估与异常诊断流程,PID回路性能评估与异常诊断流程,PID回路性能评估与异常诊断流程,PID回路性能评估与异常诊断流程,PID回路性能评估与异常诊断流程,PID回路性能评估与异常诊断流程,复杂回路AI智能控制方案构建流程,PID回路性能评估与异常诊断流程,,,,复杂回路AI智能控制方案构建流程,,复杂回路AI智能控制方案构建流程,
statistic_ds.csv,14,statistics,PID回路性能评估与异常诊断流程,评估PID回路性能,输入表述形态多样性,口语化简化表述,2014/3/4,14,9,5,PID回路性能评估与异常诊断流程,PID回路性能评估与异常诊断流程,PID回路性能评估与异常诊断流程,PID回路性能评估与异常诊断流程,PID回路性能评估与异常诊断流程,PID回路性能评估与异常诊断流程,PID回路性能评估与异常诊断流程,PID回路性能评估与异常诊断流程,PID回路性能评估与异常诊断流程,PID回路性能评估与异常诊断流程,,PID回路性能评估与异常诊断流程,,PID回路性能评估与异常诊断流程,PID回路性能评估与异常诊断流程,,,PID回路性能评估与异常诊断流程
statistic_ds.csv,14,statistics,PID回路性能评估与异常诊断流程,PID回路异常，帮我看看,输入表述形态多样性,口语化简化表述,2014/3/5,0,0,0,,,,,,,,,,,,,,,,,,
statistic_ds.csv,14,statistics,PID回路性能评估与异常诊断流程,查询PID回路参数（非性能评估）,意图边界与歧义性,相似意图区分,2014/4/1,0,0,0,PID回路参数查询与基础信息维护流程,PID回路参数查询与基础信息维护流程,PID回路参数查询与基础信息维护流程,PID回路参数查询与基础信息维护流程,PID回路参数查询与基础信息维护流程,PID回路参数查询与基础信息维护流程,PID回路参数查询与基础信息维护流程,PID回路参数查询与基础信息维护流程,PID回路参数查询与基础信息维护流程,PID回路参数查询与基础信息维护流程,PID回路参数查询与基础信息维护流程,PID回路参数查询与基础信息维护流程,PID回路参数查询与基础信息维护流程,PID回路参数查询与基础信息维护流程,PID回路参数查询与基础信息维护流程,PID回路参数查询与基础信息维护流程,PID回路参数查询与基础信息维护流程,PID回路参数查询与基础信息维护流程
statistic_ds.csv,14,statistics,PID回路性能评估与异常诊断流程,帮我评估有什么异常（核心意图）,意图边界与歧义性,相似意图区分,2014/4/2,18,9,9,PID回路性能评估与异常诊断流程,PID回路性能评估与异常诊断流程,PID回路性能评估与异常诊断流程,PID回路性能评估与异常诊断流程,PID回路性能评估与异常诊断流程,PID回路性能评估与异常诊断流程,PID回路性能评估与异常诊断流程,PID回路性能评估与异常诊断流程,PID回路性能评估与异常诊断流程,PID回路性能评估与异常诊断流程,PID回路性能评估与异常诊断流程,PID回路性能评估与异常诊断流程,PID回路性能评估与异常诊断流程,PID回路性能评估与异常诊断流程,PID回路性能评估与异常诊断流程,PID回路性能评估与异常诊断流程,PID回路性能评估与异常诊断流程,PID回路性能评估与异常诊断流程
statistic_ds.csv,14,statistics,PID回路性能评估与异常诊断流程,优化PID回路参数（非性能评估）,意图边界与歧义性,相似意图区分,2014/4/3,0,0,0,PID回路参数智能整定流程（含有效性检测与震荡判断）,PID回路参数智能整定流程（含有效性检测与震荡判断）,PID回路参数智能整定流程（含有效性检测与震荡判断）,PID回路参数智能整定流程（含有效性检测与震荡判断）,PID回路参数智能整定流程（含有效性检测与震荡判断）,PID回路参数智能整定流程（含有效性检测与震荡判断）,PID回路参数智能整定流程（含有效性检测与震荡判断）,PID回路参数智能整定流程（含有效性检测与震荡判断）,PID回路参数智能整定流程（含有效性检测与震荡判断）,PID回路参数智能整定流程（含有效性检测与震荡判断）,PID回路参数智能整定流程（含有效性检测与震荡判断）,PID回路参数智能整定流程（含有效性检测与震荡判断）,PID回路参数智能整定流程（含有效性检测与震荡判断）,PID回路参数智能整定流程（含有效性检测与震荡判断）,PID回路参数智能整定流程（含有效性检测与震荡判断）,PID回路参数智能整定流程（含有效性检测与震荡判断）,PID回路参数智能整定流程（含有效性检测与震荡判断）,PID回路参数智能整定流程（含有效性检测与震荡判断）
statistic_ds.csv,14,statistics,PID回路性能评估与异常诊断流程,维护PID回路设备（非性能评估）,意图边界与歧义性,相似意图区分,2014/4/4,0,0,0,PID回路参数查询与基础信息维护流程,PID回路参数查询与基础信息维护流程,PID回路参数查询与基础信息维护流程,PID回路参数查询与基础信息维护流程,PID回路参数查询与基础信息维护流程,PID回路参数查询与基础信息维护流程,PID回路参数查询与基础信息维护流程,PID回路参数查询与基础信息维护流程,PID回路参数查询与基础信息维护流程,PID回路参数查询与基础信息维护流程,PID回路参数查询与基础信息维护流程,PID回路参数查询与基础信息维护流程,PID回路参数查询与基础信息维护流程,PID回路参数查询与基础信息维护流程,PID回路参数查询与基础信息维护流程,PID回路参数查询与基础信息维护流程,PID回路参数查询与基础信息维护流程,PID回路参数查询与基础信息维护流程
statistic_ds.csv,14,statistics,PID回路性能评估与异常诊断流程,校准PID回路仪表（非性能评估）,意图边界与歧义性,相似意图区分,2014/4/5,0,0,0,,,,,,,,,,,,,,,,,,
statistic_ds.csv,14,statistics,PID回路性能评估与异常诊断流程,运行数据表明性能下降，帮我评估有什么异常,干扰因素与鲁棒性,冗余信息叠加,2014/5/1,18,9,9,PID回路性能评估与异常诊断流程,PID回路性能评估与异常诊断流程,PID回路性能评估与异常诊断流程,PID回路性能评估与异常诊断流程,PID回路性能评估与异常诊断流程,PID回路性能评估与异常诊断流程,PID回路性能评估与异常诊断流程,PID回路性能评估与异常诊断流程,PID回路性能评估与异常诊断流程,PID回路性能评估与异常诊断流程,PID回路性能评估与异常诊断流程,PID回路性能评估与异常诊断流程,PID回路性能评估与异常诊断流程,PID回路性能评估与异常诊断流程,PID回路性能评估与异常诊断流程,PID回路性能评估与异常诊断流程,PID回路性能评估与异常诊断流程,PID回路性能评估与异常诊断流程
statistic_ds.csv,14,statistics,PID回路性能评估与异常诊断流程,控制效果不稳定，帮我评估有什么异常,干扰因素与鲁棒性,冗余信息叠加,2014/5/2,14,9,5,PID回路性能评估与异常诊断流程,PID回路性能评估与异常诊断流程,PID回路性能评估与异常诊断流程,PID回路性能评估与异常诊断流程,PID回路性能评估与异常诊断流程,PID回路性能评估与异常诊断流程,PID回路性能评估与异常诊断流程,PID回路性能评估与异常诊断流程,PID回路性能评估与异常诊断流程,,,PID回路性能评估与异常诊断流程,PID回路性能评估与异常诊断流程,,PID回路性能评估与异常诊断流程,PID回路性能评估与异常诊断流程,,PID回路性能评估与异常诊断流程
statistic_ds.csv,14,statistics,PID回路性能评估与异常诊断流程,操作员反映问题，帮我评估有什么异常,干扰因素与鲁棒性,冗余信息叠加,2014/5/3,9,9,0,PID回路性能评估与异常诊断流程,PID回路性能评估与异常诊断流程,PID回路性能评估与异常诊断流程,PID回路性能评估与异常诊断流程,PID回路性能评估与异常诊断流程,PID回路性能评估与异常诊断流程,PID回路性能评估与异常诊断流程,PID回路性能评估与异常诊断流程,PID回路性能评估与异常诊断流程,,,,,,,,,
statistic_ds.csv,14,statistics,PID回路性能评估与异常诊断流程,同类回路对比差异，帮我评估有什么异常,干扰因素与鲁棒性,冗余信息叠加,2014/5/4,1,1,0,,,,,,,,PID回路性能评估与异常诊断流程,,,,,,,,,,
statistic_ds.csv,14,statistics,PID回路性能评估与异常诊断流程,定期性能监测需求，帮我评估有什么异常,干扰因素与鲁棒性,冗余信息叠加,2014/5/5,9,9,0,PID回路性能评估与异常诊断流程,PID回路性能评估与异常诊断流程,PID回路性能评估与异常诊断流程,PID回路性能评估与异常诊断流程,PID回路性能评估与异常诊断流程,PID回路性能评估与异常诊断流程,PID回路性能评估与异常诊断流程,PID回路性能评估与异常诊断流程,PID回路性能评估与异常诊断流程,,,,,,,,,
statistic_ds.csv,14,statistics,PID回路性能评估与异常诊断流程,新回路投运评估，帮我评估有什么异常,实际工况适配性,全工况场景,2014/6/1,18,9,9,PID回路性能评估与异常诊断流程,PID回路性能评估与异常诊断流程,PID回路性能评估与异常诊断流程,PID回路性能评估与异常诊断流程,PID回路性能评估与异常诊断流程,PID回路性能评估与异常诊断流程,PID回路性能评估与异常诊断流程,PID回路性能评估与异常诊断流程,PID回路性能评估与异常诊断流程,PID回路性能评估与异常诊断流程,PID回路性能评估与异常诊断流程,PID回路性能评估与异常诊断流程,PID回路性能评估与异常诊断流程,PID回路性能评估与异常诊断流程,PID回路性能评估与异常诊断流程,PID回路性能评估与异常诊断流程,PID回路性能评估与异常诊断流程,PID回路性能评估与异常诊断流程
statistic_ds.csv,14,statistics,PID回路性能评估与异常诊断流程,长期运行性能跟踪，帮我评估有什么异常,实际工况适配性,全工况场景,2014/6/2,16,9,7,PID回路性能评估与异常诊断流程,PID回路性能评估与异常诊断流程,PID回路性能评估与异常诊断流程,PID回路性能评估与异常诊断流程,PID回路性能评估与异常诊断流程,PID回路性能评估与异常诊断流程,PID回路性能评估与异常诊断流程,PID回路性能评估与异常诊断流程,PID回路性能评估与异常诊断流程,PID回路性能评估与异常诊断流程,PID回路性能评估与异常诊断流程,PID回路性能评估与异常诊断流程,PID回路性能评估与异常诊断流程,PID回路性能评估与异常诊断流程,PID回路性能评估与异常诊断流程,,PID回路性能评估与异常诊断流程,
statistic_ds.csv,14,statistics,PID回路性能评估与异常诊断流程,故障排查期，帮我评估有什么异常,实际工况适配性,全工况场景,2014/6/3,0,0,0,PID回路参数智能整定流程（含有效性检测与震荡判断）,换热网络与换热器综合性能评估流程,PID回路参数智能整定流程（含有效性检测与震荡判断）,PID回路参数智能整定流程（含有效性检测与震荡判断）,,渣油泵异常检测与故障诊断流程,,PID回路参数智能整定流程（含有效性检测与震荡判断）,PID回路参数智能整定流程（含有效性检测与震荡判断）,H2S浓度异常检测与超限风险预测流程,H2S浓度异常检测与超限风险预测流程,H2S浓度异常检测与超限风险预测流程,H2S浓度异常检测与超限风险预测流程,H2S浓度异常检测与超限风险预测流程,H2S浓度异常检测与超限风险预测流程,H2S浓度异常检测与超限风险预测流程,H2S浓度异常检测与超限风险预测流程,H2S浓度异常检测与超限风险预测流程
statistic_ds.csv,14,statistics,PID回路性能评估与异常诊断流程,维护后性能确认，帮我评估有什么异常,实际工况适配性,全工况场景,2014/6/4,18,9,9,PID回路性能评估与异常诊断流程,PID回路性能评估与异常诊断流程,PID回路性能评估与异常诊断流程,PID回路性能评估与异常诊断流程,PID回路性能评估与异常诊断流程,PID回路性能评估与异常诊断流程,PID回路性能评估与异常诊断流程,PID回路性能评估与异常诊断流程,PID回路性能评估与异常诊断流程,PID回路性能评估与异常诊断流程,PID回路性能评估与异常诊断流程,PID回路性能评估与异常诊断流程,PID回路性能评估与异常诊断流程,PID回路性能评估与异常诊断流程,PID回路性能评估与异常诊断流程,PID回路性能评估与异常诊断流程,PID回路性能评估与异常诊断流程,PID回路性能评估与异常诊断流程
statistic_ds.csv,14,statistics,PID回路性能评估与异常诊断流程,工艺条件变化后，帮我评估有什么异常,实际工况适配性,全工况场景,2014/6/5,0,0,0,,,,,,,,,,换热网络与换热器综合性能评估流程,换热网络与换热器综合性能评估流程,换热网络与换热器综合性能评估流程,换热网络与换热器综合性能评估流程,换热网络与换热器综合性能评估流程,换热网络与换热器综合性能评估流程,换热网络与换热器综合性能评估流程,换热网络与换热器综合性能评估流程,换热网络与换热器综合性能评估流程
